[
    {
        "label": "table",
        "ocr_text": "table",
        "score": 1,
        "xmin": 141,
        "xmax": 2181,
        "ymin": 303,
        "ymax": 1457,
        "type": "table",
        "cells": [
            {
                "id": "378446e3-386e-43a4-b508-a5c3af94a26c",
                "row": 1,
                "col": 1,
                "row_span": 1,
                "col_span": 1,
                "label": "",
                "xmin": 142,
                "ymin": 306,
                "xmax": 270,
                "ymax": 457,
                "score": 0.69384766,
                "text": "क्रम\nसंख्या",
                "row_label": "",
                "verification_status": "correctly_predicted",
                "status": "",
                "failed_validation": "",
                "label_id": ""
            },
            {
                "id": "8446101d-0bce-4bcb-999d-bf988385d515",
                "row": 1,
                "col": 2,
                "row_span": 1,
                "col_span": 1,
                "label": "",
                "xmin": 269,
                "ymin": 306,
                "xmax": 460,
                "ymax": 457,
                "score": 0.75927734,
                "text": "ग्राम पंचायत\nका कोड",
                "row_label": "",
                "verification_status": "correctly_predicted",
                "status": "",
                "failed_validation": "",
                "label_id": ""
            },
            {
                "id": "d1c4b9ea-f5c4-4b26-8b38-c66fc2de15af",
                "row": 1,
                "col": 3,
                "row_span": 1,
                "col_span": 1,
                "label": "",
                "xmin": 460,
                "ymin": 305,
                "xmax": 745,
                "ymax": 457,
                "score": 0.79345703,
                "text": "ग्राम पंचायत\nका नाम",
                "row_label": "",
                "verification_status": "correctly_predicted",
                "status": "",
                "failed_validation": "",
                "label_id": ""
            },
            {
                "id": "753abcaf-7078-451f-a123-8f7416358302",
                "row": 1,
                "col": 4,
                "row_span": 1,
                "col_span": 1,
                "label": "",
                "xmin": 745,
                "ymin": 305,
                "xmax": 1137,
                "ymax": 456,
                "score": 0.8227539,
                "text": "पद की आरक्षण श्रेणी",
                "row_label": "",
                "verification_status": "correctly_predicted",
                "status": "",
                "failed_validation": "",
                "label_id": ""
            },
            {
                "id": "03fe535e-05db-4e57-91b0-126b114f9e04",
                "row": 1,
                "col": 5,
                "row_span": 1,
                "col_span": 1,
                "label": "",
                "xmin": 1137,
                "ymin": 304,
                "xmax": 1505,
                "ymax": 456,
                "score": 0.81933594,
                "text": "विजयी उम्मीदवार\nका नाम",
                "row_label": "",
                "verification_status": "correctly_predicted",
                "status": "",
                "failed_validation": "",
                "label_id": ""
            },
            {
                "id": "f0298b48-5b84-4ed7-b95e-214b0e9ec619",
                "row": 1,
                "col": 6,
                "row_span": 1,
                "col_span": 1,
                "label": "",
                "xmin": 1505,
                "ymin": 304,
                "xmax": 1691,
                "ymax": 455,
                "score": 0.5102539,
                "text": "लिंग",
                "row_label": "",
                "verification_status": "correctly_predicted",
                "status": "",
                "failed_validation": "",
                "label_id": ""
            },
            {
                "id": "c2a49e3a-4afc-428e-ab44-5f937850c5dc",
                "row": 1,
                "col": 7,
                "row_span": 1,
                "col_span": 1,
                "label": "",
                "xmin": 1691,
                "ymin": 303,
                "xmax": 2181,
                "ymax": 455,
                "score": 0.79052734,
                "text": "उम्मीदवार की\nआरक्षण श्रेणी",
                "row_label": "",
                "verification_status": "correctly_predicted",
                "status": "",
                "failed_validation": "",
                "label_id": ""
            },
            {
                "id": "d510e429-21a8-4e44-933f-db50a1ec80b3",
                "row": 2,
                "col": 1,
                "row_span": 1,
                "col_span": 1,
                "label": "",
                "xmin": 142,
                "ymin": 457,
                "xmax": 269,
                "ymax": 528,
                "score": 0.75683594,
                "text": "866",
                "row_label": "",
                "verification_status": "correctly_predicted",
                "status": "",
                "failed_validation": "",
                "label_id": ""
            },
            {
                "id": "4dd1c518-3aad-4271-ae1f-1841062c5a3e",
                "row": 2,
                "col": 2,
                "row_span": 1,
                "col_span": 1,
                "label": "",
                "xmin": 269,
                "ymin": 457,
                "xmax": 460,
                "ymax": 528,
                "score": 0.8276367,
                "text": "33",
                "row_label": "",
                "verification_status": "correctly_predicted",
                "status": "",
                "failed_validation": "",
                "label_id": ""
            },
            {
                "id": "bfe2eb48-d1a3-41b5-ba06-3ef56d861f7c",
                "row": 2,
                "col": 3,
                "row_span": 1,
                "col_span": 1,
                "label": "",
                "xmin": 460,
                "ymin": 456,
                "xmax": 745,
                "ymax": 528,
                "score": 0.8647461,
                "text": "दलपतपुर मुक्तेसरा",
                "row_label": "",
                "verification_status": "correctly_predicted",
                "status": "",
                "failed_validation": "",
                "label_id": ""
            },
            {
                "id": "ca24a902-0ce4-4c27-a432-ddf9386ef107",
                "row": 2,
                "col": 4,
                "row_span": 1,
                "col_span": 1,
                "label": "",
                "xmin": 745,
                "ymin": 456,
                "xmax": 1137,
                "ymax": 528,
                "score": 0.89697266,
                "text": "अनुसूचित जाति - महिला",
                "row_label": "",
                "verification_status": "correctly_predicted",
                "status": "",
                "failed_validation": "",
                "label_id": ""
            },
            {
                "id": "08b67ba5-30e3-4036-ad6d-2bb7e6444922",
                "row": 2,
                "col": 5,
                "row_span": 1,
                "col_span": 1,
                "label": "",
                "xmin": 1137,
                "ymin": 455,
                "xmax": 1505,
                "ymax": 527,
                "score": 0.8930664,
                "text": "कुन्ता देवी",
                "row_label": "",
                "verification_status": "correctly_predicted",
                "status": "",
                "failed_validation": "",
                "label_id": ""
            },
            {
                "id": "b4fc4c08-aa5c-46a1-a972-2ffdedf87014",
                "row": 2,
                "col": 6,
                "row_span": 1,
                "col_span": 1,
                "label": "",
                "xmin": 1505,
                "ymin": 455,
                "xmax": 1691,
                "ymax": 527,
                "score": 0.55615234,
                "text": "महिला",
                "row_label": "",
                "verification_status": "correctly_predicted",
                "status": "",
                "failed_validation": "",
                "label_id": ""
            },
            {
                "id": "c880f6ac-f2ba-430c-b70f-99bfaf6defd1",
                "row": 2,
                "col": 7,
                "row_span": 1,
                "col_span": 1,
                "label": "",
                "xmin": 1691,
                "ymin": 454,
                "xmax": 2181,
                "ymax": 526,
                "score": 0.8618164,
                "text": "अनुसूचित जाति महिला -",
                "row_label": "",
                "verification_status": "correctly_predicted",
                "status": "",
                "failed_validation": "",
                "label_id": ""
            },
            {
                "id": "20c23196-8cdf-4c09-ae50-2241335a56f4",
                "row": 3,
                "col": 1,
                "row_span": 1,
                "col_span": 1,
                "label": "",
                "xmin": 142,
                "ymin": 528,
                "xmax": 269,
                "ymax": 600,
                "score": 0.7392578,
                "text": "867",
                "row_label": "",
                "verification_status": "correctly_predicted",
                "status": "",
                "failed_validation": "",
                "label_id": ""
            },
            {
                "id": "e6fa0f66-491e-4889-abcf-d0dc1a42e182",
                "row": 3,
                "col": 2,
                "row_span": 1,
                "col_span": 1,
                "label": "",
                "xmin": 269,
                "ymin": 528,
                "xmax": 460,
                "ymax": 600,
                "score": 0.80859375,
                "text": "34",
                "row_label": "",
                "verification_status": "correctly_predicted",
                "status": "",
                "failed_validation": "",
                "label_id": ""
            },
            {
                "id": "efd5788a-8a67-4da7-bfa5-9073be8e854a",
                "row": 3,
                "col": 3,
                "row_span": 1,
                "col_span": 1,
                "label": "",
                "xmin": 460,
                "ymin": 528,
                "xmax": 745,
                "ymax": 599,
                "score": 0.84472656,
                "text": "बहादुरपुर महेशपुर",
                "row_label": "",
                "verification_status": "correctly_predicted",
                "status": "",
                "failed_validation": "",
                "label_id": ""
            },
            {
                "id": "fa9133f3-05c2-49a9-9cbc-db29bbc13bd4",
                "row": 3,
                "col": 4,
                "row_span": 1,
                "col_span": 1,
                "label": "",
                "xmin": 745,
                "ymin": 527,
                "xmax": 1137,
                "ymax": 599,
                "score": 0.87597656,
                "text": "पिछड़ी जाति - महिला",
                "row_label": "",
                "verification_status": "correctly_predicted",
                "status": "",
                "failed_validation": "",
                "label_id": ""
            },
            {
                "id": "57388ec7-e8e5-4d9f-9612-d7e9b81feee7",
                "row": 3,
                "col": 5,
                "row_span": 1,
                "col_span": 1,
                "label": "",
                "xmin": 1137,
                "ymin": 527,
                "xmax": 1505,
                "ymax": 598,
                "score": 0.8725586,
                "text": "वीरवती",
                "row_label": "",
                "verification_status": "correctly_predicted",
                "status": "",
                "failed_validation": "",
                "label_id": ""
            },
            {
                "id": "f485083a-0aa0-45f2-b92a-d8f72d717e91",
                "row": 3,
                "col": 6,
                "row_span": 1,
                "col_span": 1,
                "label": "",
                "xmin": 1504,
                "ymin": 526,
                "xmax": 1691,
                "ymax": 598,
                "score": 0.54345703,
                "text": "महिला",
                "row_label": "",
                "verification_status": "correctly_predicted",
                "status": "",
                "failed_validation": "",
                "label_id": ""
            },
            {
                "id": "4e8bb08f-5469-4025-97e7-51e74410f542",
                "row": 3,
                "col": 7,
                "row_span": 1,
                "col_span": 1,
                "label": "",
                "xmin": 1691,
                "ymin": 526,
                "xmax": 2181,
                "ymax": 598,
                "score": 0.8417969,
                "text": "पिछड़ी जाति - महिला",
                "row_label": "",
                "verification_status": "correctly_predicted",
                "status": "",
                "failed_validation": "",
                "label_id": ""
            },
            {
                "id": "e941a0c0-ef33-4734-ac93-6c8df33c57f3",
                "row": 4,
                "col": 1,
                "row_span": 1,
                "col_span": 1,
                "label": "",
                "xmin": 142,
                "ymin": 600,
                "xmax": 269,
                "ymax": 671,
                "score": 0.7373047,
                "text": "868",
                "row_label": "",
                "verification_status": "correctly_predicted",
                "status": "",
                "failed_validation": "",
                "label_id": ""
            },
            {
                "id": "a274c5c5-3c96-4cc7-9538-4102ffd576b1",
                "row": 4,
                "col": 2,
                "row_span": 1,
                "col_span": 1,
                "label": "",
                "xmin": 269,
                "ymin": 599,
                "xmax": 460,
                "ymax": 671,
                "score": 0.8066406,
                "text": "35",
                "row_label": "",
                "verification_status": "correctly_predicted",
                "status": "",
                "failed_validation": "",
                "label_id": ""
            },
            {
                "id": "0eea218a-8bbc-44a4-a03c-52b0bdd0b1fa",
                "row": 4,
                "col": 3,
                "row_span": 1,
                "col_span": 1,
                "label": "",
                "xmin": 460,
                "ymin": 599,
                "xmax": 745,
                "ymax": 671,
                "score": 0.84277344,
                "text": "बीहरा",
                "row_label": "",
                "verification_status": "correctly_predicted",
                "status": "",
                "failed_validation": "",
                "label_id": ""
            },
            {
                "id": "99c4e068-ec92-4848-b867-b690c83a4bb3",
                "row": 4,
                "col": 4,
                "row_span": 1,
                "col_span": 1,
                "label": "",
                "xmin": 745,
                "ymin": 598,
                "xmax": 1137,
                "ymax": 670,
                "score": 0.87402344,
                "text": "अनारक्षित",
                "row_label": "",
                "verification_status": "correctly_predicted",
                "status": "",
                "failed_validation": "",
                "label_id": ""
            },
            {
                "id": "8d556917-a23e-4709-90c8-7eaa91c1d3db",
                "row": 4,
                "col": 5,
                "row_span": 1,
                "col_span": 1,
                "label": "",
                "xmin": 1137,
                "ymin": 598,
                "xmax": 1504,
                "ymax": 670,
                "score": 0.87060547,
                "text": "राजकुमार",
                "row_label": "",
                "verification_status": "correctly_predicted",
                "status": "",
                "failed_validation": "",
                "label_id": ""
            },
            {
                "id": "45f817d3-fae3-425a-9492-1b83fe73f02e",
                "row": 4,
                "col": 6,
                "row_span": 1,
                "col_span": 1,
                "label": "",
                "xmin": 1504,
                "ymin": 598,
                "xmax": 1691,
                "ymax": 669,
                "score": 0.5419922,
                "text": "पुरुष",
                "row_label": "",
                "verification_status": "correctly_predicted",
                "status": "",
                "failed_validation": "",
                "label_id": ""
            },
            {
                "id": "9dfd5b9f-2ffa-457e-bb70-b7743efaaa07",
                "row": 4,
                "col": 7,
                "row_span": 1,
                "col_span": 1,
                "label": "",
                "xmin": 1691,
                "ymin": 597,
                "xmax": 2181,
                "ymax": 669,
                "score": 0.83984375,
                "text": "अनारक्षित",
                "row_label": "",
                "verification_status": "correctly_predicted",
                "status": "",
                "failed_validation": "",
                "label_id": ""
            },
            {
                "id": "f3c52b5a-5c47-46aa-83b9-7a5064d94a0f",
                "row": 5,
                "col": 1,
                "row_span": 1,
                "col_span": 1,
                "label": "",
                "xmin": 142,
                "ymin": 671,
                "xmax": 269,
                "ymax": 743,
                "score": 0.74902344,
                "text": "869",
                "row_label": "",
                "verification_status": "correctly_predicted",
                "status": "",
                "failed_validation": "",
                "label_id": ""
            },
            {
                "id": "9adbc8a8-34b6-40a5-b41c-c6ef9ac98ec5",
                "row": 5,
                "col": 2,
                "row_span": 1,
                "col_span": 1,
                "label": "",
                "xmin": 269,
                "ymin": 671,
                "xmax": 460,
                "ymax": 742,
                "score": 0.81933594,
                "text": "36",
                "row_label": "",
                "verification_status": "correctly_predicted",
                "status": "",
                "failed_validation": "",
                "label_id": ""
            },
            {
                "id": "c2bdbe01-e9ec-49c2-b97f-d4643e4ded47",
                "row": 5,
                "col": 3,
                "row_span": 1,
                "col_span": 1,
                "label": "",
                "xmin": 460,
                "ymin": 670,
                "xmax": 745,
                "ymax": 742,
                "score": 0.85595703,
                "text": "खेड़ी",
                "row_label": "",
                "verification_status": "correctly_predicted",
                "status": "",
                "failed_validation": "",
                "label_id": ""
            },
            {
                "id": "d9963319-4b41-46c8-9075-4e21f3d7ab30",
                "row": 5,
                "col": 4,
                "row_span": 1,
                "col_span": 1,
                "label": "",
                "xmin": 744,
                "ymin": 670,
                "xmax": 1137,
                "ymax": 742,
                "score": 0.8876953,
                "text": "पिछड़ी जाति - महिला",
                "row_label": "",
                "verification_status": "correctly_predicted",
                "status": "",
                "failed_validation": "",
                "label_id": ""
            },
            {
                "id": "aa2cc3e8-b08b-4d03-abf7-ce6f8ad684c8",
                "row": 5,
                "col": 5,
                "row_span": 1,
                "col_span": 1,
                "label": "",
                "xmin": 1137,
                "ymin": 669,
                "xmax": 1504,
                "ymax": 741,
                "score": 0.88427734,
                "text": "मिथलेश",
                "row_label": "",
                "verification_status": "correctly_predicted",
                "status": "",
                "failed_validation": "",
                "label_id": ""
            },
            {
                "id": "5e51cf9d-3d94-4540-b3c3-28c42bdefec4",
                "row": 5,
                "col": 6,
                "row_span": 1,
                "col_span": 1,
                "label": "",
                "xmin": 1504,
                "ymin": 669,
                "xmax": 1691,
                "ymax": 741,
                "score": 0.55078125,
                "text": "महिला",
                "row_label": "",
                "verification_status": "correctly_predicted",
                "status": "",
                "failed_validation": "",
                "label_id": ""
            },
            {
                "id": "273ae481-2ab0-40e8-8c7c-8ed814b010f4",
                "row": 5,
                "col": 7,
                "row_span": 1,
                "col_span": 1,
                "label": "",
                "xmin": 1690,
                "ymin": 669,
                "xmax": 2181,
                "ymax": 741,
                "score": 0.85302734,
                "text": "पिछड़ी जाति - महिला",
                "row_label": "",
                "verification_status": "correctly_predicted",
                "status": "",
                "failed_validation": "",
                "label_id": ""
            },
            {
                "id": "a9b25f08-7e21-40b3-86e4-c56f598cc176",
                "row": 6,
                "col": 1,
                "row_span": 1,
                "col_span": 1,
                "label": "",
                "xmin": 141,
                "ymin": 742,
                "xmax": 269,
                "ymax": 815,
                "score": 0.73046875,
                "text": "870",
                "row_label": "",
                "verification_status": "correctly_predicted",
                "status": "",
                "failed_validation": "",
                "label_id": ""
            },
            {
                "id": "b8abb291-db47-4b28-aa50-e3318632fb31",
                "row": 6,
                "col": 2,
                "row_span": 1,
                "col_span": 1,
                "label": "",
                "xmin": 269,
                "ymin": 742,
                "xmax": 460,
                "ymax": 815,
                "score": 0.7988281,
                "text": "37",
                "row_label": "",
                "verification_status": "correctly_predicted",
                "status": "",
                "failed_validation": "",
                "label_id": ""
            },
            {
                "id": "e1508f35-bb06-47bc-a29c-f7c5e5e0eeda",
                "row": 6,
                "col": 3,
                "row_span": 1,
                "col_span": 1,
                "label": "",
                "xmin": 460,
                "ymin": 742,
                "xmax": 744,
                "ymax": 815,
                "score": 0.83447266,
                "text": "विसुन्धरा",
                "row_label": "",
                "verification_status": "correctly_predicted",
                "status": "",
                "failed_validation": "",
                "label_id": ""
            },
            {
                "id": "12b71730-9781-486f-8710-8c464846e211",
                "row": 6,
                "col": 4,
                "row_span": 1,
                "col_span": 1,
                "label": "",
                "xmin": 744,
                "ymin": 741,
                "xmax": 1137,
                "ymax": 814,
                "score": 0.86572266,
                "text": "अनारक्षित",
                "row_label": "",
                "verification_status": "correctly_predicted",
                "status": "",
                "failed_validation": "",
                "label_id": ""
            },
            {
                "id": "6315ffb2-a7ec-43a0-9d42-860cc469f516",
                "row": 6,
                "col": 5,
                "row_span": 1,
                "col_span": 1,
                "label": "",
                "xmin": 1137,
                "ymin": 741,
                "xmax": 1504,
                "ymax": 814,
                "score": 0.8623047,
                "text": "शशि देवी",
                "row_label": "",
                "verification_status": "correctly_predicted",
                "status": "",
                "failed_validation": "",
                "label_id": ""
            },
            {
                "id": "229a6012-ed39-49af-8652-355bae8b7b16",
                "row": 6,
                "col": 6,
                "row_span": 1,
                "col_span": 1,
                "label": "",
                "xmin": 1504,
                "ymin": 741,
                "xmax": 1690,
                "ymax": 813,
                "score": 0.5366211,
                "text": "महिला",
                "row_label": "",
                "verification_status": "correctly_predicted",
                "status": "",
                "failed_validation": "",
                "label_id": ""
            },
            {
                "id": "a2a16d45-572f-4170-b0b9-8e5c69358f00",
                "row": 6,
                "col": 7,
                "row_span": 1,
                "col_span": 1,
                "label": "",
                "xmin": 1690,
                "ymin": 740,
                "xmax": 2181,
                "ymax": 813,
                "score": 0.83154297,
                "text": "महिला",
                "row_label": "",
                "verification_status": "correctly_predicted",
                "status": "",
                "failed_validation": "",
                "label_id": ""
            },
            {
                "id": "45cebcb7-812d-4d85-b3c5-e5393e5a0ae0",
                "row": 7,
                "col": 1,
                "row_span": 1,
                "col_span": 1,
                "label": "",
                "xmin": 141,
                "ymin": 815,
                "xmax": 269,
                "ymax": 890,
                "score": 0.74902344,
                "text": "871",
                "row_label": "",
                "verification_status": "correctly_predicted",
                "status": "",
                "failed_validation": "",
                "label_id": ""
            },
            {
                "id": "8c42eaef-5785-400b-84dc-9543246aeec4",
                "row": 7,
                "col": 2,
                "row_span": 1,
                "col_span": 1,
                "label": "",
                "xmin": 269,
                "ymin": 815,
                "xmax": 460,
                "ymax": 890,
                "score": 0.81933594,
                "text": "38",
                "row_label": "",
                "verification_status": "correctly_predicted",
                "status": "",
                "failed_validation": "",
                "label_id": ""
            },
            {
                "id": "3aef0be1-306f-4db4-bade-a97ad6ffd433",
                "row": 7,
                "col": 3,
                "row_span": 1,
                "col_span": 1,
                "label": "",
                "xmin": 460,
                "ymin": 814,
                "xmax": 744,
                "ymax": 890,
                "score": 0.85595703,
                "text": "पवसरा",
                "row_label": "",
                "verification_status": "correctly_predicted",
                "status": "",
                "failed_validation": "",
                "label_id": ""
            },
            {
                "id": "4051208e-ae05-4a5b-9108-0388cda93b85",
                "row": 7,
                "col": 4,
                "row_span": 1,
                "col_span": 1,
                "label": "",
                "xmin": 744,
                "ymin": 814,
                "xmax": 1137,
                "ymax": 889,
                "score": 0.8876953,
                "text": "अनुसूचित जाति",
                "row_label": "",
                "verification_status": "correctly_predicted",
                "status": "",
                "failed_validation": "",
                "label_id": ""
            },
            {
                "id": "8c4fb004-29cc-4ffe-881e-9a6c9e103658",
                "row": 7,
                "col": 5,
                "row_span": 1,
                "col_span": 1,
                "label": "",
                "xmin": 1137,
                "ymin": 813,
                "xmax": 1504,
                "ymax": 889,
                "score": 0.88427734,
                "text": "ओमपाल",
                "row_label": "",
                "verification_status": "correctly_predicted",
                "status": "",
                "failed_validation": "",
                "label_id": ""
            },
            {
                "id": "65789136-8647-4109-b550-2ac9a566de62",
                "row": 7,
                "col": 6,
                "row_span": 1,
                "col_span": 1,
                "label": "",
                "xmin": 1504,
                "ymin": 813,
                "xmax": 1690,
                "ymax": 888,
                "score": 0.55078125,
                "text": "पुरुष",
                "row_label": "",
                "verification_status": "correctly_predicted",
                "status": "",
                "failed_validation": "",
                "label_id": ""
            },
            {
                "id": "9df52a0c-b588-444d-be5c-ccb799e457b4",
                "row": 7,
                "col": 7,
                "row_span": 1,
                "col_span": 1,
                "label": "",
                "xmin": 1690,
                "ymin": 813,
                "xmax": 2181,
                "ymax": 888,
                "score": 0.85302734,
                "text": "अनुसूचित जाति",
                "row_label": "",
                "verification_status": "correctly_predicted",
                "status": "",
                "failed_validation": "",
                "label_id": ""
            },
            {
                "id": "506f5356-6707-4bc9-b9e3-4414f1ec840c",
                "row": 8,
                "col": 1,
                "row_span": 1,
                "col_span": 1,
                "label": "",
                "xmin": 141,
                "ymin": 890,
                "xmax": 269,
                "ymax": 963,
                "score": 0.7495117,
                "text": "872",
                "row_label": "",
                "verification_status": "correctly_predicted",
                "status": "",
                "failed_validation": "",
                "label_id": ""
            },
            {
                "id": "0c375118-759a-4e00-9f58-a07155732408",
                "row": 8,
                "col": 2,
                "row_span": 1,
                "col_span": 1,
                "label": "",
                "xmin": 269,
                "ymin": 890,
                "xmax": 460,
                "ymax": 962,
                "score": 0.8198242,
                "text": "39",
                "row_label": "",
                "verification_status": "correctly_predicted",
                "status": "",
                "failed_validation": "",
                "label_id": ""
            },
            {
                "id": "3a274b57-5178-4a39-8726-b1366fdbd977",
                "row": 8,
                "col": 3,
                "row_span": 1,
                "col_span": 1,
                "label": "",
                "xmin": 460,
                "ymin": 889,
                "xmax": 744,
                "ymax": 962,
                "score": 0.8564453,
                "text": "औलीना",
                "row_label": "",
                "verification_status": "correctly_predicted",
                "status": "",
                "failed_validation": "",
                "label_id": ""
            },
            {
                "id": "224d6166-b346-4133-9a36-09fc8fed0364",
                "row": 8,
                "col": 4,
                "row_span": 1,
                "col_span": 1,
                "label": "",
                "xmin": 744,
                "ymin": 889,
                "xmax": 1137,
                "ymax": 962,
                "score": 0.8881836,
                "text": "अनुसूचित जाति",
                "row_label": "",
                "verification_status": "correctly_predicted",
                "status": "",
                "failed_validation": "",
                "label_id": ""
            },
            {
                "id": "4a9be8cf-46ec-4f45-a447-37d20898a9cb",
                "row": 8,
                "col": 5,
                "row_span": 1,
                "col_span": 1,
                "label": "",
                "xmin": 1136,
                "ymin": 888,
                "xmax": 1504,
                "ymax": 961,
                "score": 0.8847656,
                "text": "मोहन",
                "row_label": "",
                "verification_status": "correctly_predicted",
                "status": "",
                "failed_validation": "",
                "label_id": ""
            },
            {
                "id": "4a5ee0c4-0d9d-4fbd-87f1-42e1ad37ed66",
                "row": 8,
                "col": 6,
                "row_span": 1,
                "col_span": 1,
                "label": "",
                "xmin": 1504,
                "ymin": 888,
                "xmax": 1690,
                "ymax": 961,
                "score": 0.55078125,
                "text": "पुरुष",
                "row_label": "",
                "verification_status": "correctly_predicted",
                "status": "",
                "failed_validation": "",
                "label_id": ""
            },
            {
                "id": "cf8d5e46-c181-41fd-8d2e-5170e47ccbb0",
                "row": 8,
                "col": 7,
                "row_span": 1,
                "col_span": 1,
                "label": "",
                "xmin": 1690,
                "ymin": 887,
                "xmax": 2181,
                "ymax": 961,
                "score": 0.8535156,
                "text": "अनुसूचित जाति",
                "row_label": "",
                "verification_status": "correctly_predicted",
                "status": "",
                "failed_validation": "",
                "label_id": ""
            },
            {
                "id": "0927ddb8-c76d-4d1b-847a-0d081d86e11d",
                "row": 9,
                "col": 1,
                "row_span": 1,
                "col_span": 1,
                "label": "",
                "xmin": 141,
                "ymin": 962,
                "xmax": 269,
                "ymax": 1033,
                "score": 0.7470703,
                "text": "873",
                "row_label": "",
                "verification_status": "correctly_predicted",
                "status": "",
                "failed_validation": "",
                "label_id": ""
            },
            {
                "id": "7d4d26b5-d88b-436e-9f48-b1704d06aff0",
                "row": 9,
                "col": 2,
                "row_span": 1,
                "col_span": 1,
                "label": "",
                "xmin": 269,
                "ymin": 962,
                "xmax": 460,
                "ymax": 1033,
                "score": 0.8173828,
                "text": "40",
                "row_label": "",
                "verification_status": "correctly_predicted",
                "status": "",
                "failed_validation": "",
                "label_id": ""
            },
            {
                "id": "ab97ded2-4f4b-4eed-917c-78f32a0e7f7d",
                "row": 9,
                "col": 3,
                "row_span": 1,
                "col_span": 1,
                "label": "",
                "xmin": 460,
                "ymin": 962,
                "xmax": 744,
                "ymax": 1032,
                "score": 0.8540039,
                "text": "मथैना जगतपुर",
                "row_label": "",
                "verification_status": "correctly_predicted",
                "status": "",
                "failed_validation": "",
                "label_id": ""
            },
            {
                "id": "c4978647-7fc4-4da7-90f9-73f3167446e2",
                "row": 9,
                "col": 4,
                "row_span": 1,
                "col_span": 1,
                "label": "",
                "xmin": 744,
                "ymin": 961,
                "xmax": 1136,
                "ymax": 1032,
                "score": 0.8857422,
                "text": "अनुसूचित जाति",
                "row_label": "",
                "verification_status": "correctly_predicted",
                "status": "",
                "failed_validation": "",
                "label_id": ""
            },
            {
                "id": "7ccfd8de-715d-4898-b3ae-7b5c603727ac",
                "row": 9,
                "col": 5,
                "row_span": 1,
                "col_span": 1,
                "label": "",
                "xmin": 1136,
                "ymin": 961,
                "xmax": 1504,
                "ymax": 1032,
                "score": 0.88183594,
                "text": "बाबूलाल",
                "row_label": "",
                "verification_status": "correctly_predicted",
                "status": "",
                "failed_validation": "",
                "label_id": ""
            },
            {
                "id": "1efe5591-6bcd-41e2-9fc8-354d0eb409dd",
                "row": 9,
                "col": 6,
                "row_span": 1,
                "col_span": 1,
                "label": "",
                "xmin": 1504,
                "ymin": 961,
                "xmax": 1690,
                "ymax": 1031,
                "score": 0.5493164,
                "text": "पुरुष",
                "row_label": "",
                "verification_status": "correctly_predicted",
                "status": "",
                "failed_validation": "",
                "label_id": ""
            },
            {
                "id": "84772780-55a6-45fa-bb1c-16472435e1c4",
                "row": 9,
                "col": 7,
                "row_span": 1,
                "col_span": 1,
                "label": "",
                "xmin": 1690,
                "ymin": 960,
                "xmax": 2181,
                "ymax": 1031,
                "score": 0.85058594,
                "text": "अनुसूचित जाति",
                "row_label": "",
                "verification_status": "correctly_predicted",
                "status": "",
                "failed_validation": "",
                "label_id": ""
            },
            {
                "id": "15fd2bb4-8809-44db-bc66-8fe47ac29111",
                "row": 10,
                "col": 1,
                "row_span": 1,
                "col_span": 1,
                "label": "",
                "xmin": 141,
                "ymin": 1033,
                "xmax": 269,
                "ymax": 1103,
                "score": 0.7348633,
                "text": "874",
                "row_label": "",
                "verification_status": "correctly_predicted",
                "status": "",
                "failed_validation": "",
                "label_id": ""
            },
            {
                "id": "90c5e7bf-e690-4bd3-9c0c-59551e490312",
                "row": 10,
                "col": 2,
                "row_span": 1,
                "col_span": 1,
                "label": "",
                "xmin": 269,
                "ymin": 1032,
                "xmax": 460,
                "ymax": 1103,
                "score": 0.8041992,
                "text": "41",
                "row_label": "",
                "verification_status": "correctly_predicted",
                "status": "",
                "failed_validation": "",
                "label_id": ""
            },
            {
                "id": "0c2873e5-3317-405e-a485-6680429227d1",
                "row": 10,
                "col": 3,
                "row_span": 1,
                "col_span": 1,
                "label": "",
                "xmin": 460,
                "ymin": 1032,
                "xmax": 744,
                "ymax": 1103,
                "score": 0.84033203,
                "text": "भडौली",
                "row_label": "",
                "verification_status": "correctly_predicted",
                "status": "",
                "failed_validation": "",
                "label_id": ""
            },
            {
                "id": "1c887f68-7e8c-4212-9c6b-e7eea8c887f9",
                "row": 10,
                "col": 4,
                "row_span": 1,
                "col_span": 1,
                "label": "",
                "xmin": 744,
                "ymin": 1032,
                "xmax": 1136,
                "ymax": 1102,
                "score": 0.87158203,
                "text": "अनारक्षित",
                "row_label": "",
                "verification_status": "correctly_predicted",
                "status": "",
                "failed_validation": "",
                "label_id": ""
            },
            {
                "id": "f1c17996-f671-4a49-8ca4-af366f945835",
                "row": 10,
                "col": 5,
                "row_span": 1,
                "col_span": 1,
                "label": "",
                "xmin": 1136,
                "ymin": 1031,
                "xmax": 1504,
                "ymax": 1102,
                "score": 0.8676758,
                "text": "हरेन्द्र",
                "row_label": "",
                "verification_status": "correctly_predicted",
                "status": "",
                "failed_validation": "",
                "label_id": ""
            },
            {
                "id": "6adf84d0-674c-4622-9538-2bed5d6fd85f",
                "row": 10,
                "col": 6,
                "row_span": 1,
                "col_span": 1,
                "label": "",
                "xmin": 1504,
                "ymin": 1031,
                "xmax": 1690,
                "ymax": 1101,
                "score": 0.54052734,
                "text": "पुरुष",
                "row_label": "",
                "verification_status": "correctly_predicted",
                "status": "",
                "failed_validation": "",
                "label_id": ""
            },
            {
                "id": "2d730086-9114-4f6d-aba0-07d058edd911",
                "row": 10,
                "col": 7,
                "row_span": 1,
                "col_span": 1,
                "label": "",
                "xmin": 1690,
                "ymin": 1030,
                "xmax": 2181,
                "ymax": 1101,
                "score": 0.83691406,
                "text": "पिछड़ी जाति",
                "row_label": "",
                "verification_status": "correctly_predicted",
                "status": "",
                "failed_validation": "",
                "label_id": ""
            },
            {
                "id": "11835b2e-d371-4394-9476-8221ad124b75",
                "row": 11,
                "col": 1,
                "row_span": 1,
                "col_span": 1,
                "label": "",
                "xmin": 141,
                "ymin": 1103,
                "xmax": 269,
                "ymax": 1178,
                "score": 0.75683594,
                "text": "875",
                "row_label": "",
                "verification_status": "correctly_predicted",
                "status": "",
                "failed_validation": "",
                "label_id": ""
            },
            {
                "id": "a50c9637-ab87-42b3-bb7b-831ba7f7e57f",
                "row": 11,
                "col": 2,
                "row_span": 1,
                "col_span": 1,
                "label": "",
                "xmin": 269,
                "ymin": 1103,
                "xmax": 460,
                "ymax": 1178,
                "score": 0.8276367,
                "text": "42",
                "row_label": "",
                "verification_status": "correctly_predicted",
                "status": "",
                "failed_validation": "",
                "label_id": ""
            },
            {
                "id": "43d56526-4f4b-4122-a0e2-6f85b52706a6",
                "row": 11,
                "col": 3,
                "row_span": 1,
                "col_span": 1,
                "label": "",
                "xmin": 460,
                "ymin": 1102,
                "xmax": 744,
                "ymax": 1178,
                "score": 0.8647461,
                "text": "शरीफपुर भैंसरोली",
                "row_label": "",
                "verification_status": "correctly_predicted",
                "status": "",
                "failed_validation": "",
                "label_id": ""
            },
            {
                "id": "c2fb2436-1784-4464-95f2-1ca2fa7c7f32",
                "row": 11,
                "col": 4,
                "row_span": 1,
                "col_span": 1,
                "label": "",
                "xmin": 744,
                "ymin": 1102,
                "xmax": 1136,
                "ymax": 1177,
                "score": 0.89697266,
                "text": "अनुसूचित जाति - महिला",
                "row_label": "",
                "verification_status": "correctly_predicted",
                "status": "",
                "failed_validation": "",
                "label_id": ""
            },
            {
                "id": "376067a4-8bf3-4f2f-8fe0-356055988de5",
                "row": 11,
                "col": 5,
                "row_span": 1,
                "col_span": 1,
                "label": "",
                "xmin": 1136,
                "ymin": 1101,
                "xmax": 1504,
                "ymax": 1177,
                "score": 0.8930664,
                "text": "चमेली देवी",
                "row_label": "",
                "verification_status": "correctly_predicted",
                "status": "",
                "failed_validation": "",
                "label_id": ""
            },
            {
                "id": "205f5073-45e1-4316-9f12-be80dd7a8749",
                "row": 11,
                "col": 6,
                "row_span": 1,
                "col_span": 1,
                "label": "",
                "xmin": 1504,
                "ymin": 1101,
                "xmax": 1690,
                "ymax": 1176,
                "score": 0.55615234,
                "text": "महिला",
                "row_label": "",
                "verification_status": "correctly_predicted",
                "status": "",
                "failed_validation": "",
                "label_id": ""
            },
            {
                "id": "0fbc144f-3db3-48ea-9ee2-6a4416befbb2",
                "row": 11,
                "col": 7,
                "row_span": 1,
                "col_span": 1,
                "label": "",
                "xmin": 1690,
                "ymin": 1101,
                "xmax": 2181,
                "ymax": 1176,
                "score": 0.8618164,
                "text": "अनुसूचित जाति - महिला",
                "row_label": "",
                "verification_status": "correctly_predicted",
                "status": "",
                "failed_validation": "",
                "label_id": ""
            },
            {
                "id": "ffa0eead-ec79-41b6-ac20-928aa716ef88",
                "row": 12,
                "col": 1,
                "row_span": 1,
                "col_span": 1,
                "label": "",
                "xmin": 141,
                "ymin": 1178,
                "xmax": 269,
                "ymax": 1248,
                "score": 0.7373047,
                "text": "876",
                "row_label": "",
                "verification_status": "correctly_predicted",
                "status": "",
                "failed_validation": "",
                "label_id": ""
            },
            {
                "id": "212d563d-dc4c-49fa-b593-72eecb5ee698",
                "row": 12,
                "col": 2,
                "row_span": 1,
                "col_span": 1,
                "label": "",
                "xmin": 269,
                "ymin": 1178,
                "xmax": 460,
                "ymax": 1248,
                "score": 0.80615234,
                "text": "43",
                "row_label": "",
                "verification_status": "correctly_predicted",
                "status": "",
                "failed_validation": "",
                "label_id": ""
            },
            {
                "id": "a464148b-4d57-4b39-a4d9-35c7accea041",
                "row": 12,
                "col": 3,
                "row_span": 1,
                "col_span": 1,
                "label": "",
                "xmin": 459,
                "ymin": 1177,
                "xmax": 744,
                "ymax": 1248,
                "score": 0.84228516,
                "text": "अन्हैड़ा",
                "row_label": "",
                "verification_status": "correctly_predicted",
                "status": "",
                "failed_validation": "",
                "label_id": ""
            },
            {
                "id": "c5e61f5d-6e2f-4d37-8b35-c1a161c7af4a",
                "row": 12,
                "col": 4,
                "row_span": 1,
                "col_span": 1,
                "label": "",
                "xmin": 744,
                "ymin": 1177,
                "xmax": 1136,
                "ymax": 1247,
                "score": 0.87353516,
                "text": "पिछड़ी जाति",
                "row_label": "",
                "verification_status": "correctly_predicted",
                "status": "",
                "failed_validation": "",
                "label_id": ""
            },
            {
                "id": "b5536ad5-244e-44c8-bca8-db754a9701cf",
                "row": 12,
                "col": 5,
                "row_span": 1,
                "col_span": 1,
                "label": "",
                "xmin": 1136,
                "ymin": 1176,
                "xmax": 1504,
                "ymax": 1247,
                "score": 0.8701172,
                "text": "सत्यवीर सिंह",
                "row_label": "",
                "verification_status": "correctly_predicted",
                "status": "",
                "failed_validation": "",
                "label_id": ""
            },
            {
                "id": "66e75b80-8706-4eac-b41c-b303627d6355",
                "row": 12,
                "col": 6,
                "row_span": 1,
                "col_span": 1,
                "label": "",
                "xmin": 1504,
                "ymin": 1176,
                "xmax": 1690,
                "ymax": 1247,
                "score": 0.5419922,
                "text": "पुरुष",
                "row_label": "",
                "verification_status": "correctly_predicted",
                "status": "",
                "failed_validation": "",
                "label_id": ""
            },
            {
                "id": "9476b855-e8be-4f39-a24c-8cd8f3367252",
                "row": 12,
                "col": 7,
                "row_span": 1,
                "col_span": 1,
                "label": "",
                "xmin": 1690,
                "ymin": 1175,
                "xmax": 2181,
                "ymax": 1246,
                "score": 0.83935547,
                "text": "पिछड़ी जाति",
                "row_label": "",
                "verification_status": "correctly_predicted",
                "status": "",
                "failed_validation": "",
                "label_id": ""
            },
            {
                "id": "6f28f1a9-7c5e-4b54-bae9-aa5fc794b06a",
                "row": 13,
                "col": 1,
                "row_span": 1,
                "col_span": 1,
                "label": "",
                "xmin": 141,
                "ymin": 1248,
                "xmax": 269,
                "ymax": 1321,
                "score": 0.75146484,
                "text": "877",
                "row_label": "",
                "verification_status": "correctly_predicted",
                "status": "",
                "failed_validation": "",
                "label_id": ""
            },
            {
                "id": "79ef82cc-853d-4b6a-8a90-6387c8e104d3",
                "row": 13,
                "col": 2,
                "row_span": 1,
                "col_span": 1,
                "label": "",
                "xmin": 269,
                "ymin": 1248,
                "xmax": 459,
                "ymax": 1321,
                "score": 0.82177734,
                "text": "44",
                "row_label": "",
                "verification_status": "correctly_predicted",
                "status": "",
                "failed_validation": "",
                "label_id": ""
            },
            {
                "id": "c6a38f4d-92d9-4c2f-b6a3-6a13e48abb35",
                "row": 13,
                "col": 3,
                "row_span": 1,
                "col_span": 1,
                "label": "",
                "xmin": 459,
                "ymin": 1247,
                "xmax": 744,
                "ymax": 1320,
                "score": 0.8588867,
                "text": "कड़कौड़ा",
                "row_label": "",
                "verification_status": "correctly_predicted",
                "status": "",
                "failed_validation": "",
                "label_id": ""
            },
            {
                "id": "3650e30d-c7d0-4c32-970d-ec415a4c00d5",
                "row": 13,
                "col": 4,
                "row_span": 1,
                "col_span": 1,
                "label": "",
                "xmin": 744,
                "ymin": 1247,
                "xmax": 1136,
                "ymax": 1320,
                "score": 0.890625,
                "text": "पिछड़ी जाति",
                "row_label": "",
                "verification_status": "correctly_predicted",
                "status": "",
                "failed_validation": "",
                "label_id": ""
            },
            {
                "id": "cca9a1cb-d335-45dc-b1c0-129035f99514",
                "row": 13,
                "col": 5,
                "row_span": 1,
                "col_span": 1,
                "label": "",
                "xmin": 1136,
                "ymin": 1247,
                "xmax": 1504,
                "ymax": 1320,
                "score": 0.88720703,
                "text": "राजेन्द्र सिंह",
                "row_label": "",
                "verification_status": "correctly_predicted",
                "status": "",
                "failed_validation": "",
                "label_id": ""
            },
            {
                "id": "a6f6b615-6b29-4be8-90b6-31519a02a9e8",
                "row": 13,
                "col": 6,
                "row_span": 1,
                "col_span": 1,
                "label": "",
                "xmin": 1504,
                "ymin": 1246,
                "xmax": 1690,
                "ymax": 1319,
                "score": 0.5522461,
                "text": "पुरुष",
                "row_label": "",
                "verification_status": "correctly_predicted",
                "status": "",
                "failed_validation": "",
                "label_id": ""
            },
            {
                "id": "2fb68d0b-8ab1-474b-b781-222490e9d3c1",
                "row": 13,
                "col": 7,
                "row_span": 1,
                "col_span": 1,
                "label": "",
                "xmin": 1690,
                "ymin": 1246,
                "xmax": 2180,
                "ymax": 1319,
                "score": 0.85546875,
                "text": "पिछड़ी जाति",
                "row_label": "",
                "verification_status": "correctly_predicted",
                "status": "",
                "failed_validation": "",
                "label_id": ""
            },
            {
                "id": "bb3ac1df-6554-401b-a9e3-ef130cfd380e",
                "row": 14,
                "col": 1,
                "row_span": 1,
                "col_span": 1,
                "label": "",
                "xmin": 141,
                "ymin": 1321,
                "xmax": 269,
                "ymax": 1392,
                "score": 0.72558594,
                "text": "878",
                "row_label": "",
                "verification_status": "correctly_predicted",
                "status": "",
                "failed_validation": "",
                "label_id": ""
            },
            {
                "id": "a691282b-70e5-423d-8dbf-00c37b9f747c",
                "row": 14,
                "col": 2,
                "row_span": 1,
                "col_span": 1,
                "label": "",
                "xmin": 269,
                "ymin": 1320,
                "xmax": 459,
                "ymax": 1392,
                "score": 0.79345703,
                "text": "45",
                "row_label": "",
                "verification_status": "correctly_predicted",
                "status": "",
                "failed_validation": "",
                "label_id": ""
            },
            {
                "id": "ef49412e-e3cd-46b6-8c6a-97f44bce90be",
                "row": 14,
                "col": 3,
                "row_span": 1,
                "col_span": 1,
                "label": "",
                "xmin": 459,
                "ymin": 1320,
                "xmax": 744,
                "ymax": 1392,
                "score": 0.82910156,
                "text": "लोहलारा",
                "row_label": "",
                "verification_status": "correctly_predicted",
                "status": "",
                "failed_validation": "",
                "label_id": ""
            },
            {
                "id": "84823d69-68af-4566-9aec-8dea05dd609c",
                "row": 14,
                "col": 4,
                "row_span": 1,
                "col_span": 1,
                "label": "",
                "xmin": 744,
                "ymin": 1320,
                "xmax": 1136,
                "ymax": 1391,
                "score": 0.8598633,
                "text": "पिछड़ी जाति - महिला",
                "row_label": "",
                "verification_status": "correctly_predicted",
                "status": "",
                "failed_validation": "",
                "label_id": ""
            },
            {
                "id": "c6117455-ab3a-4570-a9af-e2585f2b2f6c",
                "row": 14,
                "col": 5,
                "row_span": 1,
                "col_span": 1,
                "label": "",
                "xmin": 1136,
                "ymin": 1319,
                "xmax": 1504,
                "ymax": 1391,
                "score": 0.8564453,
                "text": "विमला देवी",
                "row_label": "",
                "verification_status": "correctly_predicted",
                "status": "",
                "failed_validation": "",
                "label_id": ""
            },
            {
                "id": "d92bfe1a-e019-47c8-956c-69ce27a38118",
                "row": 14,
                "col": 6,
                "row_span": 1,
                "col_span": 1,
                "label": "",
                "xmin": 1504,
                "ymin": 1319,
                "xmax": 1690,
                "ymax": 1391,
                "score": 0.5332031,
                "text": "महिला",
                "row_label": "",
                "verification_status": "correctly_predicted",
                "status": "",
                "failed_validation": "",
                "label_id": ""
            },
            {
                "id": "8eb781e0-dd71-4f9d-bc71-d8a155fbd822",
                "row": 14,
                "col": 7,
                "row_span": 1,
                "col_span": 1,
                "label": "",
                "xmin": 1690,
                "ymin": 1318,
                "xmax": 2180,
                "ymax": 1390,
                "score": 0.8261719,
                "text": "पिछड़ी जाति महिला",
                "row_label": "",
                "verification_status": "correctly_predicted",
                "status": "",
                "failed_validation": "",
                "label_id": ""
            },
            {
                "id": "397274d6-9f78-4f3a-a03b-352e48bc073f",
                "row": 15,
                "col": 1,
                "row_span": 1,
                "col_span": 1,
                "label": "",
                "xmin": 141,
                "ymin": 1392,
                "xmax": 269,
                "ymax": 1457,
                "score": 0.75878906,
                "text": "879",
                "row_label": "",
                "verification_status": "correctly_predicted",
                "status": "",
                "failed_validation": "",
                "label_id": ""
            },
            {
                "id": "c6802a58-81cf-4a83-9a5b-6ba67784feca",
                "row": 15,
                "col": 2,
                "row_span": 1,
                "col_span": 1,
                "label": "",
                "xmin": 268,
                "ymin": 1392,
                "xmax": 459,
                "ymax": 1457,
                "score": 0.8300781,
                "text": "46",
                "row_label": "",
                "verification_status": "correctly_predicted",
                "status": "",
                "failed_validation": "",
                "label_id": ""
            },
            {
                "id": "8a46eb2d-48e7-4654-8964-6cf4acf4267d",
                "row": 15,
                "col": 3,
                "row_span": 1,
                "col_span": 1,
                "label": "",
                "xmin": 459,
                "ymin": 1391,
                "xmax": 744,
                "ymax": 1457,
                "score": 0.8671875,
                "text": "निमचाना",
                "row_label": "",
                "verification_status": "correctly_predicted",
                "status": "",
                "failed_validation": "",
                "label_id": ""
            },
            {
                "id": "10818a13-7501-4a0d-920a-ed77caaac5d2",
                "row": 15,
                "col": 4,
                "row_span": 1,
                "col_span": 1,
                "label": "",
                "xmin": 744,
                "ymin": 1391,
                "xmax": 1136,
                "ymax": 1457,
                "score": 0.89941406,
                "text": "महिला",
                "row_label": "",
                "verification_status": "correctly_predicted",
                "status": "",
                "failed_validation": "",
                "label_id": ""
            },
            {
                "id": "1230caf8-db12-4173-bf60-f7bcbd470752",
                "row": 15,
                "col": 5,
                "row_span": 1,
                "col_span": 1,
                "label": "",
                "xmin": 1136,
                "ymin": 1391,
                "xmax": 1504,
                "ymax": 1456,
                "score": 0.8955078,
                "text": "विमला देवी",
                "row_label": "",
                "verification_status": "correctly_predicted",
                "status": "",
                "failed_validation": "",
                "label_id": ""
            },
            {
                "id": "8b67f6f5-0108-40f9-938e-aec8d5ae56bf",
                "row": 15,
                "col": 6,
                "row_span": 1,
                "col_span": 1,
                "label": "",
                "xmin": 1504,
                "ymin": 1390,
                "xmax": 1690,
                "ymax": 1456,
                "score": 0.5576172,
                "text": "महिला",
                "row_label": "",
                "verification_status": "correctly_predicted",
                "status": "",
                "failed_validation": "",
                "label_id": ""
            },
            {
                "id": "f9aca7bb-1c60-4b87-8691-7cb69f4bfca3",
                "row": 15,
                "col": 7,
                "row_span": 1,
                "col_span": 1,
                "label": "",
                "xmin": 1690,
                "ymin": 1390,
                "xmax": 2180,
                "ymax": 1455,
                "score": 0.86376953,
                "text": "पिछड़ी जाति - महिला",
                "row_label": "",
                "verification_status": "correctly_predicted",
                "status": "",
                "failed_validation": "",
                "label_id": ""
            }
        ]
    }
]