[
    {
        "label": "table",
        "ocr_text": "table",
        "score": 1,
        "xmin": 141,
        "xmax": 2177,
        "ymin": 303,
        "ymax": 883,
        "type": "table",
        "cells": [
            {
                "id": "2af0ee91-f72a-4849-ae94-f1f247ffab8d",
                "row": 1,
                "col": 1,
                "row_span": 1,
                "col_span": 1,
                "label": "",
                "xmin": 141,
                "ymin": 305,
                "xmax": 270,
                "ymax": 456,
                "score": 0.47607422,
                "text": "क्रम\nसंख्या",
                "row_label": "",
                "verification_status": "correctly_predicted",
                "status": "",
                "failed_validation": "",
                "label_id": ""
            },
            {
                "id": "97224ce8-3073-41c2-8694-e21a223389b3",
                "row": 1,
                "col": 2,
                "row_span": 1,
                "col_span": 1,
                "label": "",
                "xmin": 270,
                "ymin": 305,
                "xmax": 461,
                "ymax": 456,
                "score": 0.50439453,
                "text": "ग्राम पंचायत\nका कोड",
                "row_label": "",
                "verification_status": "correctly_predicted",
                "status": "",
                "failed_validation": "",
                "label_id": ""
            },
            {
                "id": "6561578c-1c5f-47a0-9582-9e95e55dd54f",
                "row": 1,
                "col": 3,
                "row_span": 1,
                "col_span": 1,
                "label": "",
                "xmin": 461,
                "ymin": 304,
                "xmax": 760,
                "ymax": 455,
                "score": 0.5209961,
                "text": "ग्राम पंचायत\nका नाम",
                "row_label": "",
                "verification_status": "correctly_predicted",
                "status": "",
                "failed_validation": "",
                "label_id": ""
            },
            {
                "id": "ce2b7a39-22f9-4d89-ae47-c40c37a41753",
                "row": 1,
                "col": 4,
                "row_span": 1,
                "col_span": 1,
                "label": "",
                "xmin": 759,
                "ymin": 304,
                "xmax": 1119,
                "ymax": 455,
                "score": 0.5332031,
                "text": "पद की आरक्षण श्रेणी",
                "row_label": "",
                "verification_status": "correctly_predicted",
                "status": "",
                "failed_validation": "",
                "label_id": ""
            },
            {
                "id": "4fa8352f-fcae-4bcb-ba38-9b576c535cb5",
                "row": 1,
                "col": 5,
                "row_span": 1,
                "col_span": 1,
                "label": "",
                "xmin": 1119,
                "ymin": 304,
                "xmax": 1503,
                "ymax": 455,
                "score": 0.5439453,
                "text": "विजयी उम्मीदवार\nका नाम",
                "row_label": "",
                "verification_status": "correctly_predicted",
                "status": "",
                "failed_validation": "",
                "label_id": ""
            },
            {
                "id": "e56e3f5f-d0bd-4e6c-bd56-7cd7b534ae56",
                "row": 1,
                "col": 6,
                "row_span": 1,
                "col_span": 1,
                "label": "",
                "xmin": 1503,
                "ymin": 304,
                "xmax": 1687,
                "ymax": 455,
                "score": 0.31054688,
                "text": "लिंग",
                "row_label": "",
                "verification_status": "correctly_predicted",
                "status": "",
                "failed_validation": "",
                "label_id": ""
            },
            {
                "id": "cec577d8-9763-409d-a4c3-3a653609e95b",
                "row": 1,
                "col": 7,
                "row_span": 1,
                "col_span": 1,
                "label": "",
                "xmin": 1686,
                "ymin": 303,
                "xmax": 2177,
                "ymax": 454,
                "score": 0.5361328,
                "text": "उम्मीदवार की\nआरक्षण श्रेणी",
                "row_label": "",
                "verification_status": "correctly_predicted",
                "status": "",
                "failed_validation": "",
                "label_id": ""
            },
            {
                "id": "a72aca5c-39ad-4e62-9a27-3fae861bb777",
                "row": 2,
                "col": 1,
                "row_span": 1,
                "col_span": 1,
                "label": "",
                "xmin": 141,
                "ymin": 456,
                "xmax": 270,
                "ymax": 528,
                "score": 0.73535156,
                "text": "954",
                "row_label": "",
                "verification_status": "correctly_predicted",
                "status": "",
                "failed_validation": "",
                "label_id": ""
            },
            {
                "id": "600f6cf7-d222-4179-aeac-17bc5a5229c1",
                "row": 2,
                "col": 2,
                "row_span": 1,
                "col_span": 1,
                "label": "",
                "xmin": 270,
                "ymin": 455,
                "xmax": 461,
                "ymax": 528,
                "score": 0.7788086,
                "text": "80",
                "row_label": "",
                "verification_status": "correctly_predicted",
                "status": "",
                "failed_validation": "",
                "label_id": ""
            },
            {
                "id": "f0e2a98f-c519-4774-a62f-54f40c999e68",
                "row": 2,
                "col": 3,
                "row_span": 1,
                "col_span": 1,
                "label": "",
                "xmin": 461,
                "ymin": 455,
                "xmax": 759,
                "ymax": 528,
                "score": 0.8046875,
                "text": "ढक्का कर्मचन्द",
                "row_label": "",
                "verification_status": "correctly_predicted",
                "status": "",
                "failed_validation": "",
                "label_id": ""
            },
            {
                "id": "7de8c35e-c2ad-41f1-bf67-3aa50e3ec99a",
                "row": 2,
                "col": 4,
                "row_span": 1,
                "col_span": 1,
                "label": "",
                "xmin": 759,
                "ymin": 455,
                "xmax": 1119,
                "ymax": 528,
                "score": 0.8232422,
                "text": "अनारक्षित",
                "row_label": "",
                "verification_status": "correctly_predicted",
                "status": "",
                "failed_validation": "",
                "label_id": ""
            },
            {
                "id": "373b95d1-7148-4dd0-a713-a45a8228e59e",
                "row": 2,
                "col": 5,
                "row_span": 1,
                "col_span": 1,
                "label": "",
                "xmin": 1119,
                "ymin": 455,
                "xmax": 1503,
                "ymax": 527,
                "score": 0.83984375,
                "text": "ओमप्रकाश सिंह",
                "row_label": "",
                "verification_status": "correctly_predicted",
                "status": "",
                "failed_validation": "",
                "label_id": ""
            },
            {
                "id": "465d4591-acfa-4840-95eb-8a6a2b4eed33",
                "row": 2,
                "col": 6,
                "row_span": 1,
                "col_span": 1,
                "label": "",
                "xmin": 1503,
                "ymin": 454,
                "xmax": 1686,
                "ymax": 527,
                "score": 0.47973633,
                "text": "पुरुष",
                "row_label": "",
                "verification_status": "correctly_predicted",
                "status": "",
                "failed_validation": "",
                "label_id": ""
            },
            {
                "id": "1e9e0460-1503-4804-8da9-f237f9249ef3",
                "row": 2,
                "col": 7,
                "row_span": 1,
                "col_span": 1,
                "label": "",
                "xmin": 1686,
                "ymin": 454,
                "xmax": 2177,
                "ymax": 527,
                "score": 0.8276367,
                "text": "पिछड़ी जाति",
                "row_label": "",
                "verification_status": "correctly_predicted",
                "status": "",
                "failed_validation": "",
                "label_id": ""
            },
            {
                "id": "ae87bd96-a5b3-488b-b4a6-a09d554e9387",
                "row": 3,
                "col": 1,
                "row_span": 1,
                "col_span": 1,
                "label": "",
                "xmin": 141,
                "ymin": 528,
                "xmax": 270,
                "ymax": 603,
                "score": 0.73828125,
                "text": "955",
                "row_label": "",
                "verification_status": "correctly_predicted",
                "status": "",
                "failed_validation": "",
                "label_id": ""
            },
            {
                "id": "7289eae6-39e5-40b0-b1dc-977059293988",
                "row": 3,
                "col": 2,
                "row_span": 1,
                "col_span": 1,
                "label": "",
                "xmin": 270,
                "ymin": 528,
                "xmax": 461,
                "ymax": 603,
                "score": 0.7817383,
                "text": "81",
                "row_label": "",
                "verification_status": "correctly_predicted",
                "status": "",
                "failed_validation": "",
                "label_id": ""
            },
            {
                "id": "4bae1921-d59e-48b7-8524-f8eda47577d9",
                "row": 3,
                "col": 3,
                "row_span": 1,
                "col_span": 1,
                "label": "",
                "xmin": 461,
                "ymin": 528,
                "xmax": 759,
                "ymax": 603,
                "score": 0.8076172,
                "text": "अलादीनपुर भटपुरा",
                "row_label": "",
                "verification_status": "correctly_predicted",
                "status": "",
                "failed_validation": "",
                "label_id": ""
            },
            {
                "id": "7cc88040-dbf4-4f44-b233-fdd0b1784e93",
                "row": 3,
                "col": 4,
                "row_span": 1,
                "col_span": 1,
                "label": "",
                "xmin": 759,
                "ymin": 527,
                "xmax": 1119,
                "ymax": 603,
                "score": 0.82666016,
                "text": "अनुसूचित जाति",
                "row_label": "",
                "verification_status": "correctly_predicted",
                "status": "",
                "failed_validation": "",
                "label_id": ""
            },
            {
                "id": "ef1c3029-a996-4813-85ce-227311579405",
                "row": 3,
                "col": 5,
                "row_span": 1,
                "col_span": 1,
                "label": "",
                "xmin": 1119,
                "ymin": 527,
                "xmax": 1503,
                "ymax": 602,
                "score": 0.8432617,
                "text": "बाबूराम",
                "row_label": "",
                "verification_status": "correctly_predicted",
                "status": "",
                "failed_validation": "",
                "label_id": ""
            },
            {
                "id": "12feacd1-5168-4b7f-8a49-8871a8b831d0",
                "row": 3,
                "col": 6,
                "row_span": 1,
                "col_span": 1,
                "label": "",
                "xmin": 1503,
                "ymin": 527,
                "xmax": 1686,
                "ymax": 602,
                "score": 0.4814453,
                "text": "पुरुष",
                "row_label": "",
                "verification_status": "correctly_predicted",
                "status": "",
                "failed_validation": "",
                "label_id": ""
            },
            {
                "id": "08784308-40e0-4422-b310-ad7efea2bdf6",
                "row": 3,
                "col": 7,
                "row_span": 1,
                "col_span": 1,
                "label": "",
                "xmin": 1686,
                "ymin": 527,
                "xmax": 2177,
                "ymax": 602,
                "score": 0.8310547,
                "text": "अनुसूचित जाति",
                "row_label": "",
                "verification_status": "correctly_predicted",
                "status": "",
                "failed_validation": "",
                "label_id": ""
            },
            {
                "id": "71eeb8b4-0f8e-4e92-af2a-5a004c523d91",
                "row": 4,
                "col": 1,
                "row_span": 1,
                "col_span": 1,
                "label": "",
                "xmin": 141,
                "ymin": 603,
                "xmax": 270,
                "ymax": 672,
                "score": 0.74072266,
                "text": "956",
                "row_label": "",
                "verification_status": "correctly_predicted",
                "status": "",
                "failed_validation": "",
                "label_id": ""
            },
            {
                "id": "37fdfb4a-298e-4b4b-9ad4-6465a45e0b59",
                "row": 4,
                "col": 2,
                "row_span": 1,
                "col_span": 1,
                "label": "",
                "xmin": 270,
                "ymin": 603,
                "xmax": 461,
                "ymax": 672,
                "score": 0.78466797,
                "text": "82",
                "row_label": "",
                "verification_status": "correctly_predicted",
                "status": "",
                "failed_validation": "",
                "label_id": ""
            },
            {
                "id": "958e27fc-315f-41d6-a3fa-86bcc4080783",
                "row": 4,
                "col": 3,
                "row_span": 1,
                "col_span": 1,
                "label": "",
                "xmin": 461,
                "ymin": 603,
                "xmax": 759,
                "ymax": 672,
                "score": 0.8105469,
                "text": "मौ ० अलीपुर भीक्कन",
                "row_label": "",
                "verification_status": "correctly_predicted",
                "status": "",
                "failed_validation": "",
                "label_id": ""
            },
            {
                "id": "91deeea8-0db8-416e-be81-e1e8d09775d9",
                "row": 4,
                "col": 4,
                "row_span": 1,
                "col_span": 1,
                "label": "",
                "xmin": 759,
                "ymin": 602,
                "xmax": 1119,
                "ymax": 672,
                "score": 0.82910156,
                "text": "अनारक्षित",
                "row_label": "",
                "verification_status": "correctly_predicted",
                "status": "",
                "failed_validation": "",
                "label_id": ""
            },
            {
                "id": "71db9a62-bd5b-4a58-beb5-bca8a27420a0",
                "row": 4,
                "col": 5,
                "row_span": 1,
                "col_span": 1,
                "label": "",
                "xmin": 1119,
                "ymin": 602,
                "xmax": 1503,
                "ymax": 671,
                "score": 0.8461914,
                "text": "मुख्तार अहमद",
                "row_label": "",
                "verification_status": "correctly_predicted",
                "status": "",
                "failed_validation": "",
                "label_id": ""
            },
            {
                "id": "82066a5e-7748-45e6-8a03-f0891af89380",
                "row": 4,
                "col": 6,
                "row_span": 1,
                "col_span": 1,
                "label": "",
                "xmin": 1503,
                "ymin": 602,
                "xmax": 1686,
                "ymax": 671,
                "score": 0.4831543,
                "text": "पुरुष",
                "row_label": "",
                "verification_status": "correctly_predicted",
                "status": "",
                "failed_validation": "",
                "label_id": ""
            },
            {
                "id": "779797fc-4031-4016-88e9-c46f9f5d47b4",
                "row": 4,
                "col": 7,
                "row_span": 1,
                "col_span": 1,
                "label": "",
                "xmin": 1686,
                "ymin": 601,
                "xmax": 2177,
                "ymax": 671,
                "score": 0.8334961,
                "text": "पिछड़ी जाति",
                "row_label": "",
                "verification_status": "correctly_predicted",
                "status": "",
                "failed_validation": "",
                "label_id": ""
            },
            {
                "id": "4ec79e50-9183-4b96-a90d-84d2cbcb223d",
                "row": 5,
                "col": 1,
                "row_span": 1,
                "col_span": 1,
                "label": "",
                "xmin": 141,
                "ymin": 672,
                "xmax": 270,
                "ymax": 746,
                "score": 0.76464844,
                "text": "957",
                "row_label": "",
                "verification_status": "correctly_predicted",
                "status": "",
                "failed_validation": "",
                "label_id": ""
            },
            {
                "id": "280d3aab-f6f6-4ff0-9062-61a745a47338",
                "row": 5,
                "col": 2,
                "row_span": 1,
                "col_span": 1,
                "label": "",
                "xmin": 270,
                "ymin": 672,
                "xmax": 461,
                "ymax": 746,
                "score": 0.8100586,
                "text": "83",
                "row_label": "",
                "verification_status": "correctly_predicted",
                "status": "",
                "failed_validation": "",
                "label_id": ""
            },
            {
                "id": "72b4331b-3649-4846-801c-ae81bca44ff5",
                "row": 5,
                "col": 3,
                "row_span": 1,
                "col_span": 1,
                "label": "",
                "xmin": 461,
                "ymin": 672,
                "xmax": 759,
                "ymax": 746,
                "score": 0.83691406,
                "text": "मौ ० पर जैतरा",
                "row_label": "",
                "verification_status": "correctly_predicted",
                "status": "",
                "failed_validation": "",
                "label_id": ""
            },
            {
                "id": "ff0d4d0e-bbba-431d-b71e-1b1508e4707c",
                "row": 5,
                "col": 4,
                "row_span": 1,
                "col_span": 1,
                "label": "",
                "xmin": 759,
                "ymin": 671,
                "xmax": 1119,
                "ymax": 745,
                "score": 0.8564453,
                "text": "अनुसूचित जाति",
                "row_label": "",
                "verification_status": "correctly_predicted",
                "status": "",
                "failed_validation": "",
                "label_id": ""
            },
            {
                "id": "577a286c-0434-4a40-af2a-4007d7795a98",
                "row": 5,
                "col": 5,
                "row_span": 1,
                "col_span": 1,
                "label": "",
                "xmin": 1119,
                "ymin": 671,
                "xmax": 1503,
                "ymax": 745,
                "score": 0.87353516,
                "text": "छुन्नू सिंह",
                "row_label": "",
                "verification_status": "correctly_predicted",
                "status": "",
                "failed_validation": "",
                "label_id": ""
            },
            {
                "id": "2105a7b0-ab58-46d0-bab0-fca706abb1b3",
                "row": 5,
                "col": 6,
                "row_span": 1,
                "col_span": 1,
                "label": "",
                "xmin": 1502,
                "ymin": 671,
                "xmax": 1686,
                "ymax": 745,
                "score": 0.4987793,
                "text": "पुरुष",
                "row_label": "",
                "verification_status": "correctly_predicted",
                "status": "",
                "failed_validation": "",
                "label_id": ""
            },
            {
                "id": "65694da9-ae62-4784-aa4d-251b9aa55be3",
                "row": 5,
                "col": 7,
                "row_span": 1,
                "col_span": 1,
                "label": "",
                "xmin": 1686,
                "ymin": 671,
                "xmax": 2177,
                "ymax": 745,
                "score": 0.86083984,
                "text": "अनुसूचित जाति",
                "row_label": "",
                "verification_status": "correctly_predicted",
                "status": "",
                "failed_validation": "",
                "label_id": ""
            },
            {
                "id": "74995496-0eb2-4a03-a12e-5eb7a08747df",
                "row": 6,
                "col": 1,
                "row_span": 1,
                "col_span": 1,
                "label": "",
                "xmin": 141,
                "ymin": 746,
                "xmax": 270,
                "ymax": 817,
                "score": 0.7397461,
                "text": "958",
                "row_label": "",
                "verification_status": "correctly_predicted",
                "status": "",
                "failed_validation": "",
                "label_id": ""
            },
            {
                "id": "1dfb1ff6-ade3-4c7e-918a-bd0118ba2bdf",
                "row": 6,
                "col": 2,
                "row_span": 1,
                "col_span": 1,
                "label": "",
                "xmin": 270,
                "ymin": 746,
                "xmax": 461,
                "ymax": 817,
                "score": 0.7836914,
                "text": "84",
                "row_label": "",
                "verification_status": "correctly_predicted",
                "status": "",
                "failed_validation": "",
                "label_id": ""
            },
            {
                "id": "7b420b9d-824b-4436-80c9-be8ed54afbd3",
                "row": 6,
                "col": 3,
                "row_span": 1,
                "col_span": 1,
                "label": "",
                "xmin": 461,
                "ymin": 745,
                "xmax": 759,
                "ymax": 817,
                "score": 0.8095703,
                "text": "जमालपुर उदयचन्द",
                "row_label": "",
                "verification_status": "correctly_predicted",
                "status": "",
                "failed_validation": "",
                "label_id": ""
            },
            {
                "id": "ffbcf62a-25d6-4ac4-af5f-44556724071f",
                "row": 6,
                "col": 4,
                "row_span": 1,
                "col_span": 1,
                "label": "",
                "xmin": 759,
                "ymin": 745,
                "xmax": 1119,
                "ymax": 817,
                "score": 0.8286133,
                "text": "अनुसूचित जाति",
                "row_label": "",
                "verification_status": "correctly_predicted",
                "status": "",
                "failed_validation": "",
                "label_id": ""
            },
            {
                "id": "903551aa-8426-4144-b25a-99f949bed8e1",
                "row": 6,
                "col": 5,
                "row_span": 1,
                "col_span": 1,
                "label": "",
                "xmin": 1118,
                "ymin": 745,
                "xmax": 1502,
                "ymax": 816,
                "score": 0.84521484,
                "text": "चन्द्रपाल सिंह",
                "row_label": "",
                "verification_status": "correctly_predicted",
                "status": "",
                "failed_validation": "",
                "label_id": ""
            },
            {
                "id": "e0d43189-817e-49c0-a75e-177db4b8d77b",
                "row": 6,
                "col": 6,
                "row_span": 1,
                "col_span": 1,
                "label": "",
                "xmin": 1502,
                "ymin": 745,
                "xmax": 1686,
                "ymax": 816,
                "score": 0.48266602,
                "text": "पुरुष",
                "row_label": "",
                "verification_status": "correctly_predicted",
                "status": "",
                "failed_validation": "",
                "label_id": ""
            },
            {
                "id": "a26b2752-7687-412a-b3c6-5a27da45e93b",
                "row": 6,
                "col": 7,
                "row_span": 1,
                "col_span": 1,
                "label": "",
                "xmin": 1686,
                "ymin": 744,
                "xmax": 2177,
                "ymax": 816,
                "score": 0.83251953,
                "text": "अनुसूचित जाति",
                "row_label": "",
                "verification_status": "correctly_predicted",
                "status": "",
                "failed_validation": "",
                "label_id": ""
            },
            {
                "id": "8821158d-8ab8-4dde-95eb-7de62d9c5844",
                "row": 7,
                "col": 1,
                "row_span": 1,
                "col_span": 1,
                "label": "",
                "xmin": 141,
                "ymin": 817,
                "xmax": 270,
                "ymax": 883,
                "score": 0.7758789,
                "text": "959",
                "row_label": "",
                "verification_status": "correctly_predicted",
                "status": "",
                "failed_validation": "",
                "label_id": ""
            },
            {
                "id": "1aed8510-95b7-4dd6-8205-3eabf6987139",
                "row": 7,
                "col": 2,
                "row_span": 1,
                "col_span": 1,
                "label": "",
                "xmin": 270,
                "ymin": 817,
                "xmax": 461,
                "ymax": 883,
                "score": 0.82177734,
                "text": "85",
                "row_label": "",
                "verification_status": "correctly_predicted",
                "status": "",
                "failed_validation": "",
                "label_id": ""
            },
            {
                "id": "0ffb4240-c998-4abc-b4ad-abee45d7193d",
                "row": 7,
                "col": 3,
                "row_span": 1,
                "col_span": 1,
                "label": "",
                "xmin": 461,
                "ymin": 817,
                "xmax": 759,
                "ymax": 883,
                "score": 0.8491211,
                "text": "हकीमपुर शकरगंज",
                "row_label": "",
                "verification_status": "correctly_predicted",
                "status": "",
                "failed_validation": "",
                "label_id": ""
            },
            {
                "id": "ed47ab08-7650-40ab-b42d-4e0d88ea3260",
                "row": 7,
                "col": 4,
                "row_span": 1,
                "col_span": 1,
                "label": "",
                "xmin": 759,
                "ymin": 816,
                "xmax": 1118,
                "ymax": 883,
                "score": 0.86865234,
                "text": "महिला",
                "row_label": "",
                "verification_status": "correctly_predicted",
                "status": "",
                "failed_validation": "",
                "label_id": ""
            },
            {
                "id": "a1aed2e0-ade5-4069-87c3-aeb724ca69ad",
                "row": 7,
                "col": 5,
                "row_span": 1,
                "col_span": 1,
                "label": "",
                "xmin": 1118,
                "ymin": 816,
                "xmax": 1502,
                "ymax": 882,
                "score": 0.88623047,
                "text": "नईमा",
                "row_label": "",
                "verification_status": "correctly_predicted",
                "status": "",
                "failed_validation": "",
                "label_id": ""
            },
            {
                "id": "b9b9d0d8-9496-4815-a926-af1488ac1091",
                "row": 7,
                "col": 6,
                "row_span": 1,
                "col_span": 1,
                "label": "",
                "xmin": 1502,
                "ymin": 816,
                "xmax": 1686,
                "ymax": 882,
                "score": 0.50634766,
                "text": "महिला",
                "row_label": "",
                "verification_status": "correctly_predicted",
                "status": "",
                "failed_validation": "",
                "label_id": ""
            },
            {
                "id": "c3ad2a51-c705-42a8-8696-16eef2e1d8e5",
                "row": 7,
                "col": 7,
                "row_span": 1,
                "col_span": 1,
                "label": "",
                "xmin": 1686,
                "ymin": 816,
                "xmax": 2177,
                "ymax": 882,
                "score": 0.87353516,
                "text": "पिछड़ी जाति - महिला",
                "row_label": "",
                "verification_status": "correctly_predicted",
                "status": "",
                "failed_validation": "",
                "label_id": ""
            }
        ]
    }
]