[
    {
        "label": "table",
        "ocr_text": "table",
        "score": 1,
        "xmin": 141,
        "xmax": 2183,
        "ymin": 302,
        "ymax": 1390,
        "type": "table",
        "cells": [
            {
                "id": "9b4969ae-655b-47eb-83b7-8957a9814815",
                "row": 1,
                "col": 1,
                "row_span": 1,
                "col_span": 1,
                "label": "",
                "xmin": 141,
                "ymin": 304,
                "xmax": 270,
                "ymax": 457,
                "score": 0.87109375,
                "text": "क्रम\nसंख्या",
                "row_label": "",
                "verification_status": "correctly_predicted",
                "status": "",
                "failed_validation": "",
                "label_id": ""
            },
            {
                "id": "59795df0-c8ee-439e-b383-daf5216c4825",
                "row": 1,
                "col": 2,
                "row_span": 1,
                "col_span": 1,
                "label": "",
                "xmin": 270,
                "ymin": 304,
                "xmax": 461,
                "ymax": 457,
                "score": 0.8833008,
                "text": "ग्राम पंचायत\nका कोड",
                "row_label": "",
                "verification_status": "correctly_predicted",
                "status": "",
                "failed_validation": "",
                "label_id": ""
            },
            {
                "id": "2d049d7b-aef9-4f5a-b7ca-6b2e00418988",
                "row": 1,
                "col": 3,
                "row_span": 1,
                "col_span": 1,
                "label": "",
                "xmin": 461,
                "ymin": 304,
                "xmax": 717,
                "ymax": 457,
                "score": 0.8989258,
                "text": "ग्राम पंचायत\nका नाम",
                "row_label": "",
                "verification_status": "correctly_predicted",
                "status": "",
                "failed_validation": "",
                "label_id": ""
            },
            {
                "id": "cf207fa1-08c6-40e7-ae41-e2a95e9f30df",
                "row": 1,
                "col": 4,
                "row_span": 1,
                "col_span": 1,
                "label": "",
                "xmin": 717,
                "ymin": 303,
                "xmax": 1133,
                "ymax": 456,
                "score": 0.94873047,
                "text": "पद की आरक्षण श्रेणी",
                "row_label": "",
                "verification_status": "correctly_predicted",
                "status": "",
                "failed_validation": "",
                "label_id": ""
            },
            {
                "id": "a9eea124-2151-49a7-ac10-c1faaf23e6b3",
                "row": 1,
                "col": 5,
                "row_span": 1,
                "col_span": 1,
                "label": "",
                "xmin": 1132,
                "ymin": 303,
                "xmax": 1506,
                "ymax": 456,
                "score": 0.9321289,
                "text": "विजयी उम्मीदवार\nका नाम",
                "row_label": "",
                "verification_status": "correctly_predicted",
                "status": "",
                "failed_validation": "",
                "label_id": ""
            },
            {
                "id": "2809ed7f-d35f-47a9-bfa0-7e8975d38667",
                "row": 1,
                "col": 6,
                "row_span": 1,
                "col_span": 1,
                "label": "",
                "xmin": 1506,
                "ymin": 303,
                "xmax": 1693,
                "ymax": 456,
                "score": 0.5629883,
                "text": "लिंग",
                "row_label": "",
                "verification_status": "correctly_predicted",
                "status": "",
                "failed_validation": "",
                "label_id": ""
            },
            {
                "id": "3b00ef50-53bf-41db-98cf-b369baee78fd",
                "row": 1,
                "col": 7,
                "row_span": 1,
                "col_span": 1,
                "label": "",
                "xmin": 1693,
                "ymin": 302,
                "xmax": 2182,
                "ymax": 455,
                "score": 0.9003906,
                "text": "उम्मीदवार की\nआरक्षण श्रेणी",
                "row_label": "",
                "verification_status": "correctly_predicted",
                "status": "",
                "failed_validation": "",
                "label_id": ""
            },
            {
                "id": "f80bf187-9151-4976-920e-acf355aeb166",
                "row": 2,
                "col": 1,
                "row_span": 1,
                "col_span": 1,
                "label": "",
                "xmin": 141,
                "ymin": 457,
                "xmax": 270,
                "ymax": 526,
                "score": 0.8125,
                "text": "675",
                "row_label": "",
                "verification_status": "correctly_predicted",
                "status": "",
                "failed_validation": "",
                "label_id": ""
            },
            {
                "id": "f9709fe3-ef6c-42ca-bd38-82f26924f477",
                "row": 2,
                "col": 2,
                "row_span": 1,
                "col_span": 1,
                "label": "",
                "xmin": 270,
                "ymin": 457,
                "xmax": 461,
                "ymax": 526,
                "score": 0.82373047,
                "text": "32",
                "row_label": "",
                "verification_status": "correctly_predicted",
                "status": "",
                "failed_validation": "",
                "label_id": ""
            },
            {
                "id": "84be1179-6eba-49c0-b2cc-e8854130b584",
                "row": 2,
                "col": 3,
                "row_span": 1,
                "col_span": 1,
                "label": "",
                "xmin": 461,
                "ymin": 456,
                "xmax": 717,
                "ymax": 526,
                "score": 0.8383789,
                "text": "जसाला",
                "row_label": "",
                "verification_status": "correctly_predicted",
                "status": "",
                "failed_validation": "",
                "label_id": ""
            },
            {
                "id": "3a8ee2e4-dd92-44c0-a6f0-8f94a0b248c7",
                "row": 2,
                "col": 4,
                "row_span": 1,
                "col_span": 1,
                "label": "",
                "xmin": 717,
                "ymin": 456,
                "xmax": 1133,
                "ymax": 525,
                "score": 0.8847656,
                "text": "पिछड़ी जाति - महिला",
                "row_label": "",
                "verification_status": "correctly_predicted",
                "status": "",
                "failed_validation": "",
                "label_id": ""
            },
            {
                "id": "a5223d52-7758-4dd4-a037-c9a9496bb223",
                "row": 2,
                "col": 5,
                "row_span": 1,
                "col_span": 1,
                "label": "",
                "xmin": 1133,
                "ymin": 456,
                "xmax": 1506,
                "ymax": 525,
                "score": 0.8691406,
                "text": "शिक्षा",
                "row_label": "",
                "verification_status": "correctly_predicted",
                "status": "",
                "failed_validation": "",
                "label_id": ""
            },
            {
                "id": "0a4ebbf6-a673-4093-afe4-4e81c9976ec6",
                "row": 2,
                "col": 6,
                "row_span": 1,
                "col_span": 1,
                "label": "",
                "xmin": 1506,
                "ymin": 455,
                "xmax": 1693,
                "ymax": 525,
                "score": 0.52490234,
                "text": "महिला",
                "row_label": "",
                "verification_status": "correctly_predicted",
                "status": "",
                "failed_validation": "",
                "label_id": ""
            },
            {
                "id": "e9acae91-674a-468b-831c-5dbae51c5882",
                "row": 2,
                "col": 7,
                "row_span": 1,
                "col_span": 1,
                "label": "",
                "xmin": 1693,
                "ymin": 455,
                "xmax": 2182,
                "ymax": 524,
                "score": 0.83935547,
                "text": "पिछड़ी जाति महिला -",
                "row_label": "",
                "verification_status": "correctly_predicted",
                "status": "",
                "failed_validation": "",
                "label_id": ""
            },
            {
                "id": "6ad61c30-3c9d-4eec-9ac2-a031426bd19f",
                "row": 3,
                "col": 1,
                "row_span": 1,
                "col_span": 1,
                "label": "",
                "xmin": 141,
                "ymin": 526,
                "xmax": 270,
                "ymax": 600,
                "score": 0.8300781,
                "text": "676",
                "row_label": "",
                "verification_status": "correctly_predicted",
                "status": "",
                "failed_validation": "",
                "label_id": ""
            },
            {
                "id": "d4ec35df-9c5c-4fae-a4c2-c8390bc28f98",
                "row": 3,
                "col": 2,
                "row_span": 1,
                "col_span": 1,
                "label": "",
                "xmin": 270,
                "ymin": 526,
                "xmax": 461,
                "ymax": 599,
                "score": 0.8417969,
                "text": "33",
                "row_label": "",
                "verification_status": "correctly_predicted",
                "status": "",
                "failed_validation": "",
                "label_id": ""
            },
            {
                "id": "1b9ba652-1c54-4ac5-af35-288c2fec4c53",
                "row": 3,
                "col": 3,
                "row_span": 1,
                "col_span": 1,
                "label": "",
                "xmin": 461,
                "ymin": 525,
                "xmax": 717,
                "ymax": 599,
                "score": 0.8564453,
                "text": "मलकपुर",
                "row_label": "",
                "verification_status": "correctly_predicted",
                "status": "",
                "failed_validation": "",
                "label_id": ""
            },
            {
                "id": "865c8e56-87d6-4519-af5c-ca68838c9adf",
                "row": 3,
                "col": 4,
                "row_span": 1,
                "col_span": 1,
                "label": "",
                "xmin": 717,
                "ymin": 525,
                "xmax": 1133,
                "ymax": 599,
                "score": 0.9042969,
                "text": "पिछड़ी जाति - महिला",
                "row_label": "",
                "verification_status": "correctly_predicted",
                "status": "",
                "failed_validation": "",
                "label_id": ""
            },
            {
                "id": "0c1a5fc9-658d-4a9d-9ae7-4dc63607fb52",
                "row": 3,
                "col": 5,
                "row_span": 1,
                "col_span": 1,
                "label": "",
                "xmin": 1133,
                "ymin": 525,
                "xmax": 1506,
                "ymax": 599,
                "score": 0.8881836,
                "text": "सादो",
                "row_label": "",
                "verification_status": "correctly_predicted",
                "status": "",
                "failed_validation": "",
                "label_id": ""
            },
            {
                "id": "d56350d5-f859-4a36-82db-54b4b9fcc849",
                "row": 3,
                "col": 6,
                "row_span": 1,
                "col_span": 1,
                "label": "",
                "xmin": 1506,
                "ymin": 524,
                "xmax": 1693,
                "ymax": 598,
                "score": 0.5366211,
                "text": "महिला",
                "row_label": "",
                "verification_status": "correctly_predicted",
                "status": "",
                "failed_validation": "",
                "label_id": ""
            },
            {
                "id": "c3b2b4cf-2d15-4034-8dba-926c2b3abd2c",
                "row": 3,
                "col": 7,
                "row_span": 1,
                "col_span": 1,
                "label": "",
                "xmin": 1693,
                "ymin": 524,
                "xmax": 2182,
                "ymax": 598,
                "score": 0.85791016,
                "text": "पिछड़ी जाति - महिला",
                "row_label": "",
                "verification_status": "correctly_predicted",
                "status": "",
                "failed_validation": "",
                "label_id": ""
            },
            {
                "id": "3544734d-bdb3-45e4-a0ae-3fef327fe8c3",
                "row": 4,
                "col": 1,
                "row_span": 1,
                "col_span": 1,
                "label": "",
                "xmin": 142,
                "ymin": 599,
                "xmax": 270,
                "ymax": 671,
                "score": 0.82421875,
                "text": "677",
                "row_label": "",
                "verification_status": "correctly_predicted",
                "status": "",
                "failed_validation": "",
                "label_id": ""
            },
            {
                "id": "3cba4399-6e44-4b8c-af62-11cafeb8bd1f",
                "row": 4,
                "col": 2,
                "row_span": 1,
                "col_span": 1,
                "label": "",
                "xmin": 270,
                "ymin": 599,
                "xmax": 461,
                "ymax": 671,
                "score": 0.8354492,
                "text": "34",
                "row_label": "",
                "verification_status": "correctly_predicted",
                "status": "",
                "failed_validation": "",
                "label_id": ""
            },
            {
                "id": "0db3aa82-183d-47c3-bbbe-b031bb8eac64",
                "row": 4,
                "col": 3,
                "row_span": 1,
                "col_span": 1,
                "label": "",
                "xmin": 461,
                "ymin": 599,
                "xmax": 717,
                "ymax": 671,
                "score": 0.85009766,
                "text": "गुज्जरपुर",
                "row_label": "",
                "verification_status": "correctly_predicted",
                "status": "",
                "failed_validation": "",
                "label_id": ""
            },
            {
                "id": "4d91fc5a-bc5a-4011-bf69-436d312fe222",
                "row": 4,
                "col": 4,
                "row_span": 1,
                "col_span": 1,
                "label": "",
                "xmin": 717,
                "ymin": 599,
                "xmax": 1133,
                "ymax": 670,
                "score": 0.89746094,
                "text": "महिला",
                "row_label": "",
                "verification_status": "correctly_predicted",
                "status": "",
                "failed_validation": "",
                "label_id": ""
            },
            {
                "id": "72f0828f-7c32-4ac9-9a6c-31bf52af055d",
                "row": 4,
                "col": 5,
                "row_span": 1,
                "col_span": 1,
                "label": "",
                "xmin": 1133,
                "ymin": 598,
                "xmax": 1506,
                "ymax": 670,
                "score": 0.88183594,
                "text": "रचना",
                "row_label": "",
                "verification_status": "correctly_predicted",
                "status": "",
                "failed_validation": "",
                "label_id": ""
            },
            {
                "id": "1f86a3dd-c394-42b9-bc3e-5f53b335ed02",
                "row": 4,
                "col": 6,
                "row_span": 1,
                "col_span": 1,
                "label": "",
                "xmin": 1506,
                "ymin": 598,
                "xmax": 1694,
                "ymax": 670,
                "score": 0.53271484,
                "text": "महिला",
                "row_label": "",
                "verification_status": "correctly_predicted",
                "status": "",
                "failed_validation": "",
                "label_id": ""
            },
            {
                "id": "e3950901-6b2c-4863-ab6b-51cc5a57b3ff",
                "row": 4,
                "col": 7,
                "row_span": 1,
                "col_span": 1,
                "label": "",
                "xmin": 1693,
                "ymin": 598,
                "xmax": 2182,
                "ymax": 670,
                "score": 0.8515625,
                "text": "पिछड़ी जाति - महिला",
                "row_label": "",
                "verification_status": "correctly_predicted",
                "status": "",
                "failed_validation": "",
                "label_id": ""
            },
            {
                "id": "3fbd2a73-7ab0-42d1-b885-1c0bbfc58db6",
                "row": 5,
                "col": 1,
                "row_span": 1,
                "col_span": 1,
                "label": "",
                "xmin": 142,
                "ymin": 671,
                "xmax": 270,
                "ymax": 742,
                "score": 0.81640625,
                "text": "678",
                "row_label": "",
                "verification_status": "correctly_predicted",
                "status": "",
                "failed_validation": "",
                "label_id": ""
            },
            {
                "id": "60644602-e3b7-4b47-ad2a-83d948354439",
                "row": 5,
                "col": 2,
                "row_span": 1,
                "col_span": 1,
                "label": "",
                "xmin": 270,
                "ymin": 671,
                "xmax": 461,
                "ymax": 742,
                "score": 0.8276367,
                "text": "35",
                "row_label": "",
                "verification_status": "correctly_predicted",
                "status": "",
                "failed_validation": "",
                "label_id": ""
            },
            {
                "id": "29c99015-1f14-4262-9ee5-1fa1dac60686",
                "row": 5,
                "col": 3,
                "row_span": 1,
                "col_span": 1,
                "label": "",
                "xmin": 461,
                "ymin": 670,
                "xmax": 717,
                "ymax": 742,
                "score": 0.84228516,
                "text": "इस्सोपुर टील",
                "row_label": "",
                "verification_status": "correctly_predicted",
                "status": "",
                "failed_validation": "",
                "label_id": ""
            },
            {
                "id": "6cd26846-0865-42e8-9a85-f1e7e0f13b28",
                "row": 5,
                "col": 4,
                "row_span": 1,
                "col_span": 1,
                "label": "",
                "xmin": 717,
                "ymin": 670,
                "xmax": 1133,
                "ymax": 742,
                "score": 0.88916016,
                "text": "महिला",
                "row_label": "",
                "verification_status": "correctly_predicted",
                "status": "",
                "failed_validation": "",
                "label_id": ""
            },
            {
                "id": "02d6afa4-9795-437a-abee-22b4d7069d31",
                "row": 5,
                "col": 5,
                "row_span": 1,
                "col_span": 1,
                "label": "",
                "xmin": 1133,
                "ymin": 670,
                "xmax": 1506,
                "ymax": 741,
                "score": 0.87353516,
                "text": "सरोज",
                "row_label": "",
                "verification_status": "correctly_predicted",
                "status": "",
                "failed_validation": "",
                "label_id": ""
            },
            {
                "id": "495001f8-7a63-4ea5-aa39-59dcf17b811e",
                "row": 5,
                "col": 6,
                "row_span": 1,
                "col_span": 1,
                "label": "",
                "xmin": 1506,
                "ymin": 670,
                "xmax": 1694,
                "ymax": 741,
                "score": 0.52783203,
                "text": "महिला",
                "row_label": "",
                "verification_status": "correctly_predicted",
                "status": "",
                "failed_validation": "",
                "label_id": ""
            },
            {
                "id": "defb6d32-8e6a-44c7-a732-928ecb3582d1",
                "row": 5,
                "col": 7,
                "row_span": 1,
                "col_span": 1,
                "label": "",
                "xmin": 1694,
                "ymin": 669,
                "xmax": 2182,
                "ymax": 741,
                "score": 0.84375,
                "text": "पिछड़ी जाति - महिला",
                "row_label": "",
                "verification_status": "correctly_predicted",
                "status": "",
                "failed_validation": "",
                "label_id": ""
            },
            {
                "id": "fb5de3f2-1fa6-4803-a98d-9dca31ea7e74",
                "row": 6,
                "col": 1,
                "row_span": 1,
                "col_span": 1,
                "label": "",
                "xmin": 142,
                "ymin": 742,
                "xmax": 270,
                "ymax": 817,
                "score": 0.8222656,
                "text": "679",
                "row_label": "",
                "verification_status": "correctly_predicted",
                "status": "",
                "failed_validation": "",
                "label_id": ""
            },
            {
                "id": "5fb0aa26-c0b2-4be1-80c6-9092f47f9a8a",
                "row": 6,
                "col": 2,
                "row_span": 1,
                "col_span": 1,
                "label": "",
                "xmin": 270,
                "ymin": 742,
                "xmax": 461,
                "ymax": 817,
                "score": 0.8334961,
                "text": "36",
                "row_label": "",
                "verification_status": "correctly_predicted",
                "status": "",
                "failed_validation": "",
                "label_id": ""
            },
            {
                "id": "78e1b7b6-d8e6-46ff-b2d8-a0c32af20e74",
                "row": 6,
                "col": 3,
                "row_span": 1,
                "col_span": 1,
                "label": "",
                "xmin": 461,
                "ymin": 742,
                "xmax": 717,
                "ymax": 817,
                "score": 0.8486328,
                "text": "दुर्गनपुर",
                "row_label": "",
                "verification_status": "correctly_predicted",
                "status": "",
                "failed_validation": "",
                "label_id": ""
            },
            {
                "id": "18196c5c-a443-4210-9388-3091b2c3c743",
                "row": 6,
                "col": 4,
                "row_span": 1,
                "col_span": 1,
                "label": "",
                "xmin": 717,
                "ymin": 741,
                "xmax": 1133,
                "ymax": 817,
                "score": 0.8959961,
                "text": "अनुसूचित जाति महिला -",
                "row_label": "",
                "verification_status": "correctly_predicted",
                "status": "",
                "failed_validation": "",
                "label_id": ""
            },
            {
                "id": "69bc1d80-7ae3-47a2-8ba8-35e801a7db6f",
                "row": 6,
                "col": 5,
                "row_span": 1,
                "col_span": 1,
                "label": "",
                "xmin": 1133,
                "ymin": 741,
                "xmax": 1506,
                "ymax": 816,
                "score": 0.8798828,
                "text": "माया",
                "row_label": "",
                "verification_status": "correctly_predicted",
                "status": "",
                "failed_validation": "",
                "label_id": ""
            },
            {
                "id": "c930ad76-23d7-4221-b997-3dc72e4723c8",
                "row": 6,
                "col": 6,
                "row_span": 1,
                "col_span": 1,
                "label": "",
                "xmin": 1506,
                "ymin": 741,
                "xmax": 1694,
                "ymax": 816,
                "score": 0.5317383,
                "text": "महिला",
                "row_label": "",
                "verification_status": "correctly_predicted",
                "status": "",
                "failed_validation": "",
                "label_id": ""
            },
            {
                "id": "ca102971-cf72-4f11-a004-550ffcc5ffb2",
                "row": 6,
                "col": 7,
                "row_span": 1,
                "col_span": 1,
                "label": "",
                "xmin": 1694,
                "ymin": 740,
                "xmax": 2182,
                "ymax": 816,
                "score": 0.8496094,
                "text": "अनुसूचित जाति महिला -",
                "row_label": "",
                "verification_status": "correctly_predicted",
                "status": "",
                "failed_validation": "",
                "label_id": ""
            },
            {
                "id": "d8294802-e71e-47f7-84ec-efa944721cc6",
                "row": 7,
                "col": 1,
                "row_span": 1,
                "col_span": 1,
                "label": "",
                "xmin": 142,
                "ymin": 817,
                "xmax": 270,
                "ymax": 889,
                "score": 0.8129883,
                "text": "680",
                "row_label": "",
                "verification_status": "correctly_predicted",
                "status": "",
                "failed_validation": "",
                "label_id": ""
            },
            {
                "id": "85e3be63-6020-4368-ade9-54a132525436",
                "row": 7,
                "col": 2,
                "row_span": 1,
                "col_span": 1,
                "label": "",
                "xmin": 270,
                "ymin": 817,
                "xmax": 461,
                "ymax": 888,
                "score": 0.82373047,
                "text": "37",
                "row_label": "",
                "verification_status": "correctly_predicted",
                "status": "",
                "failed_validation": "",
                "label_id": ""
            },
            {
                "id": "cd6e5e5f-660a-4854-917e-b69ab2996790",
                "row": 7,
                "col": 3,
                "row_span": 1,
                "col_span": 1,
                "label": "",
                "xmin": 461,
                "ymin": 817,
                "xmax": 717,
                "ymax": 888,
                "score": 0.8383789,
                "text": "डुन्डूखेडा",
                "row_label": "",
                "verification_status": "correctly_predicted",
                "status": "",
                "failed_validation": "",
                "label_id": ""
            },
            {
                "id": "42904c03-5452-4303-b33f-878ffd36136c",
                "row": 7,
                "col": 4,
                "row_span": 1,
                "col_span": 1,
                "label": "",
                "xmin": 717,
                "ymin": 816,
                "xmax": 1133,
                "ymax": 888,
                "score": 0.8852539,
                "text": "पिछड़ी जाति - महिला",
                "row_label": "",
                "verification_status": "correctly_predicted",
                "status": "",
                "failed_validation": "",
                "label_id": ""
            },
            {
                "id": "8c04748d-1810-44d2-b9b6-95dfcd2acd71",
                "row": 7,
                "col": 5,
                "row_span": 1,
                "col_span": 1,
                "label": "",
                "xmin": 1133,
                "ymin": 816,
                "xmax": 1506,
                "ymax": 888,
                "score": 0.8696289,
                "text": "सुशीला",
                "row_label": "",
                "verification_status": "correctly_predicted",
                "status": "",
                "failed_validation": "",
                "label_id": ""
            },
            {
                "id": "21f3fe64-77e0-4776-a83d-169f3892ee28",
                "row": 7,
                "col": 6,
                "row_span": 1,
                "col_span": 1,
                "label": "",
                "xmin": 1506,
                "ymin": 816,
                "xmax": 1694,
                "ymax": 887,
                "score": 0.5253906,
                "text": "महिला",
                "row_label": "",
                "verification_status": "correctly_predicted",
                "status": "",
                "failed_validation": "",
                "label_id": ""
            },
            {
                "id": "44f4bc46-fe40-404e-afe1-4cba94f69196",
                "row": 7,
                "col": 7,
                "row_span": 1,
                "col_span": 1,
                "label": "",
                "xmin": 1694,
                "ymin": 815,
                "xmax": 2183,
                "ymax": 887,
                "score": 0.83984375,
                "text": "अनुसूचित जाति - महिला",
                "row_label": "",
                "verification_status": "correctly_predicted",
                "status": "",
                "failed_validation": "",
                "label_id": ""
            },
            {
                "id": "574ac94b-c7cd-4960-bd7f-615b43e83e33",
                "row": 8,
                "col": 1,
                "row_span": 1,
                "col_span": 1,
                "label": "",
                "xmin": 142,
                "ymin": 888,
                "xmax": 270,
                "ymax": 959,
                "score": 0.8203125,
                "text": "681",
                "row_label": "",
                "verification_status": "correctly_predicted",
                "status": "",
                "failed_validation": "",
                "label_id": ""
            },
            {
                "id": "a3252a6f-ac42-49e1-8fe6-74bf3927116c",
                "row": 8,
                "col": 2,
                "row_span": 1,
                "col_span": 1,
                "label": "",
                "xmin": 270,
                "ymin": 888,
                "xmax": 461,
                "ymax": 959,
                "score": 0.83154297,
                "text": "38",
                "row_label": "",
                "verification_status": "correctly_predicted",
                "status": "",
                "failed_validation": "",
                "label_id": ""
            },
            {
                "id": "f85bb6bf-46e1-4886-a807-711535a33334",
                "row": 8,
                "col": 3,
                "row_span": 1,
                "col_span": 1,
                "label": "",
                "xmin": 461,
                "ymin": 888,
                "xmax": 717,
                "ymax": 959,
                "score": 0.8461914,
                "text": "डूंगर",
                "row_label": "",
                "verification_status": "correctly_predicted",
                "status": "",
                "failed_validation": "",
                "label_id": ""
            },
            {
                "id": "5e16d149-430b-481f-9adc-15b360469df7",
                "row": 8,
                "col": 4,
                "row_span": 1,
                "col_span": 1,
                "label": "",
                "xmin": 717,
                "ymin": 888,
                "xmax": 1133,
                "ymax": 958,
                "score": 0.8935547,
                "text": "पिछड़ी जाति - महिला",
                "row_label": "",
                "verification_status": "correctly_predicted",
                "status": "",
                "failed_validation": "",
                "label_id": ""
            },
            {
                "id": "1fe141ff-4b73-4d50-ba7c-9e62f68d0d60",
                "row": 8,
                "col": 5,
                "row_span": 1,
                "col_span": 1,
                "label": "",
                "xmin": 1133,
                "ymin": 887,
                "xmax": 1507,
                "ymax": 958,
                "score": 0.8774414,
                "text": "जगवती",
                "row_label": "",
                "verification_status": "correctly_predicted",
                "status": "",
                "failed_validation": "",
                "label_id": ""
            },
            {
                "id": "0f491723-251b-4d6e-9284-7cf19f0c29a4",
                "row": 8,
                "col": 6,
                "row_span": 1,
                "col_span": 1,
                "label": "",
                "xmin": 1506,
                "ymin": 887,
                "xmax": 1694,
                "ymax": 958,
                "score": 0.53027344,
                "text": "महिला",
                "row_label": "",
                "verification_status": "correctly_predicted",
                "status": "",
                "failed_validation": "",
                "label_id": ""
            },
            {
                "id": "a8a3a1fc-cda1-4054-981c-0bb998a98243",
                "row": 8,
                "col": 7,
                "row_span": 1,
                "col_span": 1,
                "label": "",
                "xmin": 1694,
                "ymin": 887,
                "xmax": 2183,
                "ymax": 957,
                "score": 0.84765625,
                "text": "पिछड़ी जाति - महिला",
                "row_label": "",
                "verification_status": "correctly_predicted",
                "status": "",
                "failed_validation": "",
                "label_id": ""
            },
            {
                "id": "bf247c84-e884-4a76-89bf-2061b1159d29",
                "row": 9,
                "col": 1,
                "row_span": 1,
                "col_span": 1,
                "label": "",
                "xmin": 142,
                "ymin": 959,
                "xmax": 270,
                "ymax": 1034,
                "score": 0.8276367,
                "text": "682",
                "row_label": "",
                "verification_status": "correctly_predicted",
                "status": "",
                "failed_validation": "",
                "label_id": ""
            },
            {
                "id": "7a4da308-eac5-4309-9ecb-f970cdd1bd23",
                "row": 9,
                "col": 2,
                "row_span": 1,
                "col_span": 1,
                "label": "",
                "xmin": 270,
                "ymin": 959,
                "xmax": 461,
                "ymax": 1034,
                "score": 0.8388672,
                "text": "39",
                "row_label": "",
                "verification_status": "correctly_predicted",
                "status": "",
                "failed_validation": "",
                "label_id": ""
            },
            {
                "id": "9a2a9f7f-749d-4067-a61a-70b73dcac345",
                "row": 9,
                "col": 3,
                "row_span": 1,
                "col_span": 1,
                "label": "",
                "xmin": 461,
                "ymin": 958,
                "xmax": 718,
                "ymax": 1033,
                "score": 0.8540039,
                "text": "डांगरौल",
                "row_label": "",
                "verification_status": "correctly_predicted",
                "status": "",
                "failed_validation": "",
                "label_id": ""
            },
            {
                "id": "2640dad5-0a4e-49d3-a245-41c49b8f824d",
                "row": 9,
                "col": 4,
                "row_span": 1,
                "col_span": 1,
                "label": "",
                "xmin": 717,
                "ymin": 958,
                "xmax": 1133,
                "ymax": 1033,
                "score": 0.9013672,
                "text": "अनुसूचित जाति",
                "row_label": "",
                "verification_status": "correctly_predicted",
                "status": "",
                "failed_validation": "",
                "label_id": ""
            },
            {
                "id": "d5570212-4f3b-4be7-9b01-00fa541e7ca6",
                "row": 9,
                "col": 5,
                "row_span": 1,
                "col_span": 1,
                "label": "",
                "xmin": 1133,
                "ymin": 958,
                "xmax": 1507,
                "ymax": 1033,
                "score": 0.8857422,
                "text": "ओमपाल",
                "row_label": "",
                "verification_status": "correctly_predicted",
                "status": "",
                "failed_validation": "",
                "label_id": ""
            },
            {
                "id": "7d4dda46-654a-4bb7-aa3f-1d645dd295ec",
                "row": 9,
                "col": 6,
                "row_span": 1,
                "col_span": 1,
                "label": "",
                "xmin": 1507,
                "ymin": 957,
                "xmax": 1694,
                "ymax": 1032,
                "score": 0.53515625,
                "text": "पुरुष",
                "row_label": "",
                "verification_status": "correctly_predicted",
                "status": "",
                "failed_validation": "",
                "label_id": ""
            },
            {
                "id": "139f417d-c5b4-4908-9e95-754ad9a1be7c",
                "row": 9,
                "col": 7,
                "row_span": 1,
                "col_span": 1,
                "label": "",
                "xmin": 1694,
                "ymin": 957,
                "xmax": 2183,
                "ymax": 1032,
                "score": 0.85546875,
                "text": "अनुसूचित जाति",
                "row_label": "",
                "verification_status": "correctly_predicted",
                "status": "",
                "failed_validation": "",
                "label_id": ""
            },
            {
                "id": "b1a40e7e-cbd3-49e7-badc-ec721020ebe7",
                "row": 10,
                "col": 1,
                "row_span": 1,
                "col_span": 1,
                "label": "",
                "xmin": 142,
                "ymin": 1034,
                "xmax": 270,
                "ymax": 1103,
                "score": 0.7866211,
                "text": "683",
                "row_label": "",
                "verification_status": "correctly_predicted",
                "status": "",
                "failed_validation": "",
                "label_id": ""
            },
            {
                "id": "e60988b8-df7c-4909-aa00-e9e644d67b93",
                "row": 10,
                "col": 2,
                "row_span": 1,
                "col_span": 1,
                "label": "",
                "xmin": 270,
                "ymin": 1033,
                "xmax": 461,
                "ymax": 1103,
                "score": 0.7973633,
                "text": "40",
                "row_label": "",
                "verification_status": "correctly_predicted",
                "status": "",
                "failed_validation": "",
                "label_id": ""
            },
            {
                "id": "5c40eb2e-e56b-4d1e-99d8-898b844aeb4a",
                "row": 10,
                "col": 3,
                "row_span": 1,
                "col_span": 1,
                "label": "",
                "xmin": 461,
                "ymin": 1033,
                "xmax": 718,
                "ymax": 1102,
                "score": 0.81152344,
                "text": "राजपुर छाजपुर",
                "row_label": "",
                "verification_status": "correctly_predicted",
                "status": "",
                "failed_validation": "",
                "label_id": ""
            },
            {
                "id": "83e291be-44f3-4b3a-88fb-0e13e953a686",
                "row": 10,
                "col": 4,
                "row_span": 1,
                "col_span": 1,
                "label": "",
                "xmin": 718,
                "ymin": 1033,
                "xmax": 1133,
                "ymax": 1102,
                "score": 0.8569336,
                "text": "महिला",
                "row_label": "",
                "verification_status": "correctly_predicted",
                "status": "",
                "failed_validation": "",
                "label_id": ""
            },
            {
                "id": "b6803997-1677-402c-99a0-11508ecbf7bd",
                "row": 10,
                "col": 5,
                "row_span": 1,
                "col_span": 1,
                "label": "",
                "xmin": 1133,
                "ymin": 1032,
                "xmax": 1507,
                "ymax": 1102,
                "score": 0.8417969,
                "text": "दयावती",
                "row_label": "",
                "verification_status": "correctly_predicted",
                "status": "",
                "failed_validation": "",
                "label_id": ""
            },
            {
                "id": "87d26713-3d4e-4011-b198-3715711d18a5",
                "row": 10,
                "col": 6,
                "row_span": 1,
                "col_span": 1,
                "label": "",
                "xmin": 1507,
                "ymin": 1032,
                "xmax": 1694,
                "ymax": 1101,
                "score": 0.5083008,
                "text": "महिला",
                "row_label": "",
                "verification_status": "correctly_predicted",
                "status": "",
                "failed_validation": "",
                "label_id": ""
            },
            {
                "id": "75ebe58e-52df-4e3f-b1bb-3bab9203ff75",
                "row": 10,
                "col": 7,
                "row_span": 1,
                "col_span": 1,
                "label": "",
                "xmin": 1694,
                "ymin": 1032,
                "xmax": 2183,
                "ymax": 1101,
                "score": 0.8129883,
                "text": "महिला",
                "row_label": "",
                "verification_status": "correctly_predicted",
                "status": "",
                "failed_validation": "",
                "label_id": ""
            },
            {
                "id": "ce94a20e-05d0-43d8-b4da-d8173fddc8aa",
                "row": 11,
                "col": 1,
                "row_span": 1,
                "col_span": 1,
                "label": "",
                "xmin": 142,
                "ymin": 1103,
                "xmax": 270,
                "ymax": 1174,
                "score": 0.80078125,
                "text": "684",
                "row_label": "",
                "verification_status": "correctly_predicted",
                "status": "",
                "failed_validation": "",
                "label_id": ""
            },
            {
                "id": "2baa2215-812f-4969-8fdd-6891cb729aa4",
                "row": 11,
                "col": 2,
                "row_span": 1,
                "col_span": 1,
                "label": "",
                "xmin": 270,
                "ymin": 1102,
                "xmax": 461,
                "ymax": 1174,
                "score": 0.81152344,
                "text": "41",
                "row_label": "",
                "verification_status": "correctly_predicted",
                "status": "",
                "failed_validation": "",
                "label_id": ""
            },
            {
                "id": "ef23187a-55bf-46ad-b311-4278c80b12d0",
                "row": 11,
                "col": 3,
                "row_span": 1,
                "col_span": 1,
                "label": "",
                "xmin": 461,
                "ymin": 1102,
                "xmax": 718,
                "ymax": 1174,
                "score": 0.8261719,
                "text": "भारसी",
                "row_label": "",
                "verification_status": "correctly_predicted",
                "status": "",
                "failed_validation": "",
                "label_id": ""
            },
            {
                "id": "d4ea015d-1322-426c-a1b8-5b24271a06c6",
                "row": 11,
                "col": 4,
                "row_span": 1,
                "col_span": 1,
                "label": "",
                "xmin": 718,
                "ymin": 1102,
                "xmax": 1133,
                "ymax": 1174,
                "score": 0.8720703,
                "text": "अनारक्षित",
                "row_label": "",
                "verification_status": "correctly_predicted",
                "status": "",
                "failed_validation": "",
                "label_id": ""
            },
            {
                "id": "417cec47-afa9-4e22-a333-bb7704898c33",
                "row": 11,
                "col": 5,
                "row_span": 1,
                "col_span": 1,
                "label": "",
                "xmin": 1133,
                "ymin": 1101,
                "xmax": 1507,
                "ymax": 1173,
                "score": 0.8569336,
                "text": "विनोद",
                "row_label": "",
                "verification_status": "correctly_predicted",
                "status": "",
                "failed_validation": "",
                "label_id": ""
            },
            {
                "id": "15afcc2b-1172-4b7c-9b61-23e94984161e",
                "row": 11,
                "col": 6,
                "row_span": 1,
                "col_span": 1,
                "label": "",
                "xmin": 1507,
                "ymin": 1101,
                "xmax": 1694,
                "ymax": 1173,
                "score": 0.5175781,
                "text": "पुरुष",
                "row_label": "",
                "verification_status": "correctly_predicted",
                "status": "",
                "failed_validation": "",
                "label_id": ""
            },
            {
                "id": "e1f6f606-9717-4399-87bc-062b3bd6ee29",
                "row": 11,
                "col": 7,
                "row_span": 1,
                "col_span": 1,
                "label": "",
                "xmin": 1694,
                "ymin": 1101,
                "xmax": 2183,
                "ymax": 1173,
                "score": 0.82714844,
                "text": "पिछड़ी जाति",
                "row_label": "",
                "verification_status": "correctly_predicted",
                "status": "",
                "failed_validation": "",
                "label_id": ""
            },
            {
                "id": "f4518a03-09e2-40a6-841a-90c901271c4b",
                "row": 12,
                "col": 1,
                "row_span": 1,
                "col_span": 1,
                "label": "",
                "xmin": 142,
                "ymin": 1174,
                "xmax": 270,
                "ymax": 1247,
                "score": 0.80126953,
                "text": "685",
                "row_label": "",
                "verification_status": "correctly_predicted",
                "status": "",
                "failed_validation": "",
                "label_id": ""
            },
            {
                "id": "def77cc2-467a-48bb-aa51-a7b413d37cb0",
                "row": 12,
                "col": 2,
                "row_span": 1,
                "col_span": 1,
                "label": "",
                "xmin": 270,
                "ymin": 1174,
                "xmax": 461,
                "ymax": 1247,
                "score": 0.8120117,
                "text": "42",
                "row_label": "",
                "verification_status": "correctly_predicted",
                "status": "",
                "failed_validation": "",
                "label_id": ""
            },
            {
                "id": "bbf2f2c4-a427-4312-8143-0d5892c21711",
                "row": 12,
                "col": 3,
                "row_span": 1,
                "col_span": 1,
                "label": "",
                "xmin": 461,
                "ymin": 1174,
                "xmax": 718,
                "ymax": 1246,
                "score": 0.82666016,
                "text": "कांधला देहात",
                "row_label": "",
                "verification_status": "correctly_predicted",
                "status": "",
                "failed_validation": "",
                "label_id": ""
            },
            {
                "id": "9d636089-ad4c-4696-8c6e-2af3bafef665",
                "row": 12,
                "col": 4,
                "row_span": 1,
                "col_span": 1,
                "label": "",
                "xmin": 718,
                "ymin": 1173,
                "xmax": 1133,
                "ymax": 1246,
                "score": 0.8725586,
                "text": "पिछड़ी जाति - महिला",
                "row_label": "",
                "verification_status": "correctly_predicted",
                "status": "",
                "failed_validation": "",
                "label_id": ""
            },
            {
                "id": "3f0e89d0-7133-42f8-b6c2-b96713311add",
                "row": 12,
                "col": 5,
                "row_span": 1,
                "col_span": 1,
                "label": "",
                "xmin": 1133,
                "ymin": 1173,
                "xmax": 1507,
                "ymax": 1246,
                "score": 0.8569336,
                "text": "मोहसिमा",
                "row_label": "",
                "verification_status": "correctly_predicted",
                "status": "",
                "failed_validation": "",
                "label_id": ""
            },
            {
                "id": "f87182c1-7f3d-4800-9a56-4515e6a87b16",
                "row": 12,
                "col": 6,
                "row_span": 1,
                "col_span": 1,
                "label": "",
                "xmin": 1507,
                "ymin": 1173,
                "xmax": 1694,
                "ymax": 1245,
                "score": 0.5175781,
                "text": "महिला",
                "row_label": "",
                "verification_status": "correctly_predicted",
                "status": "",
                "failed_validation": "",
                "label_id": ""
            },
            {
                "id": "b330beab-eaeb-43fe-8aec-18bfc87f85e8",
                "row": 12,
                "col": 7,
                "row_span": 1,
                "col_span": 1,
                "label": "",
                "xmin": 1694,
                "ymin": 1172,
                "xmax": 2183,
                "ymax": 1245,
                "score": 0.8276367,
                "text": "पिछड़ी जाति - महिला",
                "row_label": "",
                "verification_status": "correctly_predicted",
                "status": "",
                "failed_validation": "",
                "label_id": ""
            },
            {
                "id": "f45b2dcd-41b5-44ef-a434-f0f718b0f535",
                "row": 13,
                "col": 1,
                "row_span": 1,
                "col_span": 1,
                "label": "",
                "xmin": 142,
                "ymin": 1247,
                "xmax": 271,
                "ymax": 1320,
                "score": 0.7709961,
                "text": "686",
                "row_label": "",
                "verification_status": "correctly_predicted",
                "status": "",
                "failed_validation": "",
                "label_id": ""
            },
            {
                "id": "060a064c-44fb-4e0c-9be0-ded40d4fcee8",
                "row": 13,
                "col": 2,
                "row_span": 1,
                "col_span": 1,
                "label": "",
                "xmin": 270,
                "ymin": 1246,
                "xmax": 461,
                "ymax": 1320,
                "score": 0.7817383,
                "text": "43",
                "row_label": "",
                "verification_status": "correctly_predicted",
                "status": "",
                "failed_validation": "",
                "label_id": ""
            },
            {
                "id": "623f0ca4-0fbf-4136-8c26-b6025f73223c",
                "row": 13,
                "col": 3,
                "row_span": 1,
                "col_span": 1,
                "label": "",
                "xmin": 461,
                "ymin": 1246,
                "xmax": 718,
                "ymax": 1320,
                "score": 0.79541016,
                "text": "लौहरीपुर",
                "row_label": "",
                "verification_status": "correctly_predicted",
                "status": "",
                "failed_validation": "",
                "label_id": ""
            },
            {
                "id": "7eb4e96f-a6b3-4699-8c25-d47437357035",
                "row": 13,
                "col": 4,
                "row_span": 1,
                "col_span": 1,
                "label": "",
                "xmin": 718,
                "ymin": 1246,
                "xmax": 1133,
                "ymax": 1320,
                "score": 0.83984375,
                "text": "पिछड़ी जाति",
                "row_label": "",
                "verification_status": "correctly_predicted",
                "status": "",
                "failed_validation": "",
                "label_id": ""
            },
            {
                "id": "efc04bce-1192-4a7b-b582-33d0f7da33f5",
                "row": 13,
                "col": 5,
                "row_span": 1,
                "col_span": 1,
                "label": "",
                "xmin": 1133,
                "ymin": 1245,
                "xmax": 1507,
                "ymax": 1320,
                "score": 0.8251953,
                "text": "यामीन",
                "row_label": "",
                "verification_status": "correctly_predicted",
                "status": "",
                "failed_validation": "",
                "label_id": ""
            },
            {
                "id": "2424ac54-9148-42dd-86fc-ff286776896a",
                "row": 13,
                "col": 6,
                "row_span": 1,
                "col_span": 1,
                "label": "",
                "xmin": 1507,
                "ymin": 1245,
                "xmax": 1694,
                "ymax": 1319,
                "score": 0.49829102,
                "text": "पुरुष",
                "row_label": "",
                "verification_status": "correctly_predicted",
                "status": "",
                "failed_validation": "",
                "label_id": ""
            },
            {
                "id": "a6a2bdea-896b-4b68-b7e8-e69a4d5ebc61",
                "row": 13,
                "col": 7,
                "row_span": 1,
                "col_span": 1,
                "label": "",
                "xmin": 1694,
                "ymin": 1245,
                "xmax": 2183,
                "ymax": 1319,
                "score": 0.796875,
                "text": "पिछड़ी जाति",
                "row_label": "",
                "verification_status": "correctly_predicted",
                "status": "",
                "failed_validation": "",
                "label_id": ""
            },
            {
                "id": "bff9e207-3d4b-4f4f-8013-1e94304e987d",
                "row": 14,
                "col": 1,
                "row_span": 1,
                "col_span": 1,
                "label": "",
                "xmin": 142,
                "ymin": 1320,
                "xmax": 271,
                "ymax": 1390,
                "score": 0.8491211,
                "text": "687",
                "row_label": "",
                "verification_status": "correctly_predicted",
                "status": "",
                "failed_validation": "",
                "label_id": ""
            },
            {
                "id": "8271695a-4c83-4ac3-bab8-1369c566c475",
                "row": 14,
                "col": 2,
                "row_span": 1,
                "col_span": 1,
                "label": "",
                "xmin": 271,
                "ymin": 1320,
                "xmax": 461,
                "ymax": 1390,
                "score": 0.86035156,
                "text": "44",
                "row_label": "",
                "verification_status": "correctly_predicted",
                "status": "",
                "failed_validation": "",
                "label_id": ""
            },
            {
                "id": "01183c52-93ce-4741-8261-abdb4b3ce18a",
                "row": 14,
                "col": 3,
                "row_span": 1,
                "col_span": 1,
                "label": "",
                "xmin": 461,
                "ymin": 1320,
                "xmax": 718,
                "ymax": 1390,
                "score": 0.87597656,
                "text": "हुरमजपुर",
                "row_label": "",
                "verification_status": "correctly_predicted",
                "status": "",
                "failed_validation": "",
                "label_id": ""
            },
            {
                "id": "ef0f46ad-d569-4f9b-9847-547cc055f0af",
                "row": 14,
                "col": 4,
                "row_span": 1,
                "col_span": 1,
                "label": "",
                "xmin": 718,
                "ymin": 1320,
                "xmax": 1133,
                "ymax": 1390,
                "score": 0.9248047,
                "text": "महिला",
                "row_label": "",
                "verification_status": "correctly_predicted",
                "status": "",
                "failed_validation": "",
                "label_id": ""
            },
            {
                "id": "bf003462-b15f-4222-b64f-667b86d5f16b",
                "row": 14,
                "col": 5,
                "row_span": 1,
                "col_span": 1,
                "label": "",
                "xmin": 1133,
                "ymin": 1319,
                "xmax": 1507,
                "ymax": 1389,
                "score": 0.9082031,
                "text": "राकेशो",
                "row_label": "",
                "verification_status": "correctly_predicted",
                "status": "",
                "failed_validation": "",
                "label_id": ""
            },
            {
                "id": "c762a915-d1f5-4f40-a020-a957594e365a",
                "row": 14,
                "col": 6,
                "row_span": 1,
                "col_span": 1,
                "label": "",
                "xmin": 1507,
                "ymin": 1319,
                "xmax": 1694,
                "ymax": 1389,
                "score": 0.5488281,
                "text": "महिला",
                "row_label": "",
                "verification_status": "correctly_predicted",
                "status": "",
                "failed_validation": "",
                "label_id": ""
            },
            {
                "id": "6cf63732-4776-4391-83c4-4eb7d1756268",
                "row": 14,
                "col": 7,
                "row_span": 1,
                "col_span": 1,
                "label": "",
                "xmin": 1694,
                "ymin": 1319,
                "xmax": 2183,
                "ymax": 1389,
                "score": 0.8774414,
                "text": "पिछड़ी जाति - महिला",
                "row_label": "",
                "verification_status": "correctly_predicted",
                "status": "",
                "failed_validation": "",
                "label_id": ""
            }
        ]
    }
]