[
    {
        "label": "table",
        "ocr_text": "table",
        "score": 1,
        "xmin": 141,
        "xmax": 2179,
        "ymin": 302,
        "ymax": 1533,
        "type": "table",
        "cells": [
            {
                "id": "3e206cc1-a0b7-4a8a-990a-901706d3c0b1",
                "row": 1,
                "col": 1,
                "row_span": 1,
                "col_span": 1,
                "label": "",
                "xmin": 141,
                "ymin": 305,
                "xmax": 271,
                "ymax": 457,
                "score": 0.47753906,
                "text": "क्रम\nसंख्या",
                "row_label": "",
                "verification_status": "correctly_predicted",
                "status": "",
                "failed_validation": "",
                "label_id": ""
            },
            {
                "id": "1ce8db76-6ce9-49bb-8918-ad6946da62b0",
                "row": 1,
                "col": 2,
                "row_span": 1,
                "col_span": 1,
                "label": "",
                "xmin": 271,
                "ymin": 304,
                "xmax": 462,
                "ymax": 457,
                "score": 0.49023438,
                "text": "ग्राम पंचायत\nका कोड",
                "row_label": "",
                "verification_status": "correctly_predicted",
                "status": "",
                "failed_validation": "",
                "label_id": ""
            },
            {
                "id": "506b2c42-6776-4b33-8ded-72a15717f5e4",
                "row": 1,
                "col": 3,
                "row_span": 1,
                "col_span": 1,
                "label": "",
                "xmin": 462,
                "ymin": 304,
                "xmax": 763,
                "ymax": 456,
                "score": 0.50439453,
                "text": "ग्राम पंचायत\nका नाम",
                "row_label": "",
                "verification_status": "correctly_predicted",
                "status": "",
                "failed_validation": "",
                "label_id": ""
            },
            {
                "id": "9bb80224-2139-4ec1-a033-743d1cc32e4c",
                "row": 1,
                "col": 4,
                "row_span": 1,
                "col_span": 1,
                "label": "",
                "xmin": 763,
                "ymin": 304,
                "xmax": 1138,
                "ymax": 456,
                "score": 0.52246094,
                "text": "पद की आरक्षण श्रेणी",
                "row_label": "",
                "verification_status": "correctly_predicted",
                "status": "",
                "failed_validation": "",
                "label_id": ""
            },
            {
                "id": "d21f4417-90ad-409f-bd85-47837b4a12f6",
                "row": 1,
                "col": 5,
                "row_span": 1,
                "col_span": 1,
                "label": "",
                "xmin": 1138,
                "ymin": 303,
                "xmax": 1507,
                "ymax": 455,
                "score": 0.52197266,
                "text": "विजयी उम्मीदवार\nका नाम",
                "row_label": "",
                "verification_status": "correctly_predicted",
                "status": "",
                "failed_validation": "",
                "label_id": ""
            },
            {
                "id": "4b9a300a-cc25-4674-b865-fa6dc6d6d03e",
                "row": 1,
                "col": 6,
                "row_span": 1,
                "col_span": 1,
                "label": "",
                "xmin": 1507,
                "ymin": 303,
                "xmax": 1694,
                "ymax": 455,
                "score": 0.32958984,
                "text": "लिंग",
                "row_label": "",
                "verification_status": "correctly_predicted",
                "status": "",
                "failed_validation": "",
                "label_id": ""
            },
            {
                "id": "49cb503d-2cd3-46c8-8f34-711ae5dcb67a",
                "row": 1,
                "col": 7,
                "row_span": 1,
                "col_span": 1,
                "label": "",
                "xmin": 1694,
                "ymin": 302,
                "xmax": 2179,
                "ymax": 455,
                "score": 0.51123047,
                "text": "उम्मीदवार की\nआरक्षण श्रेणी",
                "row_label": "",
                "verification_status": "correctly_predicted",
                "status": "",
                "failed_validation": "",
                "label_id": ""
            },
            {
                "id": "58595fb9-3b09-4eb4-b78a-e3e4fef7284d",
                "row": 2,
                "col": 1,
                "row_span": 1,
                "col_span": 1,
                "label": "",
                "xmin": 141,
                "ymin": 457,
                "xmax": 271,
                "ymax": 528,
                "score": 0.8022461,
                "text": "446",
                "row_label": "",
                "verification_status": "correctly_predicted",
                "status": "",
                "failed_validation": "",
                "label_id": ""
            },
            {
                "id": "0af96588-024e-4e5d-a4b1-13212298a900",
                "row": 2,
                "col": 2,
                "row_span": 1,
                "col_span": 1,
                "label": "",
                "xmin": 271,
                "ymin": 456,
                "xmax": 462,
                "ymax": 528,
                "score": 0.82373047,
                "text": "35",
                "row_label": "",
                "verification_status": "correctly_predicted",
                "status": "",
                "failed_validation": "",
                "label_id": ""
            },
            {
                "id": "511beae5-2760-49e8-8285-5370af61e6ed",
                "row": 2,
                "col": 3,
                "row_span": 1,
                "col_span": 1,
                "label": "",
                "xmin": 462,
                "ymin": 456,
                "xmax": 763,
                "ymax": 528,
                "score": 0.84814453,
                "text": "ललियाना",
                "row_label": "",
                "verification_status": "correctly_predicted",
                "status": "",
                "failed_validation": "",
                "label_id": ""
            },
            {
                "id": "61f4a41f-d8f2-49aa-8ef6-9f723ab7d284",
                "row": 2,
                "col": 4,
                "row_span": 1,
                "col_span": 1,
                "label": "",
                "xmin": 762,
                "ymin": 455,
                "xmax": 1138,
                "ymax": 527,
                "score": 0.87841797,
                "text": "अनुसूचित जाति",
                "row_label": "",
                "verification_status": "correctly_predicted",
                "status": "",
                "failed_validation": "",
                "label_id": ""
            },
            {
                "id": "a6b94341-f892-4055-a144-fea4ed994f81",
                "row": 2,
                "col": 5,
                "row_span": 1,
                "col_span": 1,
                "label": "",
                "xmin": 1138,
                "ymin": 455,
                "xmax": 1507,
                "ymax": 527,
                "score": 0.8769531,
                "text": "चन्दरू",
                "row_label": "",
                "verification_status": "correctly_predicted",
                "status": "",
                "failed_validation": "",
                "label_id": ""
            },
            {
                "id": "f67309bb-a940-450c-a7ed-2000e1e056b1",
                "row": 2,
                "col": 6,
                "row_span": 1,
                "col_span": 1,
                "label": "",
                "xmin": 1507,
                "ymin": 455,
                "xmax": 1694,
                "ymax": 526,
                "score": 0.55371094,
                "text": "पुरुष",
                "row_label": "",
                "verification_status": "correctly_predicted",
                "status": "",
                "failed_validation": "",
                "label_id": ""
            },
            {
                "id": "8b73a9aa-5627-4473-8d65-2beadeb8bb6f",
                "row": 2,
                "col": 7,
                "row_span": 1,
                "col_span": 1,
                "label": "",
                "xmin": 1694,
                "ymin": 454,
                "xmax": 2179,
                "ymax": 526,
                "score": 0.859375,
                "text": "अनुसूचित जाति",
                "row_label": "",
                "verification_status": "correctly_predicted",
                "status": "",
                "failed_validation": "",
                "label_id": ""
            },
            {
                "id": "91117c9c-263f-4906-9889-2f4f7472c475",
                "row": 3,
                "col": 1,
                "row_span": 1,
                "col_span": 1,
                "label": "",
                "xmin": 141,
                "ymin": 528,
                "xmax": 271,
                "ymax": 600,
                "score": 0.80029297,
                "text": "447",
                "row_label": "",
                "verification_status": "correctly_predicted",
                "status": "",
                "failed_validation": "",
                "label_id": ""
            },
            {
                "id": "4ba6edba-def9-432a-a4a9-2f958bfc249a",
                "row": 3,
                "col": 2,
                "row_span": 1,
                "col_span": 1,
                "label": "",
                "xmin": 271,
                "ymin": 528,
                "xmax": 462,
                "ymax": 599,
                "score": 0.82177734,
                "text": "36",
                "row_label": "",
                "verification_status": "correctly_predicted",
                "status": "",
                "failed_validation": "",
                "label_id": ""
            },
            {
                "id": "e3d28dd8-e087-453f-9a42-5ff7fd687d57",
                "row": 3,
                "col": 3,
                "row_span": 1,
                "col_span": 1,
                "label": "",
                "xmin": 462,
                "ymin": 527,
                "xmax": 762,
                "ymax": 599,
                "score": 0.8457031,
                "text": "छूछाई",
                "row_label": "",
                "verification_status": "correctly_predicted",
                "status": "",
                "failed_validation": "",
                "label_id": ""
            },
            {
                "id": "142b52e1-f66c-4a84-8216-65eed63179bd",
                "row": 3,
                "col": 4,
                "row_span": 1,
                "col_span": 1,
                "label": "",
                "xmin": 762,
                "ymin": 527,
                "xmax": 1138,
                "ymax": 599,
                "score": 0.87597656,
                "text": "पिछड़ी जाति",
                "row_label": "",
                "verification_status": "correctly_predicted",
                "status": "",
                "failed_validation": "",
                "label_id": ""
            },
            {
                "id": "aa3661f2-e349-4dab-a39c-e835cfd6697e",
                "row": 3,
                "col": 5,
                "row_span": 1,
                "col_span": 1,
                "label": "",
                "xmin": 1138,
                "ymin": 526,
                "xmax": 1507,
                "ymax": 598,
                "score": 0.8745117,
                "text": "जगदीश सिंह",
                "row_label": "",
                "verification_status": "correctly_predicted",
                "status": "",
                "failed_validation": "",
                "label_id": ""
            },
            {
                "id": "c33b513b-b6be-4125-b804-270ac77581f0",
                "row": 3,
                "col": 6,
                "row_span": 1,
                "col_span": 1,
                "label": "",
                "xmin": 1507,
                "ymin": 526,
                "xmax": 1694,
                "ymax": 598,
                "score": 0.5522461,
                "text": "पुरुष",
                "row_label": "",
                "verification_status": "correctly_predicted",
                "status": "",
                "failed_validation": "",
                "label_id": ""
            },
            {
                "id": "e6f53828-5aae-4544-9157-5089885ef5d9",
                "row": 3,
                "col": 7,
                "row_span": 1,
                "col_span": 1,
                "label": "",
                "xmin": 1694,
                "ymin": 525,
                "xmax": 2179,
                "ymax": 598,
                "score": 0.8569336,
                "text": "पिछड़ी जाति",
                "row_label": "",
                "verification_status": "correctly_predicted",
                "status": "",
                "failed_validation": "",
                "label_id": ""
            },
            {
                "id": "16ab95d5-b8b0-4b62-862a-ddf010e167a8",
                "row": 4,
                "col": 1,
                "row_span": 1,
                "col_span": 1,
                "label": "",
                "xmin": 141,
                "ymin": 599,
                "xmax": 271,
                "ymax": 672,
                "score": 0.8178711,
                "text": "448",
                "row_label": "",
                "verification_status": "correctly_predicted",
                "status": "",
                "failed_validation": "",
                "label_id": ""
            },
            {
                "id": "79b8d0dd-8f6b-45f0-830b-7eab141e56b0",
                "row": 4,
                "col": 2,
                "row_span": 1,
                "col_span": 1,
                "label": "",
                "xmin": 271,
                "ymin": 599,
                "xmax": 462,
                "ymax": 672,
                "score": 0.83984375,
                "text": "37",
                "row_label": "",
                "verification_status": "correctly_predicted",
                "status": "",
                "failed_validation": "",
                "label_id": ""
            },
            {
                "id": "b74e648f-464b-4de3-aaa1-040aec40948d",
                "row": 4,
                "col": 3,
                "row_span": 1,
                "col_span": 1,
                "label": "",
                "xmin": 462,
                "ymin": 599,
                "xmax": 762,
                "ymax": 672,
                "score": 0.8642578,
                "text": "असीलपुर",
                "row_label": "",
                "verification_status": "correctly_predicted",
                "status": "",
                "failed_validation": "",
                "label_id": ""
            },
            {
                "id": "f0ecde17-268f-4fdc-915f-03521456b40e",
                "row": 4,
                "col": 4,
                "row_span": 1,
                "col_span": 1,
                "label": "",
                "xmin": 762,
                "ymin": 598,
                "xmax": 1138,
                "ymax": 671,
                "score": 0.89501953,
                "text": "अनुसूचित जाति महिला -",
                "row_label": "",
                "verification_status": "correctly_predicted",
                "status": "",
                "failed_validation": "",
                "label_id": ""
            },
            {
                "id": "8c76e159-4d27-4eb6-a2ef-b541ef91409d",
                "row": 4,
                "col": 5,
                "row_span": 1,
                "col_span": 1,
                "label": "",
                "xmin": 1138,
                "ymin": 598,
                "xmax": 1507,
                "ymax": 671,
                "score": 0.89404297,
                "text": "रेखा रानी",
                "row_label": "",
                "verification_status": "correctly_predicted",
                "status": "",
                "failed_validation": "",
                "label_id": ""
            },
            {
                "id": "cdad25d0-f9cf-4406-850f-001011a374df",
                "row": 4,
                "col": 6,
                "row_span": 1,
                "col_span": 1,
                "label": "",
                "xmin": 1507,
                "ymin": 598,
                "xmax": 1694,
                "ymax": 670,
                "score": 0.5644531,
                "text": "महिला",
                "row_label": "",
                "verification_status": "correctly_predicted",
                "status": "",
                "failed_validation": "",
                "label_id": ""
            },
            {
                "id": "ef37b686-c71f-48e1-b891-7714894221bd",
                "row": 4,
                "col": 7,
                "row_span": 1,
                "col_span": 1,
                "label": "",
                "xmin": 1694,
                "ymin": 597,
                "xmax": 2179,
                "ymax": 670,
                "score": 0.8754883,
                "text": "अनुसूचित जाति - महिला",
                "row_label": "",
                "verification_status": "correctly_predicted",
                "status": "",
                "failed_validation": "",
                "label_id": ""
            },
            {
                "id": "45edeea3-9e6e-4caa-86ac-fdd141b523be",
                "row": 5,
                "col": 1,
                "row_span": 1,
                "col_span": 1,
                "label": "",
                "xmin": 141,
                "ymin": 672,
                "xmax": 271,
                "ymax": 744,
                "score": 0.7988281,
                "text": "449",
                "row_label": "",
                "verification_status": "correctly_predicted",
                "status": "",
                "failed_validation": "",
                "label_id": ""
            },
            {
                "id": "ce39f429-b542-4367-adf4-d3c245a5cc7e",
                "row": 5,
                "col": 2,
                "row_span": 1,
                "col_span": 1,
                "label": "",
                "xmin": 271,
                "ymin": 672,
                "xmax": 462,
                "ymax": 743,
                "score": 0.8198242,
                "text": "38",
                "row_label": "",
                "verification_status": "correctly_predicted",
                "status": "",
                "failed_validation": "",
                "label_id": ""
            },
            {
                "id": "35c4a70c-8970-4bba-b11f-e4b4cd2ea5d5",
                "row": 5,
                "col": 3,
                "row_span": 1,
                "col_span": 1,
                "label": "",
                "xmin": 462,
                "ymin": 671,
                "xmax": 762,
                "ymax": 743,
                "score": 0.84375,
                "text": "सालौर रसूल पनाह",
                "row_label": "",
                "verification_status": "correctly_predicted",
                "status": "",
                "failed_validation": "",
                "label_id": ""
            },
            {
                "id": "efa8e265-4873-4eb3-9e17-e8f546cd7313",
                "row": 5,
                "col": 4,
                "row_span": 1,
                "col_span": 1,
                "label": "",
                "xmin": 762,
                "ymin": 671,
                "xmax": 1138,
                "ymax": 743,
                "score": 0.87402344,
                "text": "पिछड़ी जाति - महिला",
                "row_label": "",
                "verification_status": "correctly_predicted",
                "status": "",
                "failed_validation": "",
                "label_id": ""
            },
            {
                "id": "1bace977-2a92-401a-9a49-bc64f935b61a",
                "row": 5,
                "col": 5,
                "row_span": 1,
                "col_span": 1,
                "label": "",
                "xmin": 1138,
                "ymin": 670,
                "xmax": 1507,
                "ymax": 742,
                "score": 0.8725586,
                "text": "संतोष",
                "row_label": "",
                "verification_status": "correctly_predicted",
                "status": "",
                "failed_validation": "",
                "label_id": ""
            },
            {
                "id": "4430c40e-3bff-4216-bed5-16bf384c70f0",
                "row": 5,
                "col": 6,
                "row_span": 1,
                "col_span": 1,
                "label": "",
                "xmin": 1507,
                "ymin": 670,
                "xmax": 1694,
                "ymax": 742,
                "score": 0.55126953,
                "text": "महिला",
                "row_label": "",
                "verification_status": "correctly_predicted",
                "status": "",
                "failed_validation": "",
                "label_id": ""
            },
            {
                "id": "bf12cfa3-91db-46b5-ab7c-f0971ea5135d",
                "row": 5,
                "col": 7,
                "row_span": 1,
                "col_span": 1,
                "label": "",
                "xmin": 1694,
                "ymin": 669,
                "xmax": 2179,
                "ymax": 742,
                "score": 0.85498047,
                "text": "पिछड़ी जाति - महिला",
                "row_label": "",
                "verification_status": "correctly_predicted",
                "status": "",
                "failed_validation": "",
                "label_id": ""
            },
            {
                "id": "77b129a0-bcfe-46a5-be9d-3b94f9a12ddd",
                "row": 6,
                "col": 1,
                "row_span": 1,
                "col_span": 1,
                "label": "",
                "xmin": 141,
                "ymin": 743,
                "xmax": 271,
                "ymax": 817,
                "score": 0.80566406,
                "text": "450",
                "row_label": "",
                "verification_status": "correctly_predicted",
                "status": "",
                "failed_validation": "",
                "label_id": ""
            },
            {
                "id": "d276311c-d953-4971-81ff-8e707de1b8a2",
                "row": 6,
                "col": 2,
                "row_span": 1,
                "col_span": 1,
                "label": "",
                "xmin": 271,
                "ymin": 743,
                "xmax": 462,
                "ymax": 817,
                "score": 0.82714844,
                "text": "39",
                "row_label": "",
                "verification_status": "correctly_predicted",
                "status": "",
                "failed_validation": "",
                "label_id": ""
            },
            {
                "id": "228ecd0c-01e0-4e53-bddc-104ddf809f8e",
                "row": 6,
                "col": 3,
                "row_span": 1,
                "col_span": 1,
                "label": "",
                "xmin": 462,
                "ymin": 743,
                "xmax": 762,
                "ymax": 817,
                "score": 0.8510742,
                "text": "सिकन्द्रपुर",
                "row_label": "",
                "verification_status": "correctly_predicted",
                "status": "",
                "failed_validation": "",
                "label_id": ""
            },
            {
                "id": "de8affb0-769a-4f42-a4d0-87795a5597d8",
                "row": 6,
                "col": 4,
                "row_span": 1,
                "col_span": 1,
                "label": "",
                "xmin": 762,
                "ymin": 742,
                "xmax": 1138,
                "ymax": 817,
                "score": 0.88183594,
                "text": "अनारक्षित",
                "row_label": "",
                "verification_status": "correctly_predicted",
                "status": "",
                "failed_validation": "",
                "label_id": ""
            },
            {
                "id": "8d458e27-19aa-49b1-9318-f6af2d8e9f5e",
                "row": 6,
                "col": 5,
                "row_span": 1,
                "col_span": 1,
                "label": "",
                "xmin": 1138,
                "ymin": 742,
                "xmax": 1507,
                "ymax": 816,
                "score": 0.8803711,
                "text": "सुभाष",
                "row_label": "",
                "verification_status": "correctly_predicted",
                "status": "",
                "failed_validation": "",
                "label_id": ""
            },
            {
                "id": "c5cfe4be-ba90-4fc8-bd93-91c31fdef021",
                "row": 6,
                "col": 6,
                "row_span": 1,
                "col_span": 1,
                "label": "",
                "xmin": 1507,
                "ymin": 742,
                "xmax": 1694,
                "ymax": 815,
                "score": 0.55615234,
                "text": "पुरुष",
                "row_label": "",
                "verification_status": "correctly_predicted",
                "status": "",
                "failed_validation": "",
                "label_id": ""
            },
            {
                "id": "062f2aa1-351b-44e4-a011-1441577dcf3b",
                "row": 6,
                "col": 7,
                "row_span": 1,
                "col_span": 1,
                "label": "",
                "xmin": 1694,
                "ymin": 741,
                "xmax": 2179,
                "ymax": 815,
                "score": 0.8623047,
                "text": "पिछड़ी जाति",
                "row_label": "",
                "verification_status": "correctly_predicted",
                "status": "",
                "failed_validation": "",
                "label_id": ""
            },
            {
                "id": "d591d518-2795-4ff5-8151-d4e8c4299156",
                "row": 7,
                "col": 1,
                "row_span": 1,
                "col_span": 1,
                "label": "",
                "xmin": 141,
                "ymin": 817,
                "xmax": 271,
                "ymax": 889,
                "score": 0.79833984,
                "text": "451",
                "row_label": "",
                "verification_status": "correctly_predicted",
                "status": "",
                "failed_validation": "",
                "label_id": ""
            },
            {
                "id": "6b82026b-138c-47a9-8f75-0d54fa82baf8",
                "row": 7,
                "col": 2,
                "row_span": 1,
                "col_span": 1,
                "label": "",
                "xmin": 271,
                "ymin": 817,
                "xmax": 462,
                "ymax": 889,
                "score": 0.81933594,
                "text": "40",
                "row_label": "",
                "verification_status": "correctly_predicted",
                "status": "",
                "failed_validation": "",
                "label_id": ""
            },
            {
                "id": "21969ebb-14bb-47b6-aea3-2ddb20014d36",
                "row": 7,
                "col": 3,
                "row_span": 1,
                "col_span": 1,
                "label": "",
                "xmin": 462,
                "ymin": 817,
                "xmax": 762,
                "ymax": 888,
                "score": 0.8432617,
                "text": "तरबीयतपुरा जनूबी",
                "row_label": "",
                "verification_status": "correctly_predicted",
                "status": "",
                "failed_validation": "",
                "label_id": ""
            },
            {
                "id": "d2fd1342-daf2-496a-a83a-41b3a5472077",
                "row": 7,
                "col": 4,
                "row_span": 1,
                "col_span": 1,
                "label": "",
                "xmin": 762,
                "ymin": 816,
                "xmax": 1138,
                "ymax": 888,
                "score": 0.87353516,
                "text": "अनारक्षित",
                "row_label": "",
                "verification_status": "correctly_predicted",
                "status": "",
                "failed_validation": "",
                "label_id": ""
            },
            {
                "id": "710b7368-2fe5-46eb-a946-e532f5f5c9ba",
                "row": 7,
                "col": 5,
                "row_span": 1,
                "col_span": 1,
                "label": "",
                "xmin": 1138,
                "ymin": 815,
                "xmax": 1507,
                "ymax": 887,
                "score": 0.8725586,
                "text": "तिलक राम",
                "row_label": "",
                "verification_status": "correctly_predicted",
                "status": "",
                "failed_validation": "",
                "label_id": ""
            },
            {
                "id": "fae162d8-7d73-4bd3-b9f2-340cc9400f43",
                "row": 7,
                "col": 6,
                "row_span": 1,
                "col_span": 1,
                "label": "",
                "xmin": 1507,
                "ymin": 815,
                "xmax": 1694,
                "ymax": 887,
                "score": 0.55078125,
                "text": "पुरुष",
                "row_label": "",
                "verification_status": "correctly_predicted",
                "status": "",
                "failed_validation": "",
                "label_id": ""
            },
            {
                "id": "e60edd0c-a058-4870-b812-a667c161c3ef",
                "row": 7,
                "col": 7,
                "row_span": 1,
                "col_span": 1,
                "label": "",
                "xmin": 1694,
                "ymin": 815,
                "xmax": 2179,
                "ymax": 887,
                "score": 0.8544922,
                "text": "अनुसूचित जाति",
                "row_label": "",
                "verification_status": "correctly_predicted",
                "status": "",
                "failed_validation": "",
                "label_id": ""
            },
            {
                "id": "13a93304-1cd0-4f45-a841-9f2cb5d3ba4b",
                "row": 8,
                "col": 1,
                "row_span": 1,
                "col_span": 1,
                "label": "",
                "xmin": 141,
                "ymin": 889,
                "xmax": 271,
                "ymax": 961,
                "score": 0.80029297,
                "text": "452",
                "row_label": "",
                "verification_status": "correctly_predicted",
                "status": "",
                "failed_validation": "",
                "label_id": ""
            },
            {
                "id": "a19cf224-166c-482c-b433-bb482a78d9dd",
                "row": 8,
                "col": 2,
                "row_span": 1,
                "col_span": 1,
                "label": "",
                "xmin": 271,
                "ymin": 888,
                "xmax": 462,
                "ymax": 961,
                "score": 0.82177734,
                "text": "41",
                "row_label": "",
                "verification_status": "correctly_predicted",
                "status": "",
                "failed_validation": "",
                "label_id": ""
            },
            {
                "id": "544834fd-5845-4c7b-9824-3a55cbb421ec",
                "row": 8,
                "col": 3,
                "row_span": 1,
                "col_span": 1,
                "label": "",
                "xmin": 461,
                "ymin": 888,
                "xmax": 762,
                "ymax": 961,
                "score": 0.8457031,
                "text": "महमूदपुर गढ़ी",
                "row_label": "",
                "verification_status": "correctly_predicted",
                "status": "",
                "failed_validation": "",
                "label_id": ""
            },
            {
                "id": "a36d6d97-a8f7-4b41-8219-8d8a56ce6663",
                "row": 8,
                "col": 4,
                "row_span": 1,
                "col_span": 1,
                "label": "",
                "xmin": 762,
                "ymin": 887,
                "xmax": 1138,
                "ymax": 960,
                "score": 0.87597656,
                "text": "अनुसूचित जाति - महिला",
                "row_label": "",
                "verification_status": "correctly_predicted",
                "status": "",
                "failed_validation": "",
                "label_id": ""
            },
            {
                "id": "71b09088-e1ca-4d17-95db-c898499f03a8",
                "row": 8,
                "col": 5,
                "row_span": 1,
                "col_span": 1,
                "label": "",
                "xmin": 1138,
                "ymin": 887,
                "xmax": 1507,
                "ymax": 960,
                "score": 0.8745117,
                "text": "पदमनी",
                "row_label": "",
                "verification_status": "correctly_predicted",
                "status": "",
                "failed_validation": "",
                "label_id": ""
            },
            {
                "id": "82a8f36f-7dbe-4fcf-a996-68f790da0c83",
                "row": 8,
                "col": 6,
                "row_span": 1,
                "col_span": 1,
                "label": "",
                "xmin": 1507,
                "ymin": 887,
                "xmax": 1694,
                "ymax": 959,
                "score": 0.5522461,
                "text": "महिला",
                "row_label": "",
                "verification_status": "correctly_predicted",
                "status": "",
                "failed_validation": "",
                "label_id": ""
            },
            {
                "id": "a05d0494-a4e6-43fc-aec1-545434d6c5d5",
                "row": 8,
                "col": 7,
                "row_span": 1,
                "col_span": 1,
                "label": "",
                "xmin": 1694,
                "ymin": 886,
                "xmax": 2179,
                "ymax": 959,
                "score": 0.8569336,
                "text": "अनुसूचित जाति - महिला",
                "row_label": "",
                "verification_status": "correctly_predicted",
                "status": "",
                "failed_validation": "",
                "label_id": ""
            },
            {
                "id": "bc0ecdb7-4a54-41eb-8ab1-ba6a634fa3c2",
                "row": 9,
                "col": 1,
                "row_span": 1,
                "col_span": 1,
                "label": "",
                "xmin": 141,
                "ymin": 961,
                "xmax": 271,
                "ymax": 1033,
                "score": 0.7973633,
                "text": "453",
                "row_label": "",
                "verification_status": "correctly_predicted",
                "status": "",
                "failed_validation": "",
                "label_id": ""
            },
            {
                "id": "80234876-5811-439b-8094-79916157ebee",
                "row": 9,
                "col": 2,
                "row_span": 1,
                "col_span": 1,
                "label": "",
                "xmin": 271,
                "ymin": 961,
                "xmax": 461,
                "ymax": 1033,
                "score": 0.81884766,
                "text": "42",
                "row_label": "",
                "verification_status": "correctly_predicted",
                "status": "",
                "failed_validation": "",
                "label_id": ""
            },
            {
                "id": "f520d2d3-eeb8-49fa-a430-fd530022658f",
                "row": 9,
                "col": 3,
                "row_span": 1,
                "col_span": 1,
                "label": "",
                "xmin": 461,
                "ymin": 960,
                "xmax": 762,
                "ymax": 1032,
                "score": 0.84277344,
                "text": "गेसूपुर दक्षिणी",
                "row_label": "",
                "verification_status": "correctly_predicted",
                "status": "",
                "failed_validation": "",
                "label_id": ""
            },
            {
                "id": "0b219682-ff22-49a0-99f9-4add90885528",
                "row": 9,
                "col": 4,
                "row_span": 1,
                "col_span": 1,
                "label": "",
                "xmin": 762,
                "ymin": 960,
                "xmax": 1138,
                "ymax": 1032,
                "score": 0.8725586,
                "text": "पिछड़ी जाति - महिला",
                "row_label": "",
                "verification_status": "correctly_predicted",
                "status": "",
                "failed_validation": "",
                "label_id": ""
            },
            {
                "id": "9c16a58b-3082-47dc-b57f-ccc4fcfa6cc2",
                "row": 9,
                "col": 5,
                "row_span": 1,
                "col_span": 1,
                "label": "",
                "xmin": 1138,
                "ymin": 959,
                "xmax": 1507,
                "ymax": 1031,
                "score": 0.87158203,
                "text": "छोटी",
                "row_label": "",
                "verification_status": "correctly_predicted",
                "status": "",
                "failed_validation": "",
                "label_id": ""
            },
            {
                "id": "81bac54f-b969-453e-a10e-755c22e62e80",
                "row": 9,
                "col": 6,
                "row_span": 1,
                "col_span": 1,
                "label": "",
                "xmin": 1507,
                "ymin": 959,
                "xmax": 1694,
                "ymax": 1031,
                "score": 0.55029297,
                "text": "महिला",
                "row_label": "",
                "verification_status": "correctly_predicted",
                "status": "",
                "failed_validation": "",
                "label_id": ""
            },
            {
                "id": "13a75c24-76c1-4eb4-a6a1-dce96f2e6de2",
                "row": 9,
                "col": 7,
                "row_span": 1,
                "col_span": 1,
                "label": "",
                "xmin": 1694,
                "ymin": 959,
                "xmax": 2179,
                "ymax": 1031,
                "score": 0.8535156,
                "text": "पिछड़ी जाति - महिला",
                "row_label": "",
                "verification_status": "correctly_predicted",
                "status": "",
                "failed_validation": "",
                "label_id": ""
            },
            {
                "id": "9a76f1f4-74ec-4c34-9fa8-2f1b9d97a7f9",
                "row": 10,
                "col": 1,
                "row_span": 1,
                "col_span": 1,
                "label": "",
                "xmin": 141,
                "ymin": 1033,
                "xmax": 271,
                "ymax": 1105,
                "score": 0.8149414,
                "text": "454",
                "row_label": "",
                "verification_status": "correctly_predicted",
                "status": "",
                "failed_validation": "",
                "label_id": ""
            },
            {
                "id": "a67a46e2-0fe1-48e1-97d2-49f446ea6614",
                "row": 10,
                "col": 2,
                "row_span": 1,
                "col_span": 1,
                "label": "",
                "xmin": 271,
                "ymin": 1032,
                "xmax": 461,
                "ymax": 1105,
                "score": 0.8364258,
                "text": "43",
                "row_label": "",
                "verification_status": "correctly_predicted",
                "status": "",
                "failed_validation": "",
                "label_id": ""
            },
            {
                "id": "5f272f34-4476-4ac9-85c1-8654aaaaa1e2",
                "row": 10,
                "col": 3,
                "row_span": 1,
                "col_span": 1,
                "label": "",
                "xmin": 461,
                "ymin": 1032,
                "xmax": 762,
                "ymax": 1105,
                "score": 0.8613281,
                "text": "गेसूपुर उत्तरी",
                "row_label": "",
                "verification_status": "correctly_predicted",
                "status": "",
                "failed_validation": "",
                "label_id": ""
            },
            {
                "id": "f93ac9f5-fe8a-49b5-b5d5-ff2c5c3676be",
                "row": 10,
                "col": 4,
                "row_span": 1,
                "col_span": 1,
                "label": "",
                "xmin": 762,
                "ymin": 1031,
                "xmax": 1138,
                "ymax": 1104,
                "score": 0.89208984,
                "text": "अनुसूचित जाति",
                "row_label": "",
                "verification_status": "correctly_predicted",
                "status": "",
                "failed_validation": "",
                "label_id": ""
            },
            {
                "id": "3ad527a0-8acb-4430-884b-1ec471ff9e83",
                "row": 10,
                "col": 5,
                "row_span": 1,
                "col_span": 1,
                "label": "",
                "xmin": 1138,
                "ymin": 1031,
                "xmax": 1507,
                "ymax": 1104,
                "score": 0.890625,
                "text": "फकीर दास",
                "row_label": "",
                "verification_status": "correctly_predicted",
                "status": "",
                "failed_validation": "",
                "label_id": ""
            },
            {
                "id": "cbe74aa6-44d5-48e1-82a6-e0dc23458b6c",
                "row": 10,
                "col": 6,
                "row_span": 1,
                "col_span": 1,
                "label": "",
                "xmin": 1507,
                "ymin": 1031,
                "xmax": 1694,
                "ymax": 1103,
                "score": 0.5625,
                "text": "पुरुष",
                "row_label": "",
                "verification_status": "correctly_predicted",
                "status": "",
                "failed_validation": "",
                "label_id": ""
            },
            {
                "id": "b4c27a9d-9997-4026-9f2b-b18aca32bb6c",
                "row": 10,
                "col": 7,
                "row_span": 1,
                "col_span": 1,
                "label": "",
                "xmin": 1694,
                "ymin": 1030,
                "xmax": 2179,
                "ymax": 1103,
                "score": 0.8725586,
                "text": "अनुसूचित जाति",
                "row_label": "",
                "verification_status": "correctly_predicted",
                "status": "",
                "failed_validation": "",
                "label_id": ""
            },
            {
                "id": "4611edb7-af7f-44c3-9ac0-00ab843e293b",
                "row": 11,
                "col": 1,
                "row_span": 1,
                "col_span": 1,
                "label": "",
                "xmin": 141,
                "ymin": 1105,
                "xmax": 271,
                "ymax": 1175,
                "score": 0.7890625,
                "text": "455",
                "row_label": "",
                "verification_status": "correctly_predicted",
                "status": "",
                "failed_validation": "",
                "label_id": ""
            },
            {
                "id": "3c5f8a4b-5910-4ce5-a193-ca101482ab8c",
                "row": 11,
                "col": 2,
                "row_span": 1,
                "col_span": 1,
                "label": "",
                "xmin": 271,
                "ymin": 1105,
                "xmax": 461,
                "ymax": 1175,
                "score": 0.8100586,
                "text": "44",
                "row_label": "",
                "verification_status": "correctly_predicted",
                "status": "",
                "failed_validation": "",
                "label_id": ""
            },
            {
                "id": "81a71f22-d682-45dd-837c-f7a3e36de72e",
                "row": 11,
                "col": 3,
                "row_span": 1,
                "col_span": 1,
                "label": "",
                "xmin": 461,
                "ymin": 1104,
                "xmax": 762,
                "ymax": 1175,
                "score": 0.8339844,
                "text": "आसिफाबाद समसपुर",
                "row_label": "",
                "verification_status": "correctly_predicted",
                "status": "",
                "failed_validation": "",
                "label_id": ""
            },
            {
                "id": "7bbbd6f4-45a7-4674-8a28-635b89ae33be",
                "row": 11,
                "col": 4,
                "row_span": 1,
                "col_span": 1,
                "label": "",
                "xmin": 762,
                "ymin": 1104,
                "xmax": 1138,
                "ymax": 1175,
                "score": 0.86376953,
                "text": "पिछड़ी जाति - महिला",
                "row_label": "",
                "verification_status": "correctly_predicted",
                "status": "",
                "failed_validation": "",
                "label_id": ""
            },
            {
                "id": "3931a93c-d6b3-4528-86b5-79d42b5a683b",
                "row": 11,
                "col": 5,
                "row_span": 1,
                "col_span": 1,
                "label": "",
                "xmin": 1138,
                "ymin": 1103,
                "xmax": 1507,
                "ymax": 1174,
                "score": 0.8623047,
                "text": "कुन्ता",
                "row_label": "",
                "verification_status": "correctly_predicted",
                "status": "",
                "failed_validation": "",
                "label_id": ""
            },
            {
                "id": "ed7314f8-e32e-4271-9deb-e7ff8d12e452",
                "row": 11,
                "col": 6,
                "row_span": 1,
                "col_span": 1,
                "label": "",
                "xmin": 1507,
                "ymin": 1103,
                "xmax": 1694,
                "ymax": 1174,
                "score": 0.5449219,
                "text": "महिला",
                "row_label": "",
                "verification_status": "correctly_predicted",
                "status": "",
                "failed_validation": "",
                "label_id": ""
            },
            {
                "id": "f5238930-6fb0-4005-9047-d817ec258460",
                "row": 11,
                "col": 7,
                "row_span": 1,
                "col_span": 1,
                "label": "",
                "xmin": 1694,
                "ymin": 1103,
                "xmax": 2179,
                "ymax": 1173,
                "score": 0.84472656,
                "text": "पिछड़ी जाति - महिला",
                "row_label": "",
                "verification_status": "correctly_predicted",
                "status": "",
                "failed_validation": "",
                "label_id": ""
            },
            {
                "id": "829e7811-443a-4e2e-a98e-9fb99a1a160a",
                "row": 12,
                "col": 1,
                "row_span": 1,
                "col_span": 1,
                "label": "",
                "xmin": 141,
                "ymin": 1175,
                "xmax": 271,
                "ymax": 1247,
                "score": 0.79296875,
                "text": "456",
                "row_label": "",
                "verification_status": "correctly_predicted",
                "status": "",
                "failed_validation": "",
                "label_id": ""
            },
            {
                "id": "b693b9ac-8b14-452d-8a42-6baf61c836a3",
                "row": 12,
                "col": 2,
                "row_span": 1,
                "col_span": 1,
                "label": "",
                "xmin": 271,
                "ymin": 1175,
                "xmax": 461,
                "ymax": 1247,
                "score": 0.8144531,
                "text": "45",
                "row_label": "",
                "verification_status": "correctly_predicted",
                "status": "",
                "failed_validation": "",
                "label_id": ""
            },
            {
                "id": "9c824a48-1629-443e-ad09-93053dfa3004",
                "row": 12,
                "col": 3,
                "row_span": 1,
                "col_span": 1,
                "label": "",
                "xmin": 461,
                "ymin": 1175,
                "xmax": 762,
                "ymax": 1246,
                "score": 0.8378906,
                "text": "नीमका",
                "row_label": "",
                "verification_status": "correctly_predicted",
                "status": "",
                "failed_validation": "",
                "label_id": ""
            },
            {
                "id": "c9c9776d-6f52-4af0-84e3-2a036a21d92c",
                "row": 12,
                "col": 4,
                "row_span": 1,
                "col_span": 1,
                "label": "",
                "xmin": 762,
                "ymin": 1174,
                "xmax": 1138,
                "ymax": 1246,
                "score": 0.86816406,
                "text": "अनारक्षित",
                "row_label": "",
                "verification_status": "correctly_predicted",
                "status": "",
                "failed_validation": "",
                "label_id": ""
            },
            {
                "id": "24bdc50d-1304-47e9-9b98-dd17c6ad1d95",
                "row": 12,
                "col": 5,
                "row_span": 1,
                "col_span": 1,
                "label": "",
                "xmin": 1138,
                "ymin": 1174,
                "xmax": 1507,
                "ymax": 1246,
                "score": 0.8666992,
                "text": "विरेन्द्र",
                "row_label": "",
                "verification_status": "correctly_predicted",
                "status": "",
                "failed_validation": "",
                "label_id": ""
            },
            {
                "id": "00b570f0-7338-4447-a316-140546a616b0",
                "row": 12,
                "col": 6,
                "row_span": 1,
                "col_span": 1,
                "label": "",
                "xmin": 1507,
                "ymin": 1173,
                "xmax": 1694,
                "ymax": 1245,
                "score": 0.5473633,
                "text": "पुरुष",
                "row_label": "",
                "verification_status": "correctly_predicted",
                "status": "",
                "failed_validation": "",
                "label_id": ""
            },
            {
                "id": "bb8f8950-1e36-48a8-9fca-4fe85ff2f47b",
                "row": 12,
                "col": 7,
                "row_span": 1,
                "col_span": 1,
                "label": "",
                "xmin": 1694,
                "ymin": 1173,
                "xmax": 2179,
                "ymax": 1245,
                "score": 0.8491211,
                "text": "पिछड़ी जाति",
                "row_label": "",
                "verification_status": "correctly_predicted",
                "status": "",
                "failed_validation": "",
                "label_id": ""
            },
            {
                "id": "c237eef6-3a88-4d1f-a86b-46da6bd3e841",
                "row": 13,
                "col": 1,
                "row_span": 1,
                "col_span": 1,
                "label": "",
                "xmin": 141,
                "ymin": 1247,
                "xmax": 271,
                "ymax": 1322,
                "score": 0.81347656,
                "text": "457",
                "row_label": "",
                "verification_status": "correctly_predicted",
                "status": "",
                "failed_validation": "",
                "label_id": ""
            },
            {
                "id": "ba105313-5692-4c4c-9f1c-91c49733776c",
                "row": 13,
                "col": 2,
                "row_span": 1,
                "col_span": 1,
                "label": "",
                "xmin": 271,
                "ymin": 1246,
                "xmax": 461,
                "ymax": 1322,
                "score": 0.8354492,
                "text": "46",
                "row_label": "",
                "verification_status": "correctly_predicted",
                "status": "",
                "failed_validation": "",
                "label_id": ""
            },
            {
                "id": "b3ccfc24-9a6e-44bf-ac13-0cc2ad8574b3",
                "row": 13,
                "col": 3,
                "row_span": 1,
                "col_span": 1,
                "label": "",
                "xmin": 461,
                "ymin": 1246,
                "xmax": 762,
                "ymax": 1321,
                "score": 0.8598633,
                "text": "नारंगपुर खुंटी",
                "row_label": "",
                "verification_status": "correctly_predicted",
                "status": "",
                "failed_validation": "",
                "label_id": ""
            },
            {
                "id": "dc08cc6e-f267-4360-803b-14db6d5506ab",
                "row": 13,
                "col": 4,
                "row_span": 1,
                "col_span": 1,
                "label": "",
                "xmin": 762,
                "ymin": 1246,
                "xmax": 1138,
                "ymax": 1321,
                "score": 0.890625,
                "text": "अनारक्षित",
                "row_label": "",
                "verification_status": "correctly_predicted",
                "status": "",
                "failed_validation": "",
                "label_id": ""
            },
            {
                "id": "fcc81f07-9700-43e7-92cd-d6663b1317bc",
                "row": 13,
                "col": 5,
                "row_span": 1,
                "col_span": 1,
                "label": "",
                "xmin": 1138,
                "ymin": 1245,
                "xmax": 1507,
                "ymax": 1321,
                "score": 0.88916016,
                "text": "शक्ति सिंह",
                "row_label": "",
                "verification_status": "correctly_predicted",
                "status": "",
                "failed_validation": "",
                "label_id": ""
            },
            {
                "id": "4c9fdf6a-d7ff-4e22-a70f-dc12cf2c8789",
                "row": 13,
                "col": 6,
                "row_span": 1,
                "col_span": 1,
                "label": "",
                "xmin": 1507,
                "ymin": 1245,
                "xmax": 1694,
                "ymax": 1320,
                "score": 0.56152344,
                "text": "पुरुष",
                "row_label": "",
                "verification_status": "correctly_predicted",
                "status": "",
                "failed_validation": "",
                "label_id": ""
            },
            {
                "id": "74657305-586a-41de-b439-b9d66d5b5f97",
                "row": 13,
                "col": 7,
                "row_span": 1,
                "col_span": 1,
                "label": "",
                "xmin": 1694,
                "ymin": 1244,
                "xmax": 2179,
                "ymax": 1320,
                "score": 0.87109375,
                "text": "पिछड़ी जाति",
                "row_label": "",
                "verification_status": "correctly_predicted",
                "status": "",
                "failed_validation": "",
                "label_id": ""
            },
            {
                "id": "86a05a8a-4d6e-467b-9c90-f54bb7788740",
                "row": 14,
                "col": 1,
                "row_span": 1,
                "col_span": 1,
                "label": "",
                "xmin": 141,
                "ymin": 1322,
                "xmax": 271,
                "ymax": 1393,
                "score": 0.7944336,
                "text": "458",
                "row_label": "",
                "verification_status": "correctly_predicted",
                "status": "",
                "failed_validation": "",
                "label_id": ""
            },
            {
                "id": "28dcdec7-d8f9-4dda-be5f-b96ee63aee1e",
                "row": 14,
                "col": 2,
                "row_span": 1,
                "col_span": 1,
                "label": "",
                "xmin": 270,
                "ymin": 1321,
                "xmax": 461,
                "ymax": 1393,
                "score": 0.8154297,
                "text": "47",
                "row_label": "",
                "verification_status": "correctly_predicted",
                "status": "",
                "failed_validation": "",
                "label_id": ""
            },
            {
                "id": "9880ee4d-e411-4007-98fb-c50024b49588",
                "row": 14,
                "col": 3,
                "row_span": 1,
                "col_span": 1,
                "label": "",
                "xmin": 461,
                "ymin": 1321,
                "xmax": 762,
                "ymax": 1393,
                "score": 0.83935547,
                "text": "जटोला",
                "row_label": "",
                "verification_status": "correctly_predicted",
                "status": "",
                "failed_validation": "",
                "label_id": ""
            },
            {
                "id": "db460232-1544-469e-8eeb-33d5c87bf370",
                "row": 14,
                "col": 4,
                "row_span": 1,
                "col_span": 1,
                "label": "",
                "xmin": 762,
                "ymin": 1321,
                "xmax": 1138,
                "ymax": 1392,
                "score": 0.8696289,
                "text": "महिला",
                "row_label": "",
                "verification_status": "correctly_predicted",
                "status": "",
                "failed_validation": "",
                "label_id": ""
            },
            {
                "id": "b9854187-6adc-4875-8f3b-0012159f6c88",
                "row": 14,
                "col": 5,
                "row_span": 1,
                "col_span": 1,
                "label": "",
                "xmin": 1138,
                "ymin": 1320,
                "xmax": 1507,
                "ymax": 1392,
                "score": 0.86816406,
                "text": "पूनम",
                "row_label": "",
                "verification_status": "correctly_predicted",
                "status": "",
                "failed_validation": "",
                "label_id": ""
            },
            {
                "id": "d3d66c24-a1c5-40bf-98f1-821cf6370466",
                "row": 14,
                "col": 6,
                "row_span": 1,
                "col_span": 1,
                "label": "",
                "xmin": 1507,
                "ymin": 1320,
                "xmax": 1694,
                "ymax": 1391,
                "score": 0.54833984,
                "text": "महिला",
                "row_label": "",
                "verification_status": "correctly_predicted",
                "status": "",
                "failed_validation": "",
                "label_id": ""
            },
            {
                "id": "65fd2d8c-8b4f-4510-adaf-840783ee663e",
                "row": 14,
                "col": 7,
                "row_span": 1,
                "col_span": 1,
                "label": "",
                "xmin": 1694,
                "ymin": 1319,
                "xmax": 2179,
                "ymax": 1391,
                "score": 0.85058594,
                "text": "पिछड़ी जाति - महिला",
                "row_label": "",
                "verification_status": "correctly_predicted",
                "status": "",
                "failed_validation": "",
                "label_id": ""
            },
            {
                "id": "02efba52-cead-445a-bec6-467487a91c06",
                "row": 15,
                "col": 1,
                "row_span": 1,
                "col_span": 1,
                "label": "",
                "xmin": 141,
                "ymin": 1393,
                "xmax": 270,
                "ymax": 1467,
                "score": 0.75683594,
                "text": "459",
                "row_label": "",
                "verification_status": "correctly_predicted",
                "status": "",
                "failed_validation": "",
                "label_id": ""
            },
            {
                "id": "90b35e51-ab5c-4cb7-b592-ecafe4947d87",
                "row": 15,
                "col": 2,
                "row_span": 1,
                "col_span": 1,
                "label": "",
                "xmin": 270,
                "ymin": 1393,
                "xmax": 461,
                "ymax": 1467,
                "score": 0.77734375,
                "text": "48",
                "row_label": "",
                "verification_status": "correctly_predicted",
                "status": "",
                "failed_validation": "",
                "label_id": ""
            },
            {
                "id": "7447e7e3-d578-4684-9f82-b467f9106ae7",
                "row": 15,
                "col": 3,
                "row_span": 1,
                "col_span": 1,
                "label": "",
                "xmin": 461,
                "ymin": 1392,
                "xmax": 762,
                "ymax": 1467,
                "score": 0.7998047,
                "text": "अगवानपुर",
                "row_label": "",
                "verification_status": "correctly_predicted",
                "status": "",
                "failed_validation": "",
                "label_id": ""
            },
            {
                "id": "08ac3a52-2c76-4f93-8622-752d8d4a228d",
                "row": 15,
                "col": 4,
                "row_span": 1,
                "col_span": 1,
                "label": "",
                "xmin": 762,
                "ymin": 1392,
                "xmax": 1138,
                "ymax": 1466,
                "score": 0.8286133,
                "text": "अनुसूचित जाति महिला -",
                "row_label": "",
                "verification_status": "correctly_predicted",
                "status": "",
                "failed_validation": "",
                "label_id": ""
            },
            {
                "id": "6c75917d-10ae-4d1a-910e-a66284d739d8",
                "row": 15,
                "col": 5,
                "row_span": 1,
                "col_span": 1,
                "label": "",
                "xmin": 1138,
                "ymin": 1391,
                "xmax": 1507,
                "ymax": 1466,
                "score": 0.82714844,
                "text": "राजवीरी",
                "row_label": "",
                "verification_status": "correctly_predicted",
                "status": "",
                "failed_validation": "",
                "label_id": ""
            },
            {
                "id": "ae033e59-f4b1-44c6-8d73-35ca25949ab5",
                "row": 15,
                "col": 6,
                "row_span": 1,
                "col_span": 1,
                "label": "",
                "xmin": 1507,
                "ymin": 1391,
                "xmax": 1694,
                "ymax": 1465,
                "score": 0.52246094,
                "text": "महिला",
                "row_label": "",
                "verification_status": "correctly_predicted",
                "status": "",
                "failed_validation": "",
                "label_id": ""
            },
            {
                "id": "23c48b85-45b3-4916-b3bc-9df9c1b573e5",
                "row": 15,
                "col": 7,
                "row_span": 1,
                "col_span": 1,
                "label": "",
                "xmin": 1694,
                "ymin": 1391,
                "xmax": 2179,
                "ymax": 1465,
                "score": 0.8105469,
                "text": "अनुसूचित जाति - महिला",
                "row_label": "",
                "verification_status": "correctly_predicted",
                "status": "",
                "failed_validation": "",
                "label_id": ""
            },
            {
                "id": "6f59264b-aca1-45c9-b75a-dfd539bd022b",
                "row": 16,
                "col": 1,
                "row_span": 1,
                "col_span": 1,
                "label": "",
                "xmin": 141,
                "ymin": 1467,
                "xmax": 270,
                "ymax": 1533,
                "score": 0.78759766,
                "text": "460",
                "row_label": "",
                "verification_status": "correctly_predicted",
                "status": "",
                "failed_validation": "",
                "label_id": ""
            },
            {
                "id": "408f4bcc-62a5-419c-af02-2452f319d117",
                "row": 16,
                "col": 2,
                "row_span": 1,
                "col_span": 1,
                "label": "",
                "xmin": 270,
                "ymin": 1467,
                "xmax": 461,
                "ymax": 1533,
                "score": 0.80859375,
                "text": "49",
                "row_label": "",
                "verification_status": "correctly_predicted",
                "status": "",
                "failed_validation": "",
                "label_id": ""
            },
            {
                "id": "a7c9a368-4164-434d-ae07-3777c1bfce67",
                "row": 16,
                "col": 3,
                "row_span": 1,
                "col_span": 1,
                "label": "",
                "xmin": 461,
                "ymin": 1466,
                "xmax": 762,
                "ymax": 1533,
                "score": 0.83203125,
                "text": "पूठी",
                "row_label": "",
                "verification_status": "correctly_predicted",
                "status": "",
                "failed_validation": "",
                "label_id": ""
            },
            {
                "id": "e3e93872-d957-4faf-88dd-54444c19b825",
                "row": 16,
                "col": 4,
                "row_span": 1,
                "col_span": 1,
                "label": "",
                "xmin": 762,
                "ymin": 1466,
                "xmax": 1138,
                "ymax": 1533,
                "score": 0.8618164,
                "text": "अनारक्षित",
                "row_label": "",
                "verification_status": "correctly_predicted",
                "status": "",
                "failed_validation": "",
                "label_id": ""
            },
            {
                "id": "d62ead16-e7b6-4ed7-b37f-df649e9ca207",
                "row": 16,
                "col": 5,
                "row_span": 1,
                "col_span": 1,
                "label": "",
                "xmin": 1138,
                "ymin": 1465,
                "xmax": 1507,
                "ymax": 1532,
                "score": 0.86083984,
                "text": "ओमकार",
                "row_label": "",
                "verification_status": "correctly_predicted",
                "status": "",
                "failed_validation": "",
                "label_id": ""
            },
            {
                "id": "a01e1ec8-526c-426e-b2f8-292fec2fa4e2",
                "row": 16,
                "col": 6,
                "row_span": 1,
                "col_span": 1,
                "label": "",
                "xmin": 1507,
                "ymin": 1465,
                "xmax": 1694,
                "ymax": 1532,
                "score": 0.54345703,
                "text": "पुरुष",
                "row_label": "",
                "verification_status": "correctly_predicted",
                "status": "",
                "failed_validation": "",
                "label_id": ""
            },
            {
                "id": "7e6d83a4-e24b-4a79-b7a4-6a344bcce5fd",
                "row": 16,
                "col": 7,
                "row_span": 1,
                "col_span": 1,
                "label": "",
                "xmin": 1694,
                "ymin": 1464,
                "xmax": 2179,
                "ymax": 1531,
                "score": 0.8432617,
                "text": "अनारक्षित",
                "row_label": "",
                "verification_status": "correctly_predicted",
                "status": "",
                "failed_validation": "",
                "label_id": ""
            }
        ]
    }
]