[
    {
        "label": "table",
        "ocr_text": "table",
        "score": 1,
        "xmin": 142,
        "xmax": 2182,
        "ymin": 303,
        "ymax": 1461,
        "type": "table",
        "cells": [
            {
                "id": "b13a8cd9-9c1e-4794-a86f-d630879dd499",
                "row": 1,
                "col": 1,
                "row_span": 1,
                "col_span": 1,
                "label": "",
                "xmin": 142,
                "ymin": 306,
                "xmax": 270,
                "ymax": 456,
                "score": 0.7949219,
                "text": "क्रम\nसंख्या",
                "row_label": "",
                "verification_status": "correctly_predicted",
                "status": "",
                "failed_validation": "",
                "label_id": ""
            },
            {
                "id": "af739204-307f-4bb0-9d8e-9689abd9c3c1",
                "row": 1,
                "col": 2,
                "row_span": 1,
                "col_span": 1,
                "label": "",
                "xmin": 270,
                "ymin": 306,
                "xmax": 461,
                "ymax": 456,
                "score": 0.8208008,
                "text": "ग्राम पंचायत\nका कोड",
                "row_label": "",
                "verification_status": "correctly_predicted",
                "status": "",
                "failed_validation": "",
                "label_id": ""
            },
            {
                "id": "65e43b7d-ccd4-414f-b518-7d2416ca0623",
                "row": 1,
                "col": 3,
                "row_span": 1,
                "col_span": 1,
                "label": "",
                "xmin": 461,
                "ymin": 305,
                "xmax": 745,
                "ymax": 455,
                "score": 0.8378906,
                "text": "ग्राम पंचायत\nका नाम",
                "row_label": "",
                "verification_status": "correctly_predicted",
                "status": "",
                "failed_validation": "",
                "label_id": ""
            },
            {
                "id": "df6a668b-1d72-42c9-a94e-ba2c4bf6088d",
                "row": 1,
                "col": 4,
                "row_span": 1,
                "col_span": 1,
                "label": "",
                "xmin": 745,
                "ymin": 305,
                "xmax": 1118,
                "ymax": 455,
                "score": 0.8642578,
                "text": "पद की आरक्षण श्रेणी",
                "row_label": "",
                "verification_status": "correctly_predicted",
                "status": "",
                "failed_validation": "",
                "label_id": ""
            },
            {
                "id": "77a29a8a-79c8-4fdb-8b89-b9c61029d373",
                "row": 1,
                "col": 5,
                "row_span": 1,
                "col_span": 1,
                "label": "",
                "xmin": 1118,
                "ymin": 304,
                "xmax": 1502,
                "ymax": 454,
                "score": 0.85595703,
                "text": "विजयी उम्मीदवार\nका नाम",
                "row_label": "",
                "verification_status": "correctly_predicted",
                "status": "",
                "failed_validation": "",
                "label_id": ""
            },
            {
                "id": "e5daa993-4efd-4baf-b531-782bc429779f",
                "row": 1,
                "col": 6,
                "row_span": 1,
                "col_span": 1,
                "label": "",
                "xmin": 1502,
                "ymin": 304,
                "xmax": 1690,
                "ymax": 454,
                "score": 0.5449219,
                "text": "लिंग",
                "row_label": "",
                "verification_status": "correctly_predicted",
                "status": "",
                "failed_validation": "",
                "label_id": ""
            },
            {
                "id": "6193ef82-dbf0-44de-889c-22b171f7b310",
                "row": 1,
                "col": 7,
                "row_span": 1,
                "col_span": 1,
                "label": "",
                "xmin": 1690,
                "ymin": 303,
                "xmax": 2182,
                "ymax": 453,
                "score": 0.84375,
                "text": "उम्मीदवार की\nआरक्षण श्रेणी",
                "row_label": "",
                "verification_status": "correctly_predicted",
                "status": "",
                "failed_validation": "",
                "label_id": ""
            },
            {
                "id": "203ddba3-a9de-4653-bf58-095c4039009c",
                "row": 2,
                "col": 1,
                "row_span": 1,
                "col_span": 1,
                "label": "",
                "xmin": 142,
                "ymin": 456,
                "xmax": 270,
                "ymax": 526,
                "score": 0.7836914,
                "text": "224",
                "row_label": "",
                "verification_status": "correctly_predicted",
                "status": "",
                "failed_validation": "",
                "label_id": ""
            },
            {
                "id": "7631d4de-093f-435a-9378-c2590129d028",
                "row": 2,
                "col": 2,
                "row_span": 1,
                "col_span": 1,
                "label": "",
                "xmin": 270,
                "ymin": 455,
                "xmax": 461,
                "ymax": 526,
                "score": 0.80908203,
                "text": "31",
                "row_label": "",
                "verification_status": "correctly_predicted",
                "status": "",
                "failed_validation": "",
                "label_id": ""
            },
            {
                "id": "4d71cb40-4557-429c-af92-5239ae359d7e",
                "row": 2,
                "col": 3,
                "row_span": 1,
                "col_span": 1,
                "label": "",
                "xmin": 461,
                "ymin": 455,
                "xmax": 745,
                "ymax": 526,
                "score": 0.8256836,
                "text": "बली",
                "row_label": "",
                "verification_status": "correctly_predicted",
                "status": "",
                "failed_validation": "",
                "label_id": ""
            },
            {
                "id": "eb58d135-4a70-46d2-bee1-532651720c98",
                "row": 2,
                "col": 4,
                "row_span": 1,
                "col_span": 1,
                "label": "",
                "xmin": 745,
                "ymin": 454,
                "xmax": 1118,
                "ymax": 525,
                "score": 0.8520508,
                "text": "पिछड़ी जाति महिला",
                "row_label": "",
                "verification_status": "correctly_predicted",
                "status": "",
                "failed_validation": "",
                "label_id": ""
            },
            {
                "id": "ce88a918-1531-4335-9349-b08859e1e99c",
                "row": 2,
                "col": 5,
                "row_span": 1,
                "col_span": 1,
                "label": "",
                "xmin": 1118,
                "ymin": 454,
                "xmax": 1502,
                "ymax": 524,
                "score": 0.84375,
                "text": "शीतलदेवी",
                "row_label": "",
                "verification_status": "correctly_predicted",
                "status": "",
                "failed_validation": "",
                "label_id": ""
            },
            {
                "id": "9c85f99e-1ce4-48b1-82bc-5e933447be8b",
                "row": 2,
                "col": 6,
                "row_span": 1,
                "col_span": 1,
                "label": "",
                "xmin": 1502,
                "ymin": 453,
                "xmax": 1690,
                "ymax": 524,
                "score": 0.5371094,
                "text": "महिला",
                "row_label": "",
                "verification_status": "correctly_predicted",
                "status": "",
                "failed_validation": "",
                "label_id": ""
            },
            {
                "id": "cf5e9d4d-7b2f-4505-bcfc-fa2ff483c0d0",
                "row": 2,
                "col": 7,
                "row_span": 1,
                "col_span": 1,
                "label": "",
                "xmin": 1690,
                "ymin": 452,
                "xmax": 2182,
                "ymax": 523,
                "score": 0.83203125,
                "text": "पिछड़ी जाति महिला -",
                "row_label": "",
                "verification_status": "correctly_predicted",
                "status": "",
                "failed_validation": "",
                "label_id": ""
            },
            {
                "id": "d73fac2c-9ca5-42d1-8af0-fc365888d5ae",
                "row": 3,
                "col": 1,
                "row_span": 1,
                "col_span": 1,
                "label": "",
                "xmin": 142,
                "ymin": 526,
                "xmax": 270,
                "ymax": 600,
                "score": 0.8129883,
                "text": "225",
                "row_label": "",
                "verification_status": "correctly_predicted",
                "status": "",
                "failed_validation": "",
                "label_id": ""
            },
            {
                "id": "9bfdedca-da52-4646-bca6-095e998f68e0",
                "row": 3,
                "col": 2,
                "row_span": 1,
                "col_span": 1,
                "label": "",
                "xmin": 270,
                "ymin": 526,
                "xmax": 461,
                "ymax": 600,
                "score": 0.8388672,
                "text": "32",
                "row_label": "",
                "verification_status": "correctly_predicted",
                "status": "",
                "failed_validation": "",
                "label_id": ""
            },
            {
                "id": "23637a4c-04e8-47a2-8b4a-3b0d63855c65",
                "row": 3,
                "col": 3,
                "row_span": 1,
                "col_span": 1,
                "label": "",
                "xmin": 461,
                "ymin": 525,
                "xmax": 746,
                "ymax": 599,
                "score": 0.8564453,
                "text": "सन्तोषपुर",
                "row_label": "",
                "verification_status": "correctly_predicted",
                "status": "",
                "failed_validation": "",
                "label_id": ""
            },
            {
                "id": "7a1e4454-4067-45f5-a06f-e1ce6e5da1c0",
                "row": 3,
                "col": 4,
                "row_span": 1,
                "col_span": 1,
                "label": "",
                "xmin": 745,
                "ymin": 524,
                "xmax": 1118,
                "ymax": 599,
                "score": 0.88378906,
                "text": "अनारक्षित",
                "row_label": "",
                "verification_status": "correctly_predicted",
                "status": "",
                "failed_validation": "",
                "label_id": ""
            },
            {
                "id": "0647ddc6-51ea-4494-b03b-18491a92f80b",
                "row": 3,
                "col": 5,
                "row_span": 1,
                "col_span": 1,
                "label": "",
                "xmin": 1118,
                "ymin": 524,
                "xmax": 1503,
                "ymax": 598,
                "score": 0.875,
                "text": "राजबीर सिंह",
                "row_label": "",
                "verification_status": "correctly_predicted",
                "status": "",
                "failed_validation": "",
                "label_id": ""
            },
            {
                "id": "5ae22bd2-30cc-400a-b7b1-e6dd57846a40",
                "row": 3,
                "col": 6,
                "row_span": 1,
                "col_span": 1,
                "label": "",
                "xmin": 1502,
                "ymin": 523,
                "xmax": 1690,
                "ymax": 598,
                "score": 0.5571289,
                "text": "पुरुष",
                "row_label": "",
                "verification_status": "correctly_predicted",
                "status": "",
                "failed_validation": "",
                "label_id": ""
            },
            {
                "id": "cf857c7b-228d-46f8-8dab-1b2f4e108d66",
                "row": 3,
                "col": 7,
                "row_span": 1,
                "col_span": 1,
                "label": "",
                "xmin": 1690,
                "ymin": 523,
                "xmax": 2182,
                "ymax": 597,
                "score": 0.86279297,
                "text": "पिछड़ी जाति",
                "row_label": "",
                "verification_status": "correctly_predicted",
                "status": "",
                "failed_validation": "",
                "label_id": ""
            },
            {
                "id": "6c812383-7b33-4d80-aba5-ba58aba40bdd",
                "row": 4,
                "col": 1,
                "row_span": 1,
                "col_span": 1,
                "label": "",
                "xmin": 142,
                "ymin": 600,
                "xmax": 270,
                "ymax": 672,
                "score": 0.82910156,
                "text": "226",
                "row_label": "",
                "verification_status": "correctly_predicted",
                "status": "",
                "failed_validation": "",
                "label_id": ""
            },
            {
                "id": "a3f99a80-01e7-4998-be2f-ab7326e6f49f",
                "row": 4,
                "col": 2,
                "row_span": 1,
                "col_span": 1,
                "label": "",
                "xmin": 270,
                "ymin": 599,
                "xmax": 461,
                "ymax": 672,
                "score": 0.85595703,
                "text": "33",
                "row_label": "",
                "verification_status": "correctly_predicted",
                "status": "",
                "failed_validation": "",
                "label_id": ""
            },
            {
                "id": "40d41054-5c64-435c-8360-bd09e091046e",
                "row": 4,
                "col": 3,
                "row_span": 1,
                "col_span": 1,
                "label": "",
                "xmin": 461,
                "ymin": 599,
                "xmax": 746,
                "ymax": 672,
                "score": 0.87402344,
                "text": "नेथला",
                "row_label": "",
                "verification_status": "correctly_predicted",
                "status": "",
                "failed_validation": "",
                "label_id": ""
            },
            {
                "id": "24d120eb-c6d2-424f-9842-0fe59eb473e7",
                "row": 4,
                "col": 4,
                "row_span": 1,
                "col_span": 1,
                "label": "",
                "xmin": 746,
                "ymin": 598,
                "xmax": 1118,
                "ymax": 671,
                "score": 0.90185547,
                "text": "अनारक्षित",
                "row_label": "",
                "verification_status": "correctly_predicted",
                "status": "",
                "failed_validation": "",
                "label_id": ""
            },
            {
                "id": "0b6069ef-576f-47a7-8e2c-240cb58e286d",
                "row": 4,
                "col": 5,
                "row_span": 1,
                "col_span": 1,
                "label": "",
                "xmin": 1118,
                "ymin": 598,
                "xmax": 1503,
                "ymax": 671,
                "score": 0.8930664,
                "text": "रामकिशन",
                "row_label": "",
                "verification_status": "correctly_predicted",
                "status": "",
                "failed_validation": "",
                "label_id": ""
            },
            {
                "id": "cbfde0cc-486e-4bcd-a725-71c10324b9b0",
                "row": 4,
                "col": 6,
                "row_span": 1,
                "col_span": 1,
                "label": "",
                "xmin": 1503,
                "ymin": 597,
                "xmax": 1690,
                "ymax": 670,
                "score": 0.56884766,
                "text": "पुरुष",
                "row_label": "",
                "verification_status": "correctly_predicted",
                "status": "",
                "failed_validation": "",
                "label_id": ""
            },
            {
                "id": "15d2b7a5-9f2c-44a8-8f5f-4f72de9590bd",
                "row": 4,
                "col": 7,
                "row_span": 1,
                "col_span": 1,
                "label": "",
                "xmin": 1690,
                "ymin": 596,
                "xmax": 2182,
                "ymax": 670,
                "score": 0.8803711,
                "text": "अनारक्षित",
                "row_label": "",
                "verification_status": "correctly_predicted",
                "status": "",
                "failed_validation": "",
                "label_id": ""
            },
            {
                "id": "d4e12d8f-1e86-4b5e-9dfd-577256cddca3",
                "row": 5,
                "col": 1,
                "row_span": 1,
                "col_span": 1,
                "label": "",
                "xmin": 143,
                "ymin": 672,
                "xmax": 270,
                "ymax": 744,
                "score": 0.82373047,
                "text": "227",
                "row_label": "",
                "verification_status": "correctly_predicted",
                "status": "",
                "failed_validation": "",
                "label_id": ""
            },
            {
                "id": "0e002207-3090-4464-9140-f02414d369c6",
                "row": 5,
                "col": 2,
                "row_span": 1,
                "col_span": 1,
                "label": "",
                "xmin": 270,
                "ymin": 672,
                "xmax": 461,
                "ymax": 744,
                "score": 0.85009766,
                "text": "34",
                "row_label": "",
                "verification_status": "correctly_predicted",
                "status": "",
                "failed_validation": "",
                "label_id": ""
            },
            {
                "id": "367bacca-5425-4e8e-b9fe-b966941d79c4",
                "row": 5,
                "col": 3,
                "row_span": 1,
                "col_span": 1,
                "label": "",
                "xmin": 461,
                "ymin": 671,
                "xmax": 746,
                "ymax": 743,
                "score": 0.8676758,
                "text": "सु ० पुर महनवा",
                "row_label": "",
                "verification_status": "correctly_predicted",
                "status": "",
                "failed_validation": "",
                "label_id": ""
            },
            {
                "id": "f24e9ae6-b3e3-4847-b87c-b22ea7a89dd3",
                "row": 5,
                "col": 4,
                "row_span": 1,
                "col_span": 1,
                "label": "",
                "xmin": 746,
                "ymin": 671,
                "xmax": 1118,
                "ymax": 743,
                "score": 0.8955078,
                "text": "अनारक्षित",
                "row_label": "",
                "verification_status": "correctly_predicted",
                "status": "",
                "failed_validation": "",
                "label_id": ""
            },
            {
                "id": "cf1c1964-1c0a-4a34-9952-4d2213e88482",
                "row": 5,
                "col": 5,
                "row_span": 1,
                "col_span": 1,
                "label": "",
                "xmin": 1118,
                "ymin": 670,
                "xmax": 1503,
                "ymax": 742,
                "score": 0.88671875,
                "text": "राजीव",
                "row_label": "",
                "verification_status": "correctly_predicted",
                "status": "",
                "failed_validation": "",
                "label_id": ""
            },
            {
                "id": "229bf1de-22a6-40bb-bb4d-60b98be2024a",
                "row": 5,
                "col": 6,
                "row_span": 1,
                "col_span": 1,
                "label": "",
                "xmin": 1503,
                "ymin": 670,
                "xmax": 1690,
                "ymax": 742,
                "score": 0.5649414,
                "text": "पुरुष",
                "row_label": "",
                "verification_status": "correctly_predicted",
                "status": "",
                "failed_validation": "",
                "label_id": ""
            },
            {
                "id": "19e0a2e9-7218-493e-b2c5-a82430a58843",
                "row": 5,
                "col": 7,
                "row_span": 1,
                "col_span": 1,
                "label": "",
                "xmin": 1690,
                "ymin": 669,
                "xmax": 2182,
                "ymax": 741,
                "score": 0.87402344,
                "text": "अनारक्षित",
                "row_label": "",
                "verification_status": "correctly_predicted",
                "status": "",
                "failed_validation": "",
                "label_id": ""
            },
            {
                "id": "0e0c1a89-254f-42d9-8616-b58ed563e24c",
                "row": 6,
                "col": 1,
                "row_span": 1,
                "col_span": 1,
                "label": "",
                "xmin": 143,
                "ymin": 744,
                "xmax": 270,
                "ymax": 816,
                "score": 0.8125,
                "text": "228",
                "row_label": "",
                "verification_status": "correctly_predicted",
                "status": "",
                "failed_validation": "",
                "label_id": ""
            },
            {
                "id": "250c7cf5-459f-42fb-bd65-6d9394d689cb",
                "row": 6,
                "col": 2,
                "row_span": 1,
                "col_span": 1,
                "label": "",
                "xmin": 270,
                "ymin": 743,
                "xmax": 461,
                "ymax": 816,
                "score": 0.8388672,
                "text": "35",
                "row_label": "",
                "verification_status": "correctly_predicted",
                "status": "",
                "failed_validation": "",
                "label_id": ""
            },
            {
                "id": "e3025411-5db7-49cf-965e-85a20fad7fe5",
                "row": 6,
                "col": 3,
                "row_span": 1,
                "col_span": 1,
                "label": "",
                "xmin": 461,
                "ymin": 743,
                "xmax": 746,
                "ymax": 816,
                "score": 0.85595703,
                "text": "सरूरपुर कलां",
                "row_label": "",
                "verification_status": "correctly_predicted",
                "status": "",
                "failed_validation": "",
                "label_id": ""
            },
            {
                "id": "4656f7b3-67c7-4c0b-a871-5272563dd5d7",
                "row": 6,
                "col": 4,
                "row_span": 1,
                "col_span": 1,
                "label": "",
                "xmin": 746,
                "ymin": 742,
                "xmax": 1118,
                "ymax": 815,
                "score": 0.8833008,
                "text": "महिला",
                "row_label": "",
                "verification_status": "correctly_predicted",
                "status": "",
                "failed_validation": "",
                "label_id": ""
            },
            {
                "id": "e9426acc-bb37-4595-b0f1-75465ea19266",
                "row": 6,
                "col": 5,
                "row_span": 1,
                "col_span": 1,
                "label": "",
                "xmin": 1118,
                "ymin": 742,
                "xmax": 1503,
                "ymax": 815,
                "score": 0.8745117,
                "text": "मुनेश",
                "row_label": "",
                "verification_status": "correctly_predicted",
                "status": "",
                "failed_validation": "",
                "label_id": ""
            },
            {
                "id": "1d39bf7a-f8dc-4801-9a66-390ca4c0e6d0",
                "row": 6,
                "col": 6,
                "row_span": 1,
                "col_span": 1,
                "label": "",
                "xmin": 1503,
                "ymin": 741,
                "xmax": 1690,
                "ymax": 814,
                "score": 0.5571289,
                "text": "महिला",
                "row_label": "",
                "verification_status": "correctly_predicted",
                "status": "",
                "failed_validation": "",
                "label_id": ""
            },
            {
                "id": "eb5698a3-272d-4d5f-ac13-4f4471a74a4a",
                "row": 6,
                "col": 7,
                "row_span": 1,
                "col_span": 1,
                "label": "",
                "xmin": 1690,
                "ymin": 740,
                "xmax": 2182,
                "ymax": 814,
                "score": 0.8623047,
                "text": "पिछड़ी जाति महिला -",
                "row_label": "",
                "verification_status": "correctly_predicted",
                "status": "",
                "failed_validation": "",
                "label_id": ""
            },
            {
                "id": "f4e4f5fd-3bd4-4317-a219-71f7504ad0c6",
                "row": 7,
                "col": 1,
                "row_span": 1,
                "col_span": 1,
                "label": "",
                "xmin": 143,
                "ymin": 816,
                "xmax": 270,
                "ymax": 889,
                "score": 0.81152344,
                "text": "229",
                "row_label": "",
                "verification_status": "correctly_predicted",
                "status": "",
                "failed_validation": "",
                "label_id": ""
            },
            {
                "id": "49e34d5c-af90-44b8-93bc-0033312b8df3",
                "row": 7,
                "col": 2,
                "row_span": 1,
                "col_span": 1,
                "label": "",
                "xmin": 270,
                "ymin": 816,
                "xmax": 461,
                "ymax": 889,
                "score": 0.8378906,
                "text": "36",
                "row_label": "",
                "verification_status": "correctly_predicted",
                "status": "",
                "failed_validation": "",
                "label_id": ""
            },
            {
                "id": "67624a08-abcf-4cbf-8c28-463c2e69fd18",
                "row": 7,
                "col": 3,
                "row_span": 1,
                "col_span": 1,
                "label": "",
                "xmin": 461,
                "ymin": 815,
                "xmax": 746,
                "ymax": 889,
                "score": 0.85498047,
                "text": "अ ० पुर गढीना",
                "row_label": "",
                "verification_status": "correctly_predicted",
                "status": "",
                "failed_validation": "",
                "label_id": ""
            },
            {
                "id": "50cd7e13-8133-4cf8-9afc-b4f284d190d2",
                "row": 7,
                "col": 4,
                "row_span": 1,
                "col_span": 1,
                "label": "",
                "xmin": 746,
                "ymin": 815,
                "xmax": 1118,
                "ymax": 888,
                "score": 0.8823242,
                "text": "अनारक्षित",
                "row_label": "",
                "verification_status": "correctly_predicted",
                "status": "",
                "failed_validation": "",
                "label_id": ""
            },
            {
                "id": "c521cad5-13d7-467f-9a25-4a281a3f1473",
                "row": 7,
                "col": 5,
                "row_span": 1,
                "col_span": 1,
                "label": "",
                "xmin": 1118,
                "ymin": 814,
                "xmax": 1503,
                "ymax": 887,
                "score": 0.87402344,
                "text": "रविकुमार",
                "row_label": "",
                "verification_status": "correctly_predicted",
                "status": "",
                "failed_validation": "",
                "label_id": ""
            },
            {
                "id": "9143dc7c-bb44-4ff7-9f44-a10936734ce4",
                "row": 7,
                "col": 6,
                "row_span": 1,
                "col_span": 1,
                "label": "",
                "xmin": 1503,
                "ymin": 814,
                "xmax": 1690,
                "ymax": 887,
                "score": 0.5566406,
                "text": "पुरुष",
                "row_label": "",
                "verification_status": "correctly_predicted",
                "status": "",
                "failed_validation": "",
                "label_id": ""
            },
            {
                "id": "29fd0aa9-a676-402a-8043-7425263a9ac1",
                "row": 7,
                "col": 7,
                "row_span": 1,
                "col_span": 1,
                "label": "",
                "xmin": 1690,
                "ymin": 813,
                "xmax": 2182,
                "ymax": 886,
                "score": 0.8613281,
                "text": "अनारक्षित",
                "row_label": "",
                "verification_status": "correctly_predicted",
                "status": "",
                "failed_validation": "",
                "label_id": ""
            },
            {
                "id": "8294cc70-79cd-498c-9e59-3e12fde6ddda",
                "row": 8,
                "col": 1,
                "row_span": 1,
                "col_span": 1,
                "label": "",
                "xmin": 143,
                "ymin": 889,
                "xmax": 270,
                "ymax": 959,
                "score": 0.81689453,
                "text": "230",
                "row_label": "",
                "verification_status": "correctly_predicted",
                "status": "",
                "failed_validation": "",
                "label_id": ""
            },
            {
                "id": "efad1d4c-022e-43d0-a742-a77a66bf8d0f",
                "row": 8,
                "col": 2,
                "row_span": 1,
                "col_span": 1,
                "label": "",
                "xmin": 270,
                "ymin": 889,
                "xmax": 461,
                "ymax": 959,
                "score": 0.84375,
                "text": "37",
                "row_label": "",
                "verification_status": "correctly_predicted",
                "status": "",
                "failed_validation": "",
                "label_id": ""
            },
            {
                "id": "5057933d-ac97-4bcd-84ea-0e0513833a9e",
                "row": 8,
                "col": 3,
                "row_span": 1,
                "col_span": 1,
                "label": "",
                "xmin": 461,
                "ymin": 888,
                "xmax": 746,
                "ymax": 959,
                "score": 0.86083984,
                "text": "बिचपुडी",
                "row_label": "",
                "verification_status": "correctly_predicted",
                "status": "",
                "failed_validation": "",
                "label_id": ""
            },
            {
                "id": "60bef687-5516-443a-9342-74fc1d170685",
                "row": 8,
                "col": 4,
                "row_span": 1,
                "col_span": 1,
                "label": "",
                "xmin": 746,
                "ymin": 887,
                "xmax": 1118,
                "ymax": 958,
                "score": 0.8881836,
                "text": "महिला",
                "row_label": "",
                "verification_status": "correctly_predicted",
                "status": "",
                "failed_validation": "",
                "label_id": ""
            },
            {
                "id": "cfaa7f5e-9ba9-4b42-88ee-758ff09d09be",
                "row": 8,
                "col": 5,
                "row_span": 1,
                "col_span": 1,
                "label": "",
                "xmin": 1118,
                "ymin": 887,
                "xmax": 1503,
                "ymax": 958,
                "score": 0.8798828,
                "text": "मायावती",
                "row_label": "",
                "verification_status": "correctly_predicted",
                "status": "",
                "failed_validation": "",
                "label_id": ""
            },
            {
                "id": "d1666b72-2280-42b7-aa5c-1fc0eb6a8f14",
                "row": 8,
                "col": 6,
                "row_span": 1,
                "col_span": 1,
                "label": "",
                "xmin": 1503,
                "ymin": 886,
                "xmax": 1690,
                "ymax": 957,
                "score": 0.5600586,
                "text": "महिला",
                "row_label": "",
                "verification_status": "correctly_predicted",
                "status": "",
                "failed_validation": "",
                "label_id": ""
            },
            {
                "id": "2350dbeb-395a-412e-aaf2-53cc7145b670",
                "row": 8,
                "col": 7,
                "row_span": 1,
                "col_span": 1,
                "label": "",
                "xmin": 1690,
                "ymin": 886,
                "xmax": 2182,
                "ymax": 957,
                "score": 0.8671875,
                "text": "पिछड़ी जाति महिला -",
                "row_label": "",
                "verification_status": "correctly_predicted",
                "status": "",
                "failed_validation": "",
                "label_id": ""
            },
            {
                "id": "90f24317-3869-4d99-83e6-91313fdc5b62",
                "row": 9,
                "col": 1,
                "row_span": 1,
                "col_span": 1,
                "label": "",
                "xmin": 143,
                "ymin": 959,
                "xmax": 270,
                "ymax": 1034,
                "score": 0.83154297,
                "text": "231",
                "row_label": "",
                "verification_status": "correctly_predicted",
                "status": "",
                "failed_validation": "",
                "label_id": ""
            },
            {
                "id": "630d8b9a-1694-43d4-8519-7767d01da5fd",
                "row": 9,
                "col": 2,
                "row_span": 1,
                "col_span": 1,
                "label": "",
                "xmin": 270,
                "ymin": 959,
                "xmax": 461,
                "ymax": 1034,
                "score": 0.85839844,
                "text": "38",
                "row_label": "",
                "verification_status": "correctly_predicted",
                "status": "",
                "failed_validation": "",
                "label_id": ""
            },
            {
                "id": "f85ebb1a-d5fa-4b4e-a212-876d8b899317",
                "row": 9,
                "col": 3,
                "row_span": 1,
                "col_span": 1,
                "label": "",
                "xmin": 461,
                "ymin": 958,
                "xmax": 746,
                "ymax": 1034,
                "score": 0.87597656,
                "text": "गोरीपुर जवाहरनगर",
                "row_label": "",
                "verification_status": "correctly_predicted",
                "status": "",
                "failed_validation": "",
                "label_id": ""
            },
            {
                "id": "f69ecbf0-e6c8-4a82-9606-68c0abbc503c",
                "row": 9,
                "col": 4,
                "row_span": 1,
                "col_span": 1,
                "label": "",
                "xmin": 746,
                "ymin": 958,
                "xmax": 1118,
                "ymax": 1033,
                "score": 0.9038086,
                "text": "अनुसूचित जाति",
                "row_label": "",
                "verification_status": "correctly_predicted",
                "status": "",
                "failed_validation": "",
                "label_id": ""
            },
            {
                "id": "1921af01-8e13-4885-acee-72139adaffb4",
                "row": 9,
                "col": 5,
                "row_span": 1,
                "col_span": 1,
                "label": "",
                "xmin": 1118,
                "ymin": 957,
                "xmax": 1503,
                "ymax": 1033,
                "score": 0.8955078,
                "text": "बलबीर",
                "row_label": "",
                "verification_status": "correctly_predicted",
                "status": "",
                "failed_validation": "",
                "label_id": ""
            },
            {
                "id": "599c0be1-76bb-44f2-b323-a953e092dd87",
                "row": 9,
                "col": 6,
                "row_span": 1,
                "col_span": 1,
                "label": "",
                "xmin": 1503,
                "ymin": 957,
                "xmax": 1690,
                "ymax": 1032,
                "score": 0.5703125,
                "text": "पुरुष",
                "row_label": "",
                "verification_status": "correctly_predicted",
                "status": "",
                "failed_validation": "",
                "label_id": ""
            },
            {
                "id": "40bbed0a-153d-4dec-820e-34af80e7f56f",
                "row": 9,
                "col": 7,
                "row_span": 1,
                "col_span": 1,
                "label": "",
                "xmin": 1690,
                "ymin": 956,
                "xmax": 2182,
                "ymax": 1032,
                "score": 0.8823242,
                "text": "अनुसूचित जाति",
                "row_label": "",
                "verification_status": "correctly_predicted",
                "status": "",
                "failed_validation": "",
                "label_id": ""
            },
            {
                "id": "84b974ba-2c19-40fe-b575-d3afb6dcb271",
                "row": 10,
                "col": 1,
                "row_span": 1,
                "col_span": 1,
                "label": "",
                "xmin": 143,
                "ymin": 1034,
                "xmax": 270,
                "ymax": 1106,
                "score": 0.8232422,
                "text": "232",
                "row_label": "",
                "verification_status": "correctly_predicted",
                "status": "",
                "failed_validation": "",
                "label_id": ""
            },
            {
                "id": "b2d3792b-7d35-4f14-b282-377b6c49e8f6",
                "row": 10,
                "col": 2,
                "row_span": 1,
                "col_span": 1,
                "label": "",
                "xmin": 270,
                "ymin": 1034,
                "xmax": 461,
                "ymax": 1105,
                "score": 0.8496094,
                "text": "39",
                "row_label": "",
                "verification_status": "correctly_predicted",
                "status": "",
                "failed_validation": "",
                "label_id": ""
            },
            {
                "id": "63986d81-5980-458d-aa9d-e6bb89f5b90a",
                "row": 10,
                "col": 3,
                "row_span": 1,
                "col_span": 1,
                "label": "",
                "xmin": 461,
                "ymin": 1033,
                "xmax": 746,
                "ymax": 1105,
                "score": 0.8676758,
                "text": "फैजुल्लापुर",
                "row_label": "",
                "verification_status": "correctly_predicted",
                "status": "",
                "failed_validation": "",
                "label_id": ""
            },
            {
                "id": "66c1310b-7372-4ae1-afcc-8d61d8d2b082",
                "row": 10,
                "col": 4,
                "row_span": 1,
                "col_span": 1,
                "label": "",
                "xmin": 746,
                "ymin": 1033,
                "xmax": 1118,
                "ymax": 1105,
                "score": 0.89501953,
                "text": "अनुसूचित जाति",
                "row_label": "",
                "verification_status": "correctly_predicted",
                "status": "",
                "failed_validation": "",
                "label_id": ""
            },
            {
                "id": "be9f0e9c-d149-44ca-ad88-8c3eb8c49c6d",
                "row": 10,
                "col": 5,
                "row_span": 1,
                "col_span": 1,
                "label": "",
                "xmin": 1118,
                "ymin": 1032,
                "xmax": 1503,
                "ymax": 1104,
                "score": 0.88623047,
                "text": "चौहल सिंह",
                "row_label": "",
                "verification_status": "correctly_predicted",
                "status": "",
                "failed_validation": "",
                "label_id": ""
            },
            {
                "id": "c5604130-be7a-40f9-883d-bb1b56c65984",
                "row": 10,
                "col": 6,
                "row_span": 1,
                "col_span": 1,
                "label": "",
                "xmin": 1503,
                "ymin": 1032,
                "xmax": 1690,
                "ymax": 1103,
                "score": 0.5644531,
                "text": "पुरुष",
                "row_label": "",
                "verification_status": "correctly_predicted",
                "status": "",
                "failed_validation": "",
                "label_id": ""
            },
            {
                "id": "9793ef6d-49b4-4817-8ee8-eaec31b6e982",
                "row": 10,
                "col": 7,
                "row_span": 1,
                "col_span": 1,
                "label": "",
                "xmin": 1690,
                "ymin": 1031,
                "xmax": 2182,
                "ymax": 1103,
                "score": 0.87353516,
                "text": "अनुसूचित जाति",
                "row_label": "",
                "verification_status": "correctly_predicted",
                "status": "",
                "failed_validation": "",
                "label_id": ""
            },
            {
                "id": "dc3dcacd-c6f1-4c39-b863-3326b4d42e6e",
                "row": 11,
                "col": 1,
                "row_span": 1,
                "col_span": 1,
                "label": "",
                "xmin": 143,
                "ymin": 1105,
                "xmax": 270,
                "ymax": 1176,
                "score": 0.80126953,
                "text": "233",
                "row_label": "",
                "verification_status": "correctly_predicted",
                "status": "",
                "failed_validation": "",
                "label_id": ""
            },
            {
                "id": "810bbea9-e045-4574-a71b-af086cb36fad",
                "row": 11,
                "col": 2,
                "row_span": 1,
                "col_span": 1,
                "label": "",
                "xmin": 270,
                "ymin": 1105,
                "xmax": 461,
                "ymax": 1176,
                "score": 0.8276367,
                "text": "40",
                "row_label": "",
                "verification_status": "correctly_predicted",
                "status": "",
                "failed_validation": "",
                "label_id": ""
            },
            {
                "id": "502f3c58-c23a-497f-afdb-1373f8e2d9a6",
                "row": 11,
                "col": 3,
                "row_span": 1,
                "col_span": 1,
                "label": "",
                "xmin": 461,
                "ymin": 1105,
                "xmax": 746,
                "ymax": 1175,
                "score": 0.84472656,
                "text": "चौहल्दा",
                "row_label": "",
                "verification_status": "correctly_predicted",
                "status": "",
                "failed_validation": "",
                "label_id": ""
            },
            {
                "id": "a134f0f4-52f9-4f86-a56a-004928d1ce42",
                "row": 11,
                "col": 4,
                "row_span": 1,
                "col_span": 1,
                "label": "",
                "xmin": 746,
                "ymin": 1104,
                "xmax": 1118,
                "ymax": 1175,
                "score": 0.87158203,
                "text": "अनारक्षित",
                "row_label": "",
                "verification_status": "correctly_predicted",
                "status": "",
                "failed_validation": "",
                "label_id": ""
            },
            {
                "id": "a1e75038-445e-481d-bed3-c9a6cb509cd6",
                "row": 11,
                "col": 5,
                "row_span": 1,
                "col_span": 1,
                "label": "",
                "xmin": 1118,
                "ymin": 1103,
                "xmax": 1503,
                "ymax": 1174,
                "score": 0.86279297,
                "text": "सुरेश चन्द",
                "row_label": "",
                "verification_status": "correctly_predicted",
                "status": "",
                "failed_validation": "",
                "label_id": ""
            },
            {
                "id": "b7a51269-0197-4e2c-aa75-45134daf6cfe",
                "row": 11,
                "col": 6,
                "row_span": 1,
                "col_span": 1,
                "label": "",
                "xmin": 1503,
                "ymin": 1103,
                "xmax": 1690,
                "ymax": 1174,
                "score": 0.5493164,
                "text": "पुरुष",
                "row_label": "",
                "verification_status": "correctly_predicted",
                "status": "",
                "failed_validation": "",
                "label_id": ""
            },
            {
                "id": "9c764e7b-0fc0-4982-97e0-dcf5b247a162",
                "row": 11,
                "col": 7,
                "row_span": 1,
                "col_span": 1,
                "label": "",
                "xmin": 1690,
                "ymin": 1102,
                "xmax": 2182,
                "ymax": 1173,
                "score": 0.85058594,
                "text": "अनारक्षित",
                "row_label": "",
                "verification_status": "correctly_predicted",
                "status": "",
                "failed_validation": "",
                "label_id": ""
            },
            {
                "id": "2178c43d-fa79-4171-9e12-981d6aeff7f3",
                "row": 12,
                "col": 1,
                "row_span": 1,
                "col_span": 1,
                "label": "",
                "xmin": 143,
                "ymin": 1176,
                "xmax": 270,
                "ymax": 1247,
                "score": 0.8129883,
                "text": "234",
                "row_label": "",
                "verification_status": "correctly_predicted",
                "status": "",
                "failed_validation": "",
                "label_id": ""
            },
            {
                "id": "91797a2f-4852-4bac-832b-62e3ad673c63",
                "row": 12,
                "col": 2,
                "row_span": 1,
                "col_span": 1,
                "label": "",
                "xmin": 270,
                "ymin": 1175,
                "xmax": 461,
                "ymax": 1247,
                "score": 0.83935547,
                "text": "41",
                "row_label": "",
                "verification_status": "correctly_predicted",
                "status": "",
                "failed_validation": "",
                "label_id": ""
            },
            {
                "id": "1632f2ce-18f9-4c47-a6b0-b075db7d6d1e",
                "row": 12,
                "col": 3,
                "row_span": 1,
                "col_span": 1,
                "label": "",
                "xmin": 461,
                "ymin": 1175,
                "xmax": 746,
                "ymax": 1247,
                "score": 0.8569336,
                "text": "निवाली",
                "row_label": "",
                "verification_status": "correctly_predicted",
                "status": "",
                "failed_validation": "",
                "label_id": ""
            },
            {
                "id": "24bcaac1-e499-4d42-8f27-e4d1f395e9d2",
                "row": 12,
                "col": 4,
                "row_span": 1,
                "col_span": 1,
                "label": "",
                "xmin": 746,
                "ymin": 1174,
                "xmax": 1118,
                "ymax": 1246,
                "score": 0.88427734,
                "text": "महिला",
                "row_label": "",
                "verification_status": "correctly_predicted",
                "status": "",
                "failed_validation": "",
                "label_id": ""
            },
            {
                "id": "05771f93-5009-47bc-8542-716362a50e9c",
                "row": 12,
                "col": 5,
                "row_span": 1,
                "col_span": 1,
                "label": "",
                "xmin": 1118,
                "ymin": 1174,
                "xmax": 1503,
                "ymax": 1246,
                "score": 0.8754883,
                "text": "दीप्ती",
                "row_label": "",
                "verification_status": "correctly_predicted",
                "status": "",
                "failed_validation": "",
                "label_id": ""
            },
            {
                "id": "cd0e07ac-1c9d-4b8a-b01a-19c32536eb7b",
                "row": 12,
                "col": 6,
                "row_span": 1,
                "col_span": 1,
                "label": "",
                "xmin": 1503,
                "ymin": 1173,
                "xmax": 1690,
                "ymax": 1245,
                "score": 0.5576172,
                "text": "महिला",
                "row_label": "",
                "verification_status": "correctly_predicted",
                "status": "",
                "failed_validation": "",
                "label_id": ""
            },
            {
                "id": "30f939b9-2d2e-48d4-8846-f82d07cc2837",
                "row": 12,
                "col": 7,
                "row_span": 1,
                "col_span": 1,
                "label": "",
                "xmin": 1690,
                "ymin": 1173,
                "xmax": 2182,
                "ymax": 1245,
                "score": 0.86328125,
                "text": "पिछड़ी जाति - महिला",
                "row_label": "",
                "verification_status": "correctly_predicted",
                "status": "",
                "failed_validation": "",
                "label_id": ""
            },
            {
                "id": "b5cfdab8-9055-4d81-92cc-eef63a5a298d",
                "row": 13,
                "col": 1,
                "row_span": 1,
                "col_span": 1,
                "label": "",
                "xmin": 143,
                "ymin": 1247,
                "xmax": 270,
                "ymax": 1321,
                "score": 0.81347656,
                "text": "235",
                "row_label": "",
                "verification_status": "correctly_predicted",
                "status": "",
                "failed_validation": "",
                "label_id": ""
            },
            {
                "id": "6754b477-ad63-4378-92f5-bd868e64ef5b",
                "row": 13,
                "col": 2,
                "row_span": 1,
                "col_span": 1,
                "label": "",
                "xmin": 270,
                "ymin": 1247,
                "xmax": 461,
                "ymax": 1321,
                "score": 0.83984375,
                "text": "42",
                "row_label": "",
                "verification_status": "correctly_predicted",
                "status": "",
                "failed_validation": "",
                "label_id": ""
            },
            {
                "id": "4a3580bf-902e-4657-a46e-e15ca7c39877",
                "row": 13,
                "col": 3,
                "row_span": 1,
                "col_span": 1,
                "label": "",
                "xmin": 461,
                "ymin": 1246,
                "xmax": 746,
                "ymax": 1321,
                "score": 0.8574219,
                "text": "धनौरा सिल्वर नगर",
                "row_label": "",
                "verification_status": "correctly_predicted",
                "status": "",
                "failed_validation": "",
                "label_id": ""
            },
            {
                "id": "5b46fa93-0ad3-4063-a633-0c1dfb3d082b",
                "row": 13,
                "col": 4,
                "row_span": 1,
                "col_span": 1,
                "label": "",
                "xmin": 746,
                "ymin": 1246,
                "xmax": 1118,
                "ymax": 1320,
                "score": 0.8847656,
                "text": "महिला",
                "row_label": "",
                "verification_status": "correctly_predicted",
                "status": "",
                "failed_validation": "",
                "label_id": ""
            },
            {
                "id": "66dd84f5-cf39-4159-99ec-9e3b752918a3",
                "row": 13,
                "col": 5,
                "row_span": 1,
                "col_span": 1,
                "label": "",
                "xmin": 1118,
                "ymin": 1245,
                "xmax": 1503,
                "ymax": 1320,
                "score": 0.87597656,
                "text": "सन्त्रेशा",
                "row_label": "",
                "verification_status": "correctly_predicted",
                "status": "",
                "failed_validation": "",
                "label_id": ""
            },
            {
                "id": "5e697b29-38b0-41d1-94e7-e2d121d9598b",
                "row": 13,
                "col": 6,
                "row_span": 1,
                "col_span": 1,
                "label": "",
                "xmin": 1503,
                "ymin": 1245,
                "xmax": 1690,
                "ymax": 1319,
                "score": 0.55810547,
                "text": "महिला",
                "row_label": "",
                "verification_status": "correctly_predicted",
                "status": "",
                "failed_validation": "",
                "label_id": ""
            },
            {
                "id": "8142230d-21b5-4743-ad02-f68b66bf643b",
                "row": 13,
                "col": 7,
                "row_span": 1,
                "col_span": 1,
                "label": "",
                "xmin": 1690,
                "ymin": 1244,
                "xmax": 2182,
                "ymax": 1319,
                "score": 0.86376953,
                "text": "पिछड़ी जाति - महिला",
                "row_label": "",
                "verification_status": "correctly_predicted",
                "status": "",
                "failed_validation": "",
                "label_id": ""
            },
            {
                "id": "396d5793-61ff-4cf0-b8d5-7951fc583cb7",
                "row": 14,
                "col": 1,
                "row_span": 1,
                "col_span": 1,
                "label": "",
                "xmin": 143,
                "ymin": 1321,
                "xmax": 270,
                "ymax": 1394,
                "score": 0.78222656,
                "text": "236",
                "row_label": "",
                "verification_status": "correctly_predicted",
                "status": "",
                "failed_validation": "",
                "label_id": ""
            },
            {
                "id": "2ecbca6b-4a3f-46f3-a580-349646e2e744",
                "row": 14,
                "col": 2,
                "row_span": 1,
                "col_span": 1,
                "label": "",
                "xmin": 270,
                "ymin": 1321,
                "xmax": 461,
                "ymax": 1394,
                "score": 0.8076172,
                "text": "43",
                "row_label": "",
                "verification_status": "correctly_predicted",
                "status": "",
                "failed_validation": "",
                "label_id": ""
            },
            {
                "id": "76581c2a-705a-464b-94f3-1d118a15e3f3",
                "row": 14,
                "col": 3,
                "row_span": 1,
                "col_span": 1,
                "label": "",
                "xmin": 461,
                "ymin": 1320,
                "xmax": 746,
                "ymax": 1393,
                "score": 0.82421875,
                "text": "सु ० पुर हटाना",
                "row_label": "",
                "verification_status": "correctly_predicted",
                "status": "",
                "failed_validation": "",
                "label_id": ""
            },
            {
                "id": "9c868d4f-ab0e-4a5a-ae53-caa59e935ef7",
                "row": 14,
                "col": 4,
                "row_span": 1,
                "col_span": 1,
                "label": "",
                "xmin": 746,
                "ymin": 1320,
                "xmax": 1118,
                "ymax": 1393,
                "score": 0.85058594,
                "text": "पिछड़ी जाति",
                "row_label": "",
                "verification_status": "correctly_predicted",
                "status": "",
                "failed_validation": "",
                "label_id": ""
            },
            {
                "id": "cb87839e-bf09-41d8-808f-5035f3767536",
                "row": 14,
                "col": 5,
                "row_span": 1,
                "col_span": 1,
                "label": "",
                "xmin": 1118,
                "ymin": 1319,
                "xmax": 1503,
                "ymax": 1392,
                "score": 0.84228516,
                "text": "मांगेराम",
                "row_label": "",
                "verification_status": "correctly_predicted",
                "status": "",
                "failed_validation": "",
                "label_id": ""
            },
            {
                "id": "ccd8637c-2a94-4c51-a08b-93d6f05737dc",
                "row": 14,
                "col": 6,
                "row_span": 1,
                "col_span": 1,
                "label": "",
                "xmin": 1503,
                "ymin": 1319,
                "xmax": 1690,
                "ymax": 1391,
                "score": 0.5366211,
                "text": "पुरुष",
                "row_label": "",
                "verification_status": "correctly_predicted",
                "status": "",
                "failed_validation": "",
                "label_id": ""
            },
            {
                "id": "58801af8-5850-40b6-a684-6d666c7f14c1",
                "row": 14,
                "col": 7,
                "row_span": 1,
                "col_span": 1,
                "label": "",
                "xmin": 1690,
                "ymin": 1318,
                "xmax": 2182,
                "ymax": 1391,
                "score": 0.8305664,
                "text": "पिछड़ी जाति",
                "row_label": "",
                "verification_status": "correctly_predicted",
                "status": "",
                "failed_validation": "",
                "label_id": ""
            },
            {
                "id": "38d438fe-3c0b-41a5-9fa0-89ab242deea6",
                "row": 15,
                "col": 1,
                "row_span": 1,
                "col_span": 1,
                "label": "",
                "xmin": 143,
                "ymin": 1394,
                "xmax": 270,
                "ymax": 1461,
                "score": 0.84375,
                "text": "237",
                "row_label": "",
                "verification_status": "correctly_predicted",
                "status": "",
                "failed_validation": "",
                "label_id": ""
            },
            {
                "id": "538a101c-6329-4c23-9738-32d1b178ef0c",
                "row": 15,
                "col": 2,
                "row_span": 1,
                "col_span": 1,
                "label": "",
                "xmin": 270,
                "ymin": 1393,
                "xmax": 461,
                "ymax": 1461,
                "score": 0.87109375,
                "text": "44",
                "row_label": "",
                "verification_status": "correctly_predicted",
                "status": "",
                "failed_validation": "",
                "label_id": ""
            },
            {
                "id": "b4cd2bfa-db30-4fe0-8f12-57c3ded2817a",
                "row": 15,
                "col": 3,
                "row_span": 1,
                "col_span": 1,
                "label": "",
                "xmin": 461,
                "ymin": 1393,
                "xmax": 746,
                "ymax": 1461,
                "score": 0.88916016,
                "text": "दौझा",
                "row_label": "",
                "verification_status": "correctly_predicted",
                "status": "",
                "failed_validation": "",
                "label_id": ""
            },
            {
                "id": "22fad471-a7d0-4122-8c76-ed8fbd54bafe",
                "row": 15,
                "col": 4,
                "row_span": 1,
                "col_span": 1,
                "label": "",
                "xmin": 746,
                "ymin": 1392,
                "xmax": 1118,
                "ymax": 1460,
                "score": 0.9169922,
                "text": "अनारक्षित",
                "row_label": "",
                "verification_status": "correctly_predicted",
                "status": "",
                "failed_validation": "",
                "label_id": ""
            },
            {
                "id": "69c16102-a51e-49be-af7f-8fde83f0f673",
                "row": 15,
                "col": 5,
                "row_span": 1,
                "col_span": 1,
                "label": "",
                "xmin": 1118,
                "ymin": 1391,
                "xmax": 1503,
                "ymax": 1460,
                "score": 0.9082031,
                "text": "प्रमोद",
                "row_label": "",
                "verification_status": "correctly_predicted",
                "status": "",
                "failed_validation": "",
                "label_id": ""
            },
            {
                "id": "31228c35-2fee-4c49-9b32-31ba6d9dbc7b",
                "row": 15,
                "col": 6,
                "row_span": 1,
                "col_span": 1,
                "label": "",
                "xmin": 1503,
                "ymin": 1391,
                "xmax": 1690,
                "ymax": 1459,
                "score": 0.5786133,
                "text": "पुरुष",
                "row_label": "",
                "verification_status": "correctly_predicted",
                "status": "",
                "failed_validation": "",
                "label_id": ""
            },
            {
                "id": "3ce8cd66-fd7d-46d4-9a08-aa37a318701a",
                "row": 15,
                "col": 7,
                "row_span": 1,
                "col_span": 1,
                "label": "",
                "xmin": 1690,
                "ymin": 1390,
                "xmax": 2182,
                "ymax": 1459,
                "score": 0.8955078,
                "text": "अनारक्षित",
                "row_label": "",
                "verification_status": "correctly_predicted",
                "status": "",
                "failed_validation": "",
                "label_id": ""
            }
        ]
    }
]