[
    {
        "label": "table",
        "ocr_text": "table",
        "score": 1,
        "xmin": 139,
        "xmax": 2179,
        "ymin": 298,
        "ymax": 1680,
        "type": "table",
        "cells": [
            {
                "id": "1a5689c6-97bb-46c0-a4e3-59b4d4ddcd81",
                "row": 1,
                "col": 1,
                "row_span": 1,
                "col_span": 1,
                "label": "",
                "xmin": 142,
                "ymin": 305,
                "xmax": 271,
                "ymax": 458,
                "score": 0.80810547,
                "text": "क्रम\nसंख्या",
                "row_label": "",
                "verification_status": "correctly_predicted",
                "status": "",
                "failed_validation": "",
                "label_id": ""
            },
            {
                "id": "b824178c-5dc1-4b5e-b890-7e3ee54e4e0b",
                "row": 1,
                "col": 2,
                "row_span": 1,
                "col_span": 1,
                "label": "",
                "xmin": 271,
                "ymin": 304,
                "xmax": 460,
                "ymax": 458,
                "score": 0.7919922,
                "text": "ग्राम पंचायत\nका कोड",
                "row_label": "",
                "verification_status": "correctly_predicted",
                "status": "",
                "failed_validation": "",
                "label_id": ""
            },
            {
                "id": "9a10fb50-65f8-4a1f-a856-1dbed1e8455d",
                "row": 1,
                "col": 3,
                "row_span": 1,
                "col_span": 1,
                "label": "",
                "xmin": 459,
                "ymin": 303,
                "xmax": 726,
                "ymax": 457,
                "score": 0.8457031,
                "text": "ग्राम पंचायत\nका नाम",
                "row_label": "",
                "verification_status": "correctly_predicted",
                "status": "",
                "failed_validation": "",
                "label_id": ""
            },
            {
                "id": "7e2bda68-5f08-4434-a83f-e1e6b058086f",
                "row": 1,
                "col": 4,
                "row_span": 1,
                "col_span": 1,
                "label": "",
                "xmin": 726,
                "ymin": 302,
                "xmax": 1117,
                "ymax": 456,
                "score": 0.90283203,
                "text": "पद की आरक्षण श्रेणी",
                "row_label": "",
                "verification_status": "correctly_predicted",
                "status": "",
                "failed_validation": "",
                "label_id": ""
            },
            {
                "id": "c5dcb9fb-b7a7-4768-af9c-4361ad758246",
                "row": 1,
                "col": 5,
                "row_span": 1,
                "col_span": 1,
                "label": "",
                "xmin": 1117,
                "ymin": 300,
                "xmax": 1502,
                "ymax": 455,
                "score": 0.9033203,
                "text": "विजयी उम्मीदवार\nका नाम",
                "row_label": "",
                "verification_status": "correctly_predicted",
                "status": "",
                "failed_validation": "",
                "label_id": ""
            },
            {
                "id": "c0541df7-5000-4a64-b510-18b2f8894abc",
                "row": 1,
                "col": 6,
                "row_span": 1,
                "col_span": 1,
                "label": "",
                "xmin": 1502,
                "ymin": 299,
                "xmax": 1694,
                "ymax": 453,
                "score": 0.6225586,
                "text": "लिंग",
                "row_label": "",
                "verification_status": "correctly_predicted",
                "status": "",
                "failed_validation": "",
                "label_id": ""
            },
            {
                "id": "84e66fb5-38ea-4ecb-863b-3126446920dc",
                "row": 1,
                "col": 7,
                "row_span": 1,
                "col_span": 1,
                "label": "",
                "xmin": 1694,
                "ymin": 298,
                "xmax": 2179,
                "ymax": 453,
                "score": 0.8935547,
                "text": "उम्मीदवार की\nआरक्षण श्रेणी",
                "row_label": "",
                "verification_status": "correctly_predicted",
                "status": "",
                "failed_validation": "",
                "label_id": ""
            },
            {
                "id": "aacb4633-af85-4846-a55e-fc1a8bc42584",
                "row": 2,
                "col": 1,
                "row_span": 1,
                "col_span": 1,
                "label": "",
                "xmin": 142,
                "ymin": 458,
                "xmax": 271,
                "ymax": 527,
                "score": 0.79345703,
                "text": "227",
                "row_label": "",
                "verification_status": "correctly_predicted",
                "status": "",
                "failed_validation": "",
                "label_id": ""
            },
            {
                "id": "04d1b46b-4d71-4ca1-80cf-4e142235787a",
                "row": 2,
                "col": 2,
                "row_span": 1,
                "col_span": 1,
                "label": "",
                "xmin": 271,
                "ymin": 457,
                "xmax": 459,
                "ymax": 527,
                "score": 0.77734375,
                "text": "51",
                "row_label": "",
                "verification_status": "correctly_predicted",
                "status": "",
                "failed_validation": "",
                "label_id": ""
            },
            {
                "id": "f6d5403f-e792-445a-8b5c-cecd858ecf75",
                "row": 2,
                "col": 3,
                "row_span": 1,
                "col_span": 1,
                "label": "",
                "xmin": 459,
                "ymin": 456,
                "xmax": 726,
                "ymax": 526,
                "score": 0.8300781,
                "text": "निलौनी शाहपुर",
                "row_label": "",
                "verification_status": "correctly_predicted",
                "status": "",
                "failed_validation": "",
                "label_id": ""
            },
            {
                "id": "6121884d-e087-4f20-9294-021907e7c592",
                "row": 2,
                "col": 4,
                "row_span": 1,
                "col_span": 1,
                "label": "",
                "xmin": 726,
                "ymin": 455,
                "xmax": 1117,
                "ymax": 525,
                "score": 0.88623047,
                "text": "अनारक्षित",
                "row_label": "",
                "verification_status": "correctly_predicted",
                "status": "",
                "failed_validation": "",
                "label_id": ""
            },
            {
                "id": "e01e4945-5d24-421c-99f6-1a51cd6f8b32",
                "row": 2,
                "col": 5,
                "row_span": 1,
                "col_span": 1,
                "label": "",
                "xmin": 1117,
                "ymin": 453,
                "xmax": 1502,
                "ymax": 524,
                "score": 0.88720703,
                "text": "शशी",
                "row_label": "",
                "verification_status": "correctly_predicted",
                "status": "",
                "failed_validation": "",
                "label_id": ""
            },
            {
                "id": "98a45ea5-204f-4590-b598-11f5687f210e",
                "row": 2,
                "col": 6,
                "row_span": 1,
                "col_span": 1,
                "label": "",
                "xmin": 1502,
                "ymin": 453,
                "xmax": 1694,
                "ymax": 522,
                "score": 0.6113281,
                "text": "महिला",
                "row_label": "",
                "verification_status": "correctly_predicted",
                "status": "",
                "failed_validation": "",
                "label_id": ""
            },
            {
                "id": "1df5ef4b-27d8-4612-8a17-4fc976a7ed5b",
                "row": 2,
                "col": 7,
                "row_span": 1,
                "col_span": 1,
                "label": "",
                "xmin": 1694,
                "ymin": 451,
                "xmax": 2179,
                "ymax": 522,
                "score": 0.8769531,
                "text": "महिला",
                "row_label": "",
                "verification_status": "correctly_predicted",
                "status": "",
                "failed_validation": "",
                "label_id": ""
            },
            {
                "id": "8b98037f-d724-4cf1-b3c0-e6b780f86f91",
                "row": 3,
                "col": 1,
                "row_span": 1,
                "col_span": 1,
                "label": "",
                "xmin": 142,
                "ymin": 527,
                "xmax": 271,
                "ymax": 601,
                "score": 0.79248047,
                "text": "228",
                "row_label": "",
                "verification_status": "correctly_predicted",
                "status": "",
                "failed_validation": "",
                "label_id": ""
            },
            {
                "id": "cab3de71-e031-44e1-921d-0233c6fe4a2e",
                "row": 3,
                "col": 2,
                "row_span": 1,
                "col_span": 1,
                "label": "",
                "xmin": 271,
                "ymin": 526,
                "xmax": 459,
                "ymax": 601,
                "score": 0.7763672,
                "text": "52",
                "row_label": "",
                "verification_status": "correctly_predicted",
                "status": "",
                "failed_validation": "",
                "label_id": ""
            },
            {
                "id": "4d54ccf9-2337-4454-8391-175b80b9f538",
                "row": 3,
                "col": 3,
                "row_span": 1,
                "col_span": 1,
                "label": "",
                "xmin": 459,
                "ymin": 525,
                "xmax": 726,
                "ymax": 600,
                "score": 0.82910156,
                "text": "पारसौल",
                "row_label": "",
                "verification_status": "correctly_predicted",
                "status": "",
                "failed_validation": "",
                "label_id": ""
            },
            {
                "id": "cea114fe-881c-4c03-b9d3-5200b8316572",
                "row": 3,
                "col": 4,
                "row_span": 1,
                "col_span": 1,
                "label": "",
                "xmin": 726,
                "ymin": 524,
                "xmax": 1117,
                "ymax": 599,
                "score": 0.8852539,
                "text": "पिछड़ी जाति - महिला",
                "row_label": "",
                "verification_status": "correctly_predicted",
                "status": "",
                "failed_validation": "",
                "label_id": ""
            },
            {
                "id": "b400959c-5c40-4f73-ae24-149fc9dd3580",
                "row": 3,
                "col": 5,
                "row_span": 1,
                "col_span": 1,
                "label": "",
                "xmin": 1117,
                "ymin": 522,
                "xmax": 1502,
                "ymax": 597,
                "score": 0.88623047,
                "text": "चन्द्रावती",
                "row_label": "",
                "verification_status": "correctly_predicted",
                "status": "",
                "failed_validation": "",
                "label_id": ""
            },
            {
                "id": "0f0b3334-2b2d-40b8-a59e-49517f1f5935",
                "row": 3,
                "col": 6,
                "row_span": 1,
                "col_span": 1,
                "label": "",
                "xmin": 1502,
                "ymin": 522,
                "xmax": 1694,
                "ymax": 596,
                "score": 0.61083984,
                "text": "महिला",
                "row_label": "",
                "verification_status": "correctly_predicted",
                "status": "",
                "failed_validation": "",
                "label_id": ""
            },
            {
                "id": "d726ca0f-b81e-4181-9034-26752b443108",
                "row": 3,
                "col": 7,
                "row_span": 1,
                "col_span": 1,
                "label": "",
                "xmin": 1694,
                "ymin": 520,
                "xmax": 2179,
                "ymax": 595,
                "score": 0.87597656,
                "text": "पिछड़ी जाति - महिला",
                "row_label": "",
                "verification_status": "correctly_predicted",
                "status": "",
                "failed_validation": "",
                "label_id": ""
            },
            {
                "id": "6d486258-aa0b-4c19-8c28-94a01d1112c0",
                "row": 4,
                "col": 1,
                "row_span": 1,
                "col_span": 1,
                "label": "",
                "xmin": 141,
                "ymin": 601,
                "xmax": 271,
                "ymax": 674,
                "score": 0.7807617,
                "text": "229",
                "row_label": "",
                "verification_status": "correctly_predicted",
                "status": "",
                "failed_validation": "",
                "label_id": ""
            },
            {
                "id": "220eb271-e252-4a6c-9516-1722614cdde0",
                "row": 4,
                "col": 2,
                "row_span": 1,
                "col_span": 1,
                "label": "",
                "xmin": 270,
                "ymin": 600,
                "xmax": 459,
                "ymax": 673,
                "score": 0.7651367,
                "text": "53",
                "row_label": "",
                "verification_status": "correctly_predicted",
                "status": "",
                "failed_validation": "",
                "label_id": ""
            },
            {
                "id": "58fd20f4-76a8-40a6-823f-2e060fd0d04c",
                "row": 4,
                "col": 3,
                "row_span": 1,
                "col_span": 1,
                "label": "",
                "xmin": 459,
                "ymin": 599,
                "xmax": 726,
                "ymax": 672,
                "score": 0.81689453,
                "text": "भट्टा",
                "row_label": "",
                "verification_status": "correctly_predicted",
                "status": "",
                "failed_validation": "",
                "label_id": ""
            },
            {
                "id": "36c8e353-6b76-4b38-b660-ffade2182d31",
                "row": 4,
                "col": 4,
                "row_span": 1,
                "col_span": 1,
                "label": "",
                "xmin": 726,
                "ymin": 597,
                "xmax": 1117,
                "ymax": 671,
                "score": 0.8720703,
                "text": "अनारक्षित",
                "row_label": "",
                "verification_status": "correctly_predicted",
                "status": "",
                "failed_validation": "",
                "label_id": ""
            },
            {
                "id": "d6f14a2c-8a68-486c-95c3-c0cdf12e8fc4",
                "row": 4,
                "col": 5,
                "row_span": 1,
                "col_span": 1,
                "label": "",
                "xmin": 1116,
                "ymin": 596,
                "xmax": 1502,
                "ymax": 670,
                "score": 0.8725586,
                "text": "सत्यवीर",
                "row_label": "",
                "verification_status": "correctly_predicted",
                "status": "",
                "failed_validation": "",
                "label_id": ""
            },
            {
                "id": "e0a70be5-0445-4279-949c-364c13fa8fe9",
                "row": 4,
                "col": 6,
                "row_span": 1,
                "col_span": 1,
                "label": "",
                "xmin": 1502,
                "ymin": 595,
                "xmax": 1694,
                "ymax": 669,
                "score": 0.6015625,
                "text": "पुरुष",
                "row_label": "",
                "verification_status": "correctly_predicted",
                "status": "",
                "failed_validation": "",
                "label_id": ""
            },
            {
                "id": "369fb2f7-a077-4741-9a77-71a2da4cf6d3",
                "row": 4,
                "col": 7,
                "row_span": 1,
                "col_span": 1,
                "label": "",
                "xmin": 1694,
                "ymin": 593,
                "xmax": 2178,
                "ymax": 668,
                "score": 0.86328125,
                "text": "अनारक्षित",
                "row_label": "",
                "verification_status": "correctly_predicted",
                "status": "",
                "failed_validation": "",
                "label_id": ""
            },
            {
                "id": "e29f32de-fe05-43a5-871e-fec83641ce75",
                "row": 5,
                "col": 1,
                "row_span": 1,
                "col_span": 1,
                "label": "",
                "xmin": 141,
                "ymin": 673,
                "xmax": 270,
                "ymax": 745,
                "score": 0.8041992,
                "text": "230",
                "row_label": "",
                "verification_status": "correctly_predicted",
                "status": "",
                "failed_validation": "",
                "label_id": ""
            },
            {
                "id": "186d9286-97e1-46d7-a92d-d8bd5e340544",
                "row": 5,
                "col": 2,
                "row_span": 1,
                "col_span": 1,
                "label": "",
                "xmin": 270,
                "ymin": 672,
                "xmax": 459,
                "ymax": 744,
                "score": 0.78808594,
                "text": "58",
                "row_label": "",
                "verification_status": "correctly_predicted",
                "status": "",
                "failed_validation": "",
                "label_id": ""
            },
            {
                "id": "486a7e30-69a4-48ba-bad4-76458b0ddebb",
                "row": 5,
                "col": 3,
                "row_span": 1,
                "col_span": 1,
                "label": "",
                "xmin": 459,
                "ymin": 671,
                "xmax": 726,
                "ymax": 744,
                "score": 0.8417969,
                "text": "धनौरी",
                "row_label": "",
                "verification_status": "correctly_predicted",
                "status": "",
                "failed_validation": "",
                "label_id": ""
            },
            {
                "id": "6eb25c5d-7339-442f-825c-230e5be36b38",
                "row": 5,
                "col": 4,
                "row_span": 1,
                "col_span": 1,
                "label": "",
                "xmin": 725,
                "ymin": 670,
                "xmax": 1116,
                "ymax": 743,
                "score": 0.8984375,
                "text": "महिला",
                "row_label": "",
                "verification_status": "correctly_predicted",
                "status": "",
                "failed_validation": "",
                "label_id": ""
            },
            {
                "id": "e2210142-3dfd-4c32-ad84-dff20b26fa4d",
                "row": 5,
                "col": 5,
                "row_span": 1,
                "col_span": 1,
                "label": "",
                "xmin": 1116,
                "ymin": 669,
                "xmax": 1502,
                "ymax": 741,
                "score": 0.89941406,
                "text": "नरेशवती",
                "row_label": "",
                "verification_status": "correctly_predicted",
                "status": "",
                "failed_validation": "",
                "label_id": ""
            },
            {
                "id": "35ed256e-dabf-4fe0-b493-499b37cec613",
                "row": 5,
                "col": 6,
                "row_span": 1,
                "col_span": 1,
                "label": "",
                "xmin": 1501,
                "ymin": 668,
                "xmax": 1694,
                "ymax": 740,
                "score": 0.6196289,
                "text": "महिला",
                "row_label": "",
                "verification_status": "correctly_predicted",
                "status": "",
                "failed_validation": "",
                "label_id": ""
            },
            {
                "id": "a19d73d5-593b-4e33-973a-745842496f74",
                "row": 5,
                "col": 7,
                "row_span": 1,
                "col_span": 1,
                "label": "",
                "xmin": 1693,
                "ymin": 666,
                "xmax": 2178,
                "ymax": 739,
                "score": 0.88916016,
                "text": "महिला",
                "row_label": "",
                "verification_status": "correctly_predicted",
                "status": "",
                "failed_validation": "",
                "label_id": ""
            },
            {
                "id": "1a0d1818-a955-4d91-a85d-f3e1ee6a3bb7",
                "row": 6,
                "col": 1,
                "row_span": 1,
                "col_span": 1,
                "label": "",
                "xmin": 141,
                "ymin": 744,
                "xmax": 270,
                "ymax": 819,
                "score": 0.8027344,
                "text": "231",
                "row_label": "",
                "verification_status": "correctly_predicted",
                "status": "",
                "failed_validation": "",
                "label_id": ""
            },
            {
                "id": "ffdf00af-f4ab-4433-b47b-37bb73b2f24c",
                "row": 6,
                "col": 2,
                "row_span": 1,
                "col_span": 1,
                "label": "",
                "xmin": 270,
                "ymin": 744,
                "xmax": 459,
                "ymax": 818,
                "score": 0.7866211,
                "text": "59",
                "row_label": "",
                "verification_status": "correctly_predicted",
                "status": "",
                "failed_validation": "",
                "label_id": ""
            },
            {
                "id": "a88854cd-1d28-4438-aa6c-bf46ad44f706",
                "row": 6,
                "col": 3,
                "row_span": 1,
                "col_span": 1,
                "label": "",
                "xmin": 458,
                "ymin": 743,
                "xmax": 725,
                "ymax": 817,
                "score": 0.83984375,
                "text": "चचूला",
                "row_label": "",
                "verification_status": "correctly_predicted",
                "status": "",
                "failed_validation": "",
                "label_id": ""
            },
            {
                "id": "9d514ad4-ae26-4594-89f3-9f2b32afa498",
                "row": 6,
                "col": 4,
                "row_span": 1,
                "col_span": 1,
                "label": "",
                "xmin": 725,
                "ymin": 741,
                "xmax": 1116,
                "ymax": 816,
                "score": 0.8964844,
                "text": "पिछड़ी जाति - महिला",
                "row_label": "",
                "verification_status": "correctly_predicted",
                "status": "",
                "failed_validation": "",
                "label_id": ""
            },
            {
                "id": "803aa526-c922-4fcc-a0e7-e6e4d34328bd",
                "row": 6,
                "col": 5,
                "row_span": 1,
                "col_span": 1,
                "label": "",
                "xmin": 1116,
                "ymin": 740,
                "xmax": 1501,
                "ymax": 815,
                "score": 0.89746094,
                "text": "बलेश",
                "row_label": "",
                "verification_status": "correctly_predicted",
                "status": "",
                "failed_validation": "",
                "label_id": ""
            },
            {
                "id": "cf814e2d-89d4-40b5-8c6a-21e85ca1d91e",
                "row": 6,
                "col": 6,
                "row_span": 1,
                "col_span": 1,
                "label": "",
                "xmin": 1501,
                "ymin": 739,
                "xmax": 1693,
                "ymax": 814,
                "score": 0.61865234,
                "text": "महिला",
                "row_label": "",
                "verification_status": "correctly_predicted",
                "status": "",
                "failed_validation": "",
                "label_id": ""
            },
            {
                "id": "974f2483-0e1f-487a-9095-1df6829d6d62",
                "row": 6,
                "col": 7,
                "row_span": 1,
                "col_span": 1,
                "label": "",
                "xmin": 1693,
                "ymin": 737,
                "xmax": 2178,
                "ymax": 813,
                "score": 0.88720703,
                "text": "पिछड़ी जाति महिला -",
                "row_label": "",
                "verification_status": "correctly_predicted",
                "status": "",
                "failed_validation": "",
                "label_id": ""
            },
            {
                "id": "d808cfe9-42be-4b60-b0c1-1eb00a243c51",
                "row": 7,
                "col": 1,
                "row_span": 1,
                "col_span": 1,
                "label": "",
                "xmin": 141,
                "ymin": 818,
                "xmax": 270,
                "ymax": 892,
                "score": 0.796875,
                "text": "232",
                "row_label": "",
                "verification_status": "correctly_predicted",
                "status": "",
                "failed_validation": "",
                "label_id": ""
            },
            {
                "id": "84c0fc55-c4a8-4a78-86bc-7a84ffad971f",
                "row": 7,
                "col": 2,
                "row_span": 1,
                "col_span": 1,
                "label": "",
                "xmin": 270,
                "ymin": 817,
                "xmax": 458,
                "ymax": 892,
                "score": 0.7807617,
                "text": "60",
                "row_label": "",
                "verification_status": "correctly_predicted",
                "status": "",
                "failed_validation": "",
                "label_id": ""
            },
            {
                "id": "5d3348d2-1ae0-4e5e-8184-2012a2f36143",
                "row": 7,
                "col": 3,
                "row_span": 1,
                "col_span": 1,
                "label": "",
                "xmin": 458,
                "ymin": 816,
                "xmax": 725,
                "ymax": 891,
                "score": 0.8334961,
                "text": "ठसराना",
                "row_label": "",
                "verification_status": "correctly_predicted",
                "status": "",
                "failed_validation": "",
                "label_id": ""
            },
            {
                "id": "0754d11a-75bc-4570-af13-f2433a1df0ce",
                "row": 7,
                "col": 4,
                "row_span": 1,
                "col_span": 1,
                "label": "",
                "xmin": 725,
                "ymin": 815,
                "xmax": 1116,
                "ymax": 890,
                "score": 0.88964844,
                "text": "अनुसूचित जाति",
                "row_label": "",
                "verification_status": "correctly_predicted",
                "status": "",
                "failed_validation": "",
                "label_id": ""
            },
            {
                "id": "d0df18b1-cb16-453e-85d0-a263eb2d56a3",
                "row": 7,
                "col": 5,
                "row_span": 1,
                "col_span": 1,
                "label": "",
                "xmin": 1116,
                "ymin": 814,
                "xmax": 1501,
                "ymax": 889,
                "score": 0.890625,
                "text": "वुलीचन्द्र",
                "row_label": "",
                "verification_status": "correctly_predicted",
                "status": "",
                "failed_validation": "",
                "label_id": ""
            },
            {
                "id": "0259641a-e002-4183-8694-deae64d683f7",
                "row": 7,
                "col": 6,
                "row_span": 1,
                "col_span": 1,
                "label": "",
                "xmin": 1501,
                "ymin": 813,
                "xmax": 1693,
                "ymax": 887,
                "score": 0.61376953,
                "text": "पुरुष",
                "row_label": "",
                "verification_status": "correctly_predicted",
                "status": "",
                "failed_validation": "",
                "label_id": ""
            },
            {
                "id": "0fec0031-07f1-48e0-b3e9-b0ab704ff180",
                "row": 7,
                "col": 7,
                "row_span": 1,
                "col_span": 1,
                "label": "",
                "xmin": 1693,
                "ymin": 811,
                "xmax": 2178,
                "ymax": 887,
                "score": 0.8808594,
                "text": "अनुसूचित जाति",
                "row_label": "",
                "verification_status": "correctly_predicted",
                "status": "",
                "failed_validation": "",
                "label_id": ""
            },
            {
                "id": "160bff8c-c827-4344-a3d9-b77256a7dfec",
                "row": 8,
                "col": 1,
                "row_span": 1,
                "col_span": 1,
                "label": "",
                "xmin": 141,
                "ymin": 892,
                "xmax": 270,
                "ymax": 961,
                "score": 0.77783203,
                "text": "233",
                "row_label": "",
                "verification_status": "correctly_predicted",
                "status": "",
                "failed_validation": "",
                "label_id": ""
            },
            {
                "id": "929c14ea-dc89-46c0-b749-56515f2dded9",
                "row": 8,
                "col": 2,
                "row_span": 1,
                "col_span": 1,
                "label": "",
                "xmin": 270,
                "ymin": 891,
                "xmax": 458,
                "ymax": 961,
                "score": 0.76220703,
                "text": "62",
                "row_label": "",
                "verification_status": "correctly_predicted",
                "status": "",
                "failed_validation": "",
                "label_id": ""
            },
            {
                "id": "dea294e2-b730-46fa-9fd0-fea706897a4e",
                "row": 8,
                "col": 3,
                "row_span": 1,
                "col_span": 1,
                "label": "",
                "xmin": 458,
                "ymin": 890,
                "xmax": 725,
                "ymax": 960,
                "score": 0.81396484,
                "text": "बाँजरपुर",
                "row_label": "",
                "verification_status": "correctly_predicted",
                "status": "",
                "failed_validation": "",
                "label_id": ""
            },
            {
                "id": "b7b9fae8-0588-4c35-b4f2-99f3f4de97bc",
                "row": 8,
                "col": 4,
                "row_span": 1,
                "col_span": 1,
                "label": "",
                "xmin": 725,
                "ymin": 889,
                "xmax": 1116,
                "ymax": 959,
                "score": 0.86865234,
                "text": "अनारक्षित",
                "row_label": "",
                "verification_status": "correctly_predicted",
                "status": "",
                "failed_validation": "",
                "label_id": ""
            },
            {
                "id": "7d1af942-97b0-40fb-b0d1-c969f39b97a0",
                "row": 8,
                "col": 5,
                "row_span": 1,
                "col_span": 1,
                "label": "",
                "xmin": 1116,
                "ymin": 887,
                "xmax": 1501,
                "ymax": 958,
                "score": 0.8696289,
                "text": "प्रमोद",
                "row_label": "",
                "verification_status": "correctly_predicted",
                "status": "",
                "failed_validation": "",
                "label_id": ""
            },
            {
                "id": "818e1487-3bdf-42b8-b338-4c5111f9f9d6",
                "row": 8,
                "col": 6,
                "row_span": 1,
                "col_span": 1,
                "label": "",
                "xmin": 1501,
                "ymin": 887,
                "xmax": 1693,
                "ymax": 956,
                "score": 0.5991211,
                "text": "पुरुष",
                "row_label": "",
                "verification_status": "correctly_predicted",
                "status": "",
                "failed_validation": "",
                "label_id": ""
            },
            {
                "id": "d207f052-086e-4702-8a12-abf1b4af7200",
                "row": 8,
                "col": 7,
                "row_span": 1,
                "col_span": 1,
                "label": "",
                "xmin": 1693,
                "ymin": 885,
                "xmax": 2178,
                "ymax": 956,
                "score": 0.8598633,
                "text": "अनारक्षित",
                "row_label": "",
                "verification_status": "correctly_predicted",
                "status": "",
                "failed_validation": "",
                "label_id": ""
            },
            {
                "id": "85c17209-d749-4770-aac8-33fadb8d74c2",
                "row": 9,
                "col": 1,
                "row_span": 1,
                "col_span": 1,
                "label": "",
                "xmin": 141,
                "ymin": 961,
                "xmax": 270,
                "ymax": 1035,
                "score": 0.8027344,
                "text": "234",
                "row_label": "",
                "verification_status": "correctly_predicted",
                "status": "",
                "failed_validation": "",
                "label_id": ""
            },
            {
                "id": "d27b79c3-80ea-4244-ba82-4a80328f45d0",
                "row": 9,
                "col": 2,
                "row_span": 1,
                "col_span": 1,
                "label": "",
                "xmin": 270,
                "ymin": 960,
                "xmax": 458,
                "ymax": 1035,
                "score": 0.7866211,
                "text": "63",
                "row_label": "",
                "verification_status": "correctly_predicted",
                "status": "",
                "failed_validation": "",
                "label_id": ""
            },
            {
                "id": "2dce1ad5-4494-43e8-a707-f22c6161d539",
                "row": 9,
                "col": 3,
                "row_span": 1,
                "col_span": 1,
                "label": "",
                "xmin": 458,
                "ymin": 959,
                "xmax": 725,
                "ymax": 1034,
                "score": 0.83984375,
                "text": "विलासपुर देहात",
                "row_label": "",
                "verification_status": "correctly_predicted",
                "status": "",
                "failed_validation": "",
                "label_id": ""
            },
            {
                "id": "0748d944-7e5b-43ef-9fbc-4a4a2afaf7a8",
                "row": 9,
                "col": 4,
                "row_span": 1,
                "col_span": 1,
                "label": "",
                "xmin": 725,
                "ymin": 958,
                "xmax": 1116,
                "ymax": 1033,
                "score": 0.8964844,
                "text": "पिछड़ी जाति",
                "row_label": "",
                "verification_status": "correctly_predicted",
                "status": "",
                "failed_validation": "",
                "label_id": ""
            },
            {
                "id": "a9ed7097-64ec-4780-aa8a-f7091c227d88",
                "row": 9,
                "col": 5,
                "row_span": 1,
                "col_span": 1,
                "label": "",
                "xmin": 1116,
                "ymin": 956,
                "xmax": 1501,
                "ymax": 1031,
                "score": 0.89746094,
                "text": "सुमन",
                "row_label": "",
                "verification_status": "correctly_predicted",
                "status": "",
                "failed_validation": "",
                "label_id": ""
            },
            {
                "id": "20452bd0-347b-4833-a7b5-e4cd1cf53dff",
                "row": 9,
                "col": 6,
                "row_span": 1,
                "col_span": 1,
                "label": "",
                "xmin": 1501,
                "ymin": 956,
                "xmax": 1693,
                "ymax": 1030,
                "score": 0.61865234,
                "text": "महिला",
                "row_label": "",
                "verification_status": "correctly_predicted",
                "status": "",
                "failed_validation": "",
                "label_id": ""
            },
            {
                "id": "a434a751-b9aa-4623-b0d4-3f88a669f21b",
                "row": 9,
                "col": 7,
                "row_span": 1,
                "col_span": 1,
                "label": "",
                "xmin": 1693,
                "ymin": 954,
                "xmax": 2178,
                "ymax": 1029,
                "score": 0.88720703,
                "text": "पिछड़ी जाति - महिला",
                "row_label": "",
                "verification_status": "correctly_predicted",
                "status": "",
                "failed_validation": "",
                "label_id": ""
            },
            {
                "id": "755c3d84-4c11-41e0-b39f-64c8e921c906",
                "row": 10,
                "col": 1,
                "row_span": 1,
                "col_span": 1,
                "label": "",
                "xmin": 140,
                "ymin": 1035,
                "xmax": 270,
                "ymax": 1108,
                "score": 0.7973633,
                "text": "235",
                "row_label": "",
                "verification_status": "correctly_predicted",
                "status": "",
                "failed_validation": "",
                "label_id": ""
            },
            {
                "id": "cee2e9a3-3b7f-49bc-bbb6-7a5d975ab8dd",
                "row": 10,
                "col": 2,
                "row_span": 1,
                "col_span": 1,
                "label": "",
                "xmin": 269,
                "ymin": 1034,
                "xmax": 458,
                "ymax": 1107,
                "score": 0.78125,
                "text": "64",
                "row_label": "",
                "verification_status": "correctly_predicted",
                "status": "",
                "failed_validation": "",
                "label_id": ""
            },
            {
                "id": "c6300e8e-b22a-4f33-a8e3-33331680c611",
                "row": 10,
                "col": 3,
                "row_span": 1,
                "col_span": 1,
                "label": "",
                "xmin": 458,
                "ymin": 1033,
                "xmax": 725,
                "ymax": 1106,
                "score": 0.8339844,
                "text": "जुनेदपुर",
                "row_label": "",
                "verification_status": "correctly_predicted",
                "status": "",
                "failed_validation": "",
                "label_id": ""
            },
            {
                "id": "17cb85df-fa4a-49cf-9e3d-a999609b7bf1",
                "row": 10,
                "col": 4,
                "row_span": 1,
                "col_span": 1,
                "label": "",
                "xmin": 725,
                "ymin": 1031,
                "xmax": 1116,
                "ymax": 1105,
                "score": 0.8901367,
                "text": "अनारक्षित",
                "row_label": "",
                "verification_status": "correctly_predicted",
                "status": "",
                "failed_validation": "",
                "label_id": ""
            },
            {
                "id": "442f5f3e-64dd-45d8-bb48-35ca86d6467c",
                "row": 10,
                "col": 5,
                "row_span": 1,
                "col_span": 1,
                "label": "",
                "xmin": 1115,
                "ymin": 1030,
                "xmax": 1501,
                "ymax": 1104,
                "score": 0.8911133,
                "text": "मॉगेराम",
                "row_label": "",
                "verification_status": "correctly_predicted",
                "status": "",
                "failed_validation": "",
                "label_id": ""
            },
            {
                "id": "a9efbc89-7d9a-45cd-ae67-9b0f8ab69b03",
                "row": 10,
                "col": 6,
                "row_span": 1,
                "col_span": 1,
                "label": "",
                "xmin": 1501,
                "ymin": 1029,
                "xmax": 1693,
                "ymax": 1103,
                "score": 0.6142578,
                "text": "पुरुष",
                "row_label": "",
                "verification_status": "correctly_predicted",
                "status": "",
                "failed_validation": "",
                "label_id": ""
            },
            {
                "id": "db915431-6237-4eb6-8043-56be618eb9d9",
                "row": 10,
                "col": 7,
                "row_span": 1,
                "col_span": 1,
                "label": "",
                "xmin": 1692,
                "ymin": 1028,
                "xmax": 2177,
                "ymax": 1102,
                "score": 0.88134766,
                "text": "अनारक्षित",
                "row_label": "",
                "verification_status": "correctly_predicted",
                "status": "",
                "failed_validation": "",
                "label_id": ""
            },
            {
                "id": "d0e9154f-7f8c-4158-bca6-b1c7da9fdc5b",
                "row": 11,
                "col": 1,
                "row_span": 1,
                "col_span": 1,
                "label": "",
                "xmin": 140,
                "ymin": 1107,
                "xmax": 269,
                "ymax": 1179,
                "score": 0.80322266,
                "text": "236",
                "row_label": "",
                "verification_status": "correctly_predicted",
                "status": "",
                "failed_validation": "",
                "label_id": ""
            },
            {
                "id": "b06c1db7-9e2e-4c66-a094-548cddfb7b8c",
                "row": 11,
                "col": 2,
                "row_span": 1,
                "col_span": 1,
                "label": "",
                "xmin": 269,
                "ymin": 1106,
                "xmax": 458,
                "ymax": 1178,
                "score": 0.7866211,
                "text": "68",
                "row_label": "",
                "verification_status": "correctly_predicted",
                "status": "",
                "failed_validation": "",
                "label_id": ""
            },
            {
                "id": "d4fe742e-2ae4-4e58-b329-4e60994a4a87",
                "row": 11,
                "col": 3,
                "row_span": 1,
                "col_span": 1,
                "label": "",
                "xmin": 458,
                "ymin": 1105,
                "xmax": 725,
                "ymax": 1178,
                "score": 0.84033203,
                "text": "मौहम्मदपुर जादो",
                "row_label": "",
                "verification_status": "correctly_predicted",
                "status": "",
                "failed_validation": "",
                "label_id": ""
            },
            {
                "id": "f3e21768-714c-403c-96ce-208fd7093dcf",
                "row": 11,
                "col": 4,
                "row_span": 1,
                "col_span": 1,
                "label": "",
                "xmin": 724,
                "ymin": 1104,
                "xmax": 1115,
                "ymax": 1177,
                "score": 0.89697266,
                "text": "अनारक्षित",
                "row_label": "",
                "verification_status": "correctly_predicted",
                "status": "",
                "failed_validation": "",
                "label_id": ""
            },
            {
                "id": "a02896c6-c8d4-4b03-b6f9-b849102fddd9",
                "row": 11,
                "col": 5,
                "row_span": 1,
                "col_span": 1,
                "label": "",
                "xmin": 1115,
                "ymin": 1103,
                "xmax": 1501,
                "ymax": 1175,
                "score": 0.8979492,
                "text": "संजय",
                "row_label": "",
                "verification_status": "correctly_predicted",
                "status": "",
                "failed_validation": "",
                "label_id": ""
            },
            {
                "id": "d44ddcbf-1577-4336-b2f2-45f54c244434",
                "row": 11,
                "col": 6,
                "row_span": 1,
                "col_span": 1,
                "label": "",
                "xmin": 1500,
                "ymin": 1102,
                "xmax": 1692,
                "ymax": 1174,
                "score": 0.61865234,
                "text": "पुरुष",
                "row_label": "",
                "verification_status": "correctly_predicted",
                "status": "",
                "failed_validation": "",
                "label_id": ""
            },
            {
                "id": "dcd30faf-cd6d-4223-b673-80535c62b0d3",
                "row": 11,
                "col": 7,
                "row_span": 1,
                "col_span": 1,
                "label": "",
                "xmin": 1692,
                "ymin": 1100,
                "xmax": 2177,
                "ymax": 1173,
                "score": 0.8876953,
                "text": "अनारक्षित",
                "row_label": "",
                "verification_status": "correctly_predicted",
                "status": "",
                "failed_validation": "",
                "label_id": ""
            },
            {
                "id": "c64ca825-7304-4ccf-86dd-aa6904f1d5ba",
                "row": 12,
                "col": 1,
                "row_span": 1,
                "col_span": 1,
                "label": "",
                "xmin": 140,
                "ymin": 1178,
                "xmax": 269,
                "ymax": 1253,
                "score": 0.8041992,
                "text": "237",
                "row_label": "",
                "verification_status": "correctly_predicted",
                "status": "",
                "failed_validation": "",
                "label_id": ""
            },
            {
                "id": "755626f2-a231-4c30-994f-e47e8da80a1b",
                "row": 12,
                "col": 2,
                "row_span": 1,
                "col_span": 1,
                "label": "",
                "xmin": 269,
                "ymin": 1178,
                "xmax": 458,
                "ymax": 1252,
                "score": 0.78759766,
                "text": "69",
                "row_label": "",
                "verification_status": "correctly_predicted",
                "status": "",
                "failed_validation": "",
                "label_id": ""
            },
            {
                "id": "7dfc6149-1065-4544-8030-d4dc54ef2cb8",
                "row": 12,
                "col": 3,
                "row_span": 1,
                "col_span": 1,
                "label": "",
                "xmin": 457,
                "ymin": 1177,
                "xmax": 724,
                "ymax": 1251,
                "score": 0.8413086,
                "text": "उरावली",
                "row_label": "",
                "verification_status": "correctly_predicted",
                "status": "",
                "failed_validation": "",
                "label_id": ""
            },
            {
                "id": "8255ae96-4747-4b97-80ea-258d8e4f9d25",
                "row": 12,
                "col": 4,
                "row_span": 1,
                "col_span": 1,
                "label": "",
                "xmin": 724,
                "ymin": 1175,
                "xmax": 1115,
                "ymax": 1251,
                "score": 0.8979492,
                "text": "अनुसूचित जाति",
                "row_label": "",
                "verification_status": "correctly_predicted",
                "status": "",
                "failed_validation": "",
                "label_id": ""
            },
            {
                "id": "737821ca-6d84-4088-bf2b-d9dec648ac50",
                "row": 12,
                "col": 5,
                "row_span": 1,
                "col_span": 1,
                "label": "",
                "xmin": 1115,
                "ymin": 1174,
                "xmax": 1500,
                "ymax": 1249,
                "score": 0.8989258,
                "text": "श्याम लाल",
                "row_label": "",
                "verification_status": "correctly_predicted",
                "status": "",
                "failed_validation": "",
                "label_id": ""
            },
            {
                "id": "406bea3c-7bca-4ced-a077-8680ea5c4971",
                "row": 12,
                "col": 6,
                "row_span": 1,
                "col_span": 1,
                "label": "",
                "xmin": 1500,
                "ymin": 1173,
                "xmax": 1692,
                "ymax": 1248,
                "score": 0.6196289,
                "text": "पुरुष",
                "row_label": "",
                "verification_status": "correctly_predicted",
                "status": "",
                "failed_validation": "",
                "label_id": ""
            },
            {
                "id": "59efb968-eada-4cf0-8f54-a4e3ff2744a8",
                "row": 12,
                "col": 7,
                "row_span": 1,
                "col_span": 1,
                "label": "",
                "xmin": 1692,
                "ymin": 1172,
                "xmax": 2177,
                "ymax": 1247,
                "score": 0.8886719,
                "text": "अनुसूचित जाति",
                "row_label": "",
                "verification_status": "correctly_predicted",
                "status": "",
                "failed_validation": "",
                "label_id": ""
            },
            {
                "id": "acc485b1-6ba5-420e-b753-fe50f3e353f6",
                "row": 13,
                "col": 1,
                "row_span": 1,
                "col_span": 1,
                "label": "",
                "xmin": 140,
                "ymin": 1252,
                "xmax": 269,
                "ymax": 1325,
                "score": 0.7841797,
                "text": "238",
                "row_label": "",
                "verification_status": "correctly_predicted",
                "status": "",
                "failed_validation": "",
                "label_id": ""
            },
            {
                "id": "388e7bcd-3972-4dcb-9900-997a5a3b0ec5",
                "row": 13,
                "col": 2,
                "row_span": 1,
                "col_span": 1,
                "label": "",
                "xmin": 269,
                "ymin": 1251,
                "xmax": 457,
                "ymax": 1325,
                "score": 0.7680664,
                "text": "70",
                "row_label": "",
                "verification_status": "correctly_predicted",
                "status": "",
                "failed_validation": "",
                "label_id": ""
            },
            {
                "id": "1c0196ee-c2cd-4f9d-aafa-714336f76124",
                "row": 13,
                "col": 3,
                "row_span": 1,
                "col_span": 1,
                "label": "",
                "xmin": 457,
                "ymin": 1251,
                "xmax": 724,
                "ymax": 1324,
                "score": 0.8203125,
                "text": "हाजीपुरडूबली",
                "row_label": "",
                "verification_status": "correctly_predicted",
                "status": "",
                "failed_validation": "",
                "label_id": ""
            },
            {
                "id": "6ec735d3-92e3-4b07-80c7-6a66a98ee8f4",
                "row": 13,
                "col": 4,
                "row_span": 1,
                "col_span": 1,
                "label": "",
                "xmin": 724,
                "ymin": 1249,
                "xmax": 1115,
                "ymax": 1323,
                "score": 0.8754883,
                "text": "अनारक्षित",
                "row_label": "",
                "verification_status": "correctly_predicted",
                "status": "",
                "failed_validation": "",
                "label_id": ""
            },
            {
                "id": "440401d0-2814-4d51-9e6a-9704d5670183",
                "row": 13,
                "col": 5,
                "row_span": 1,
                "col_span": 1,
                "label": "",
                "xmin": 1115,
                "ymin": 1248,
                "xmax": 1500,
                "ymax": 1322,
                "score": 0.87646484,
                "text": "ऋषिपाल",
                "row_label": "",
                "verification_status": "correctly_predicted",
                "status": "",
                "failed_validation": "",
                "label_id": ""
            },
            {
                "id": "36da95bf-8a72-43a5-b9f2-cd9ce4ba7bd9",
                "row": 13,
                "col": 6,
                "row_span": 1,
                "col_span": 1,
                "label": "",
                "xmin": 1500,
                "ymin": 1247,
                "xmax": 1692,
                "ymax": 1320,
                "score": 0.6040039,
                "text": "पुरुष",
                "row_label": "",
                "verification_status": "correctly_predicted",
                "status": "",
                "failed_validation": "",
                "label_id": ""
            },
            {
                "id": "96241dc6-3906-4541-9fbc-c96e977f4cb0",
                "row": 13,
                "col": 7,
                "row_span": 1,
                "col_span": 1,
                "label": "",
                "xmin": 1692,
                "ymin": 1245,
                "xmax": 2177,
                "ymax": 1320,
                "score": 0.8666992,
                "text": "अनारक्षित",
                "row_label": "",
                "verification_status": "correctly_predicted",
                "status": "",
                "failed_validation": "",
                "label_id": ""
            },
            {
                "id": "af8cdd83-8543-4f04-a2e1-134b9bcfe9c3",
                "row": 14,
                "col": 1,
                "row_span": 1,
                "col_span": 1,
                "label": "",
                "xmin": 140,
                "ymin": 1325,
                "xmax": 269,
                "ymax": 1395,
                "score": 0.7915039,
                "text": "239",
                "row_label": "",
                "verification_status": "correctly_predicted",
                "status": "",
                "failed_validation": "",
                "label_id": ""
            },
            {
                "id": "cd40a575-05b7-4eb0-acee-94086aacd8ca",
                "row": 14,
                "col": 2,
                "row_span": 1,
                "col_span": 1,
                "label": "",
                "xmin": 269,
                "ymin": 1324,
                "xmax": 457,
                "ymax": 1395,
                "score": 0.7758789,
                "text": "71",
                "row_label": "",
                "verification_status": "correctly_predicted",
                "status": "",
                "failed_validation": "",
                "label_id": ""
            },
            {
                "id": "6d2017a8-c0fc-4378-8895-b617c5e77d33",
                "row": 14,
                "col": 3,
                "row_span": 1,
                "col_span": 1,
                "label": "",
                "xmin": 457,
                "ymin": 1323,
                "xmax": 724,
                "ymax": 1394,
                "score": 0.828125,
                "text": "चचूरा",
                "row_label": "",
                "verification_status": "correctly_predicted",
                "status": "",
                "failed_validation": "",
                "label_id": ""
            },
            {
                "id": "4bf816e2-ba50-4644-80a7-85a8b1b3aa2b",
                "row": 14,
                "col": 4,
                "row_span": 1,
                "col_span": 1,
                "label": "",
                "xmin": 724,
                "ymin": 1322,
                "xmax": 1115,
                "ymax": 1393,
                "score": 0.88427734,
                "text": "अनारक्षित",
                "row_label": "",
                "verification_status": "correctly_predicted",
                "status": "",
                "failed_validation": "",
                "label_id": ""
            },
            {
                "id": "7af2ec3a-6248-4e12-8969-cc77f43b1de3",
                "row": 14,
                "col": 5,
                "row_span": 1,
                "col_span": 1,
                "label": "",
                "xmin": 1115,
                "ymin": 1320,
                "xmax": 1500,
                "ymax": 1392,
                "score": 0.8852539,
                "text": "विपिन कुमार",
                "row_label": "",
                "verification_status": "correctly_predicted",
                "status": "",
                "failed_validation": "",
                "label_id": ""
            },
            {
                "id": "b309aa12-1b41-48be-a857-ffb25fd0f565",
                "row": 14,
                "col": 6,
                "row_span": 1,
                "col_span": 1,
                "label": "",
                "xmin": 1500,
                "ymin": 1320,
                "xmax": 1692,
                "ymax": 1390,
                "score": 0.6098633,
                "text": "पुरुष",
                "row_label": "",
                "verification_status": "correctly_predicted",
                "status": "",
                "failed_validation": "",
                "label_id": ""
            },
            {
                "id": "9eddf7c5-f840-4f95-ab2d-bf8aec208011",
                "row": 14,
                "col": 7,
                "row_span": 1,
                "col_span": 1,
                "label": "",
                "xmin": 1692,
                "ymin": 1318,
                "xmax": 2177,
                "ymax": 1390,
                "score": 0.8754883,
                "text": "अनारक्षित",
                "row_label": "",
                "verification_status": "correctly_predicted",
                "status": "",
                "failed_validation": "",
                "label_id": ""
            },
            {
                "id": "d301f689-3e2f-4294-a501-93ac05397e36",
                "row": 15,
                "col": 1,
                "row_span": 1,
                "col_span": 1,
                "label": "",
                "xmin": 140,
                "ymin": 1395,
                "xmax": 269,
                "ymax": 1467,
                "score": 0.7944336,
                "text": "240",
                "row_label": "",
                "verification_status": "correctly_predicted",
                "status": "",
                "failed_validation": "",
                "label_id": ""
            },
            {
                "id": "29ff88c5-81c7-4880-b29e-422e91932d2c",
                "row": 15,
                "col": 2,
                "row_span": 1,
                "col_span": 1,
                "label": "",
                "xmin": 268,
                "ymin": 1394,
                "xmax": 457,
                "ymax": 1466,
                "score": 0.7783203,
                "text": "85",
                "row_label": "",
                "verification_status": "correctly_predicted",
                "status": "",
                "failed_validation": "",
                "label_id": ""
            },
            {
                "id": "4eae13c9-2664-4199-a504-f66ae352c583",
                "row": 15,
                "col": 3,
                "row_span": 1,
                "col_span": 1,
                "label": "",
                "xmin": 457,
                "ymin": 1393,
                "xmax": 724,
                "ymax": 1466,
                "score": 0.8310547,
                "text": "चीती",
                "row_label": "",
                "verification_status": "correctly_predicted",
                "status": "",
                "failed_validation": "",
                "label_id": ""
            },
            {
                "id": "5060a11b-171d-4cd3-9101-8f44697e5e3e",
                "row": 15,
                "col": 4,
                "row_span": 1,
                "col_span": 1,
                "label": "",
                "xmin": 724,
                "ymin": 1392,
                "xmax": 1115,
                "ymax": 1465,
                "score": 0.88720703,
                "text": "अनारक्षित",
                "row_label": "",
                "verification_status": "correctly_predicted",
                "status": "",
                "failed_validation": "",
                "label_id": ""
            },
            {
                "id": "21c2e9a0-2754-44e9-9310-0aa0d244baf2",
                "row": 15,
                "col": 5,
                "row_span": 1,
                "col_span": 1,
                "label": "",
                "xmin": 1115,
                "ymin": 1390,
                "xmax": 1500,
                "ymax": 1463,
                "score": 0.8876953,
                "text": "योगन्द्र सिंह",
                "row_label": "",
                "verification_status": "correctly_predicted",
                "status": "",
                "failed_validation": "",
                "label_id": ""
            },
            {
                "id": "0a59cd51-f9c2-4789-a78a-4618f29052f6",
                "row": 15,
                "col": 6,
                "row_span": 1,
                "col_span": 1,
                "label": "",
                "xmin": 1500,
                "ymin": 1390,
                "xmax": 1692,
                "ymax": 1462,
                "score": 0.6118164,
                "text": "पुरुष",
                "row_label": "",
                "verification_status": "correctly_predicted",
                "status": "",
                "failed_validation": "",
                "label_id": ""
            },
            {
                "id": "63b0e961-61ae-4278-a3e6-6db9d851bce5",
                "row": 15,
                "col": 7,
                "row_span": 1,
                "col_span": 1,
                "label": "",
                "xmin": 1692,
                "ymin": 1388,
                "xmax": 2177,
                "ymax": 1461,
                "score": 0.8779297,
                "text": "अनारक्षित",
                "row_label": "",
                "verification_status": "correctly_predicted",
                "status": "",
                "failed_validation": "",
                "label_id": ""
            },
            {
                "id": "94b847d3-1cb8-447d-8acb-eabf8867d81a",
                "row": 16,
                "col": 1,
                "row_span": 1,
                "col_span": 1,
                "label": "",
                "xmin": 139,
                "ymin": 1466,
                "xmax": 268,
                "ymax": 1539,
                "score": 0.7939453,
                "text": "241",
                "row_label": "",
                "verification_status": "correctly_predicted",
                "status": "",
                "failed_validation": "",
                "label_id": ""
            },
            {
                "id": "8596bd5e-2a88-4b7a-a7ad-2abbb2fd4b63",
                "row": 16,
                "col": 2,
                "row_span": 1,
                "col_span": 1,
                "label": "",
                "xmin": 268,
                "ymin": 1466,
                "xmax": 457,
                "ymax": 1539,
                "score": 0.77783203,
                "text": "86",
                "row_label": "",
                "verification_status": "correctly_predicted",
                "status": "",
                "failed_validation": "",
                "label_id": ""
            },
            {
                "id": "c501b91d-6d5e-4d19-91f7-1e57c835311c",
                "row": 16,
                "col": 3,
                "row_span": 1,
                "col_span": 1,
                "label": "",
                "xmin": 457,
                "ymin": 1465,
                "xmax": 724,
                "ymax": 1538,
                "score": 0.8305664,
                "text": "देवटा",
                "row_label": "",
                "verification_status": "correctly_predicted",
                "status": "",
                "failed_validation": "",
                "label_id": ""
            },
            {
                "id": "8284dbb7-31ee-44db-85b5-7c6ea28567d1",
                "row": 16,
                "col": 4,
                "row_span": 1,
                "col_span": 1,
                "label": "",
                "xmin": 724,
                "ymin": 1463,
                "xmax": 1115,
                "ymax": 1537,
                "score": 0.88671875,
                "text": "पिछड़ी जाति - महिला",
                "row_label": "",
                "verification_status": "correctly_predicted",
                "status": "",
                "failed_validation": "",
                "label_id": ""
            },
            {
                "id": "29f79045-8622-40d8-9059-6a6a4609332a",
                "row": 16,
                "col": 5,
                "row_span": 1,
                "col_span": 1,
                "label": "",
                "xmin": 1114,
                "ymin": 1462,
                "xmax": 1500,
                "ymax": 1536,
                "score": 0.88720703,
                "text": "सविता",
                "row_label": "",
                "verification_status": "correctly_predicted",
                "status": "",
                "failed_validation": "",
                "label_id": ""
            },
            {
                "id": "efbf3e52-6027-4d46-baa2-0b627282678b",
                "row": 16,
                "col": 6,
                "row_span": 1,
                "col_span": 1,
                "label": "",
                "xmin": 1499,
                "ymin": 1461,
                "xmax": 1692,
                "ymax": 1534,
                "score": 0.6118164,
                "text": "महिला",
                "row_label": "",
                "verification_status": "correctly_predicted",
                "status": "",
                "failed_validation": "",
                "label_id": ""
            },
            {
                "id": "f9ec989b-a499-4aaf-8484-747044f97a98",
                "row": 16,
                "col": 7,
                "row_span": 1,
                "col_span": 1,
                "label": "",
                "xmin": 1691,
                "ymin": 1459,
                "xmax": 2176,
                "ymax": 1534,
                "score": 0.8774414,
                "text": "पिछड़ी जाति महिला -",
                "row_label": "",
                "verification_status": "correctly_predicted",
                "status": "",
                "failed_validation": "",
                "label_id": ""
            },
            {
                "id": "8ae88359-1273-4af4-be51-b7cb5f9cba48",
                "row": 17,
                "col": 1,
                "row_span": 1,
                "col_span": 1,
                "label": "",
                "xmin": 139,
                "ymin": 1539,
                "xmax": 268,
                "ymax": 1612,
                "score": 0.7734375,
                "text": "242",
                "row_label": "",
                "verification_status": "correctly_predicted",
                "status": "",
                "failed_validation": "",
                "label_id": ""
            },
            {
                "id": "80037003-7c26-4bb4-a526-d95a83a25b05",
                "row": 17,
                "col": 2,
                "row_span": 1,
                "col_span": 1,
                "label": "",
                "xmin": 268,
                "ymin": 1538,
                "xmax": 457,
                "ymax": 1611,
                "score": 0.7578125,
                "text": "87",
                "row_label": "",
                "verification_status": "correctly_predicted",
                "status": "",
                "failed_validation": "",
                "label_id": ""
            },
            {
                "id": "23efd9a8-4833-4dd4-912d-2692d437c930",
                "row": 17,
                "col": 3,
                "row_span": 1,
                "col_span": 1,
                "label": "",
                "xmin": 457,
                "ymin": 1537,
                "xmax": 724,
                "ymax": 1611,
                "score": 0.8095703,
                "text": "अस्तौली",
                "row_label": "",
                "verification_status": "correctly_predicted",
                "status": "",
                "failed_validation": "",
                "label_id": ""
            },
            {
                "id": "07187181-edc4-4bb3-a8b8-9c2ec3074ec9",
                "row": 17,
                "col": 4,
                "row_span": 1,
                "col_span": 1,
                "label": "",
                "xmin": 723,
                "ymin": 1536,
                "xmax": 1114,
                "ymax": 1610,
                "score": 0.86376953,
                "text": "अनारक्षित",
                "row_label": "",
                "verification_status": "correctly_predicted",
                "status": "",
                "failed_validation": "",
                "label_id": ""
            },
            {
                "id": "30c2d2d6-526f-4385-88ae-a82a4b892033",
                "row": 17,
                "col": 5,
                "row_span": 1,
                "col_span": 1,
                "label": "",
                "xmin": 1114,
                "ymin": 1534,
                "xmax": 1499,
                "ymax": 1608,
                "score": 0.8647461,
                "text": "रणजीत",
                "row_label": "",
                "verification_status": "correctly_predicted",
                "status": "",
                "failed_validation": "",
                "label_id": ""
            },
            {
                "id": "86fcb741-35f3-4787-a12e-25f66a1f5162",
                "row": 17,
                "col": 6,
                "row_span": 1,
                "col_span": 1,
                "label": "",
                "xmin": 1499,
                "ymin": 1534,
                "xmax": 1691,
                "ymax": 1607,
                "score": 0.5961914,
                "text": "पुरुष",
                "row_label": "",
                "verification_status": "correctly_predicted",
                "status": "",
                "failed_validation": "",
                "label_id": ""
            },
            {
                "id": "3fb04168-c91b-466d-a2a7-d295e6d09373",
                "row": 17,
                "col": 7,
                "row_span": 1,
                "col_span": 1,
                "label": "",
                "xmin": 1691,
                "ymin": 1532,
                "xmax": 2176,
                "ymax": 1606,
                "score": 0.85498047,
                "text": "अनारक्षित",
                "row_label": "",
                "verification_status": "correctly_predicted",
                "status": "",
                "failed_validation": "",
                "label_id": ""
            },
            {
                "id": "67b959d0-899f-4767-b1a1-f8048f01827f",
                "row": 18,
                "col": 1,
                "row_span": 1,
                "col_span": 1,
                "label": "",
                "xmin": 139,
                "ymin": 1611,
                "xmax": 268,
                "ymax": 1680,
                "score": 0.8359375,
                "text": "243",
                "row_label": "",
                "verification_status": "correctly_predicted",
                "status": "",
                "failed_validation": "",
                "label_id": ""
            },
            {
                "id": "1ab43462-1497-4a93-8869-1e24d8402fa0",
                "row": 18,
                "col": 2,
                "row_span": 1,
                "col_span": 1,
                "label": "",
                "xmin": 268,
                "ymin": 1611,
                "xmax": 457,
                "ymax": 1680,
                "score": 0.81884766,
                "text": "88",
                "row_label": "",
                "verification_status": "correctly_predicted",
                "status": "",
                "failed_validation": "",
                "label_id": ""
            },
            {
                "id": "c46d0388-b631-45e3-956d-64c77fde33eb",
                "row": 18,
                "col": 3,
                "row_span": 1,
                "col_span": 1,
                "label": "",
                "xmin": 456,
                "ymin": 1610,
                "xmax": 723,
                "ymax": 1679,
                "score": 0.8745117,
                "text": "आजमपुरगढी",
                "row_label": "",
                "verification_status": "correctly_predicted",
                "status": "",
                "failed_validation": "",
                "label_id": ""
            },
            {
                "id": "78f5cf9e-e7e2-4520-baa2-e7ce42b8d255",
                "row": 18,
                "col": 4,
                "row_span": 1,
                "col_span": 1,
                "label": "",
                "xmin": 723,
                "ymin": 1608,
                "xmax": 1114,
                "ymax": 1678,
                "score": 0.93310547,
                "text": "पिछड़ी जाति",
                "row_label": "",
                "verification_status": "correctly_predicted",
                "status": "",
                "failed_validation": "",
                "label_id": ""
            },
            {
                "id": "d8254862-37cf-47f9-b217-d598e8dab6ba",
                "row": 18,
                "col": 5,
                "row_span": 1,
                "col_span": 1,
                "label": "",
                "xmin": 1114,
                "ymin": 1607,
                "xmax": 1499,
                "ymax": 1677,
                "score": 0.93408203,
                "text": "रेखा रानी",
                "row_label": "",
                "verification_status": "correctly_predicted",
                "status": "",
                "failed_validation": "",
                "label_id": ""
            },
            {
                "id": "3593b4cf-3219-4189-b4c5-6f883f0b6118",
                "row": 18,
                "col": 6,
                "row_span": 1,
                "col_span": 1,
                "label": "",
                "xmin": 1499,
                "ymin": 1606,
                "xmax": 1691,
                "ymax": 1676,
                "score": 0.64404297,
                "text": "महिला",
                "row_label": "",
                "verification_status": "correctly_predicted",
                "status": "",
                "failed_validation": "",
                "label_id": ""
            },
            {
                "id": "3fbdee6b-c163-4beb-9c1f-f448a9505c59",
                "row": 18,
                "col": 7,
                "row_span": 1,
                "col_span": 1,
                "label": "",
                "xmin": 1691,
                "ymin": 1605,
                "xmax": 2176,
                "ymax": 1675,
                "score": 0.9238281,
                "text": "पिछड़ी जाति - महिला",
                "row_label": "",
                "verification_status": "correctly_predicted",
                "status": "",
                "failed_validation": "",
                "label_id": ""
            }
        ]
    }
]