district,parent_original_url,parent_wayback_timestamp,parent_sha256,url,label,download_status
Bara Banki,https://barabanki.nic.in/panchayat-election-reservation-2021/,20210302135300,f6fc9cdc5b0c9e8a033f3927afe861933752a40d2fc998de338cb605ae9dad4f,https://cdn.s3waas.gov.in/s3705f2172834666788607efbfca35afb3/uploads/2021/03/2021030223.pdf,BDC – Banki,not_attempted
Bara Banki,https://barabanki.nic.in/panchayat-election-reservation-2021/,20210302135300,f6fc9cdc5b0c9e8a033f3927afe861933752a40d2fc998de338cb605ae9dad4f,https://cdn.s3waas.gov.in/s3705f2172834666788607efbfca35afb3/uploads/2021/03/2021030227.pdf,BDC – Masauli,not_attempted
Bara Banki,https://barabanki.nic.in/panchayat-election-reservation-2021/,20210302135300,f6fc9cdc5b0c9e8a033f3927afe861933752a40d2fc998de338cb605ae9dad4f,https://cdn.s3waas.gov.in/s3705f2172834666788607efbfca35afb3/uploads/2021/03/2021030276.pdf,BDC – Dewa,not_attempted
Bara Banki,https://barabanki.nic.in/panchayat-election-reservation-2021/,20210302135300,f6fc9cdc5b0c9e8a033f3927afe861933752a40d2fc998de338cb605ae9dad4f,https://cdn.s3waas.gov.in/s3705f2172834666788607efbfca35afb3/uploads/2021/03/2021030273.pdf,BDC – Harakh,not_attempted
Bara Banki,https://barabanki.nic.in/panchayat-election-reservation-2021/,20210302135300,f6fc9cdc5b0c9e8a033f3927afe861933752a40d2fc998de338cb605ae9dad4f,https://cdn.s3waas.gov.in/s3705f2172834666788607efbfca35afb3/uploads/2021/03/2021030241.pdf,BDC – Fatehpur,not_attempted
Bara Banki,https://barabanki.nic.in/panchayat-election-reservation-2021/,20210302135300,f6fc9cdc5b0c9e8a033f3927afe861933752a40d2fc998de338cb605ae9dad4f,https://cdn.s3waas.gov.in/s3705f2172834666788607efbfca35afb3/uploads/2021/03/2021030238.pdf,BDC – Haidergarh,not_attempted
Bara Banki,https://barabanki.nic.in/panchayat-election-reservation-2021/,20210302135300,f6fc9cdc5b0c9e8a033f3927afe861933752a40d2fc998de338cb605ae9dad4f,https://cdn.s3waas.gov.in/s3705f2172834666788607efbfca35afb3/uploads/2021/03/2021030215.pdf,BDC – Dariyabad,not_attempted
Bara Banki,https://barabanki.nic.in/panchayat-election-reservation-2021/,20210302135300,f6fc9cdc5b0c9e8a033f3927afe861933752a40d2fc998de338cb605ae9dad4f,https://cdn.s3waas.gov.in/s3705f2172834666788607efbfca35afb3/uploads/2021/03/2021030292.pdf,BDC – Suratganj,not_attempted
Bara Banki,https://barabanki.nic.in/panchayat-election-reservation-2021/,20210302135300,f6fc9cdc5b0c9e8a033f3927afe861933752a40d2fc998de338cb605ae9dad4f,https://cdn.s3waas.gov.in/s3705f2172834666788607efbfca35afb3/uploads/2021/03/2021030229.pdf,BDC – Siddhaur,not_attempted
Bara Banki,https://barabanki.nic.in/panchayat-election-reservation-2021/,20210302135300,f6fc9cdc5b0c9e8a033f3927afe861933752a40d2fc998de338cb605ae9dad4f,https://cdn.s3waas.gov.in/s3705f2172834666788607efbfca35afb3/uploads/2021/03/2021030264.pdf,BDC – Pure Dalai,not_attempted
Bara Banki,https://barabanki.nic.in/panchayat-election-reservation-2021/,20210302135300,f6fc9cdc5b0c9e8a033f3927afe861933752a40d2fc998de338cb605ae9dad4f,https://cdn.s3waas.gov.in/s3705f2172834666788607efbfca35afb3/uploads/2021/03/2021030242.pdf,BDC – Nindura,not_attempted
Bara Banki,https://barabanki.nic.in/panchayat-election-reservation-2021/,20210302135300,f6fc9cdc5b0c9e8a033f3927afe861933752a40d2fc998de338cb605ae9dad4f,https://cdn.s3waas.gov.in/s3705f2172834666788607efbfca35afb3/uploads/2021/03/2021030271.pdf,BDC – Trivediganj,not_attempted
Bara Banki,https://barabanki.nic.in/panchayat-election-reservation-2021/,20210302135300,f6fc9cdc5b0c9e8a033f3927afe861933752a40d2fc998de338cb605ae9dad4f,https://cdn.s3waas.gov.in/s3705f2172834666788607efbfca35afb3/uploads/2021/03/2021030211.pdf,BDC – Ramnagar,not_attempted
Bara Banki,https://barabanki.nic.in/panchayat-election-reservation-2021/,20210302135300,f6fc9cdc5b0c9e8a033f3927afe861933752a40d2fc998de338cb605ae9dad4f,https://cdn.s3waas.gov.in/s3705f2172834666788607efbfca35afb3/uploads/2021/03/2021030241-1.pdf,BDC – Sirauli Ghauspur,not_attempted
Bara Banki,https://barabanki.nic.in/panchayat-election-reservation-2021/,20210302135300,f6fc9cdc5b0c9e8a033f3927afe861933752a40d2fc998de338cb605ae9dad4f,https://cdn.s3waas.gov.in/s3705f2172834666788607efbfca35afb3/uploads/2021/03/2021030285.pdf,BDC – Banikodar,not_attempted
Bara Banki,https://barabanki.nic.in/panchayat-election-reservation-2021/,20210302135300,f6fc9cdc5b0c9e8a033f3927afe861933752a40d2fc998de338cb605ae9dad4f,https://cdn.s3waas.gov.in/s3705f2172834666788607efbfca35afb3/uploads/2021/03/2021030261.pdf,Pradhan – Banki,not_attempted
Bara Banki,https://barabanki.nic.in/panchayat-election-reservation-2021/,20210302135300,f6fc9cdc5b0c9e8a033f3927afe861933752a40d2fc998de338cb605ae9dad4f,https://cdn.s3waas.gov.in/s3705f2172834666788607efbfca35afb3/uploads/2021/03/2021030256.pdf,Pradhan – Masauli,not_attempted
Bara Banki,https://barabanki.nic.in/panchayat-election-reservation-2021/,20210302135300,f6fc9cdc5b0c9e8a033f3927afe861933752a40d2fc998de338cb605ae9dad4f,https://cdn.s3waas.gov.in/s3705f2172834666788607efbfca35afb3/uploads/2021/03/2021030279.pdf,Pradhan – Dewa,not_attempted
Bara Banki,https://barabanki.nic.in/panchayat-election-reservation-2021/,20210302135300,f6fc9cdc5b0c9e8a033f3927afe861933752a40d2fc998de338cb605ae9dad4f,https://cdn.s3waas.gov.in/s3705f2172834666788607efbfca35afb3/uploads/2021/03/2021030243.pdf,Pradhan – Harakh,not_attempted
Bara Banki,https://barabanki.nic.in/panchayat-election-reservation-2021/,20210302135300,f6fc9cdc5b0c9e8a033f3927afe861933752a40d2fc998de338cb605ae9dad4f,https://cdn.s3waas.gov.in/s3705f2172834666788607efbfca35afb3/uploads/2021/03/2021030286.pdf,Pradhan – Fatehpur,not_attempted
Bara Banki,https://barabanki.nic.in/panchayat-election-reservation-2021/,20210302135300,f6fc9cdc5b0c9e8a033f3927afe861933752a40d2fc998de338cb605ae9dad4f,https://cdn.s3waas.gov.in/s3705f2172834666788607efbfca35afb3/uploads/2021/03/2021030270.pdf,Pradhan – Haidergarh,not_attempted
Bara Banki,https://barabanki.nic.in/panchayat-election-reservation-2021/,20210302135300,f6fc9cdc5b0c9e8a033f3927afe861933752a40d2fc998de338cb605ae9dad4f,https://cdn.s3waas.gov.in/s3705f2172834666788607efbfca35afb3/uploads/2021/03/2021030231.pdf,Pradhan – Dariyabad,not_attempted
Bara Banki,https://barabanki.nic.in/panchayat-election-reservation-2021/,20210302135300,f6fc9cdc5b0c9e8a033f3927afe861933752a40d2fc998de338cb605ae9dad4f,https://cdn.s3waas.gov.in/s3705f2172834666788607efbfca35afb3/uploads/2021/03/2021030286-1.pdf,Pradhan – Suratganj,not_attempted
Bara Banki,https://barabanki.nic.in/panchayat-election-reservation-2021/,20210302135300,f6fc9cdc5b0c9e8a033f3927afe861933752a40d2fc998de338cb605ae9dad4f,https://cdn.s3waas.gov.in/s3705f2172834666788607efbfca35afb3/uploads/2021/03/2021030237.pdf,Pradhan – Siddhaur,not_attempted
Bara Banki,https://barabanki.nic.in/panchayat-election-reservation-2021/,20210302135300,f6fc9cdc5b0c9e8a033f3927afe861933752a40d2fc998de338cb605ae9dad4f,https://cdn.s3waas.gov.in/s3705f2172834666788607efbfca35afb3/uploads/2021/03/2021030238-1.pdf,Pradhan – Pure Dalai,not_attempted
Bara Banki,https://barabanki.nic.in/panchayat-election-reservation-2021/,20210302135300,f6fc9cdc5b0c9e8a033f3927afe861933752a40d2fc998de338cb605ae9dad4f,https://cdn.s3waas.gov.in/s3705f2172834666788607efbfca35afb3/uploads/2021/03/2021030235.pdf,Pradhan – Nindura,not_attempted
Bara Banki,https://barabanki.nic.in/panchayat-election-reservation-2021/,20210302135300,f6fc9cdc5b0c9e8a033f3927afe861933752a40d2fc998de338cb605ae9dad4f,https://cdn.s3waas.gov.in/s3705f2172834666788607efbfca35afb3/uploads/2021/03/2021030293.pdf,Pradhan – Trivediganj,not_attempted
Bara Banki,https://barabanki.nic.in/panchayat-election-reservation-2021/,20210302135300,f6fc9cdc5b0c9e8a033f3927afe861933752a40d2fc998de338cb605ae9dad4f,https://cdn.s3waas.gov.in/s3705f2172834666788607efbfca35afb3/uploads/2021/03/2021030269.pdf,Pradhan – Ramnagar,not_attempted
Bara Banki,https://barabanki.nic.in/panchayat-election-reservation-2021/,20210302135300,f6fc9cdc5b0c9e8a033f3927afe861933752a40d2fc998de338cb605ae9dad4f,https://cdn.s3waas.gov.in/s3705f2172834666788607efbfca35afb3/uploads/2021/03/2021030249.pdf,Pradhan – Sirauli Ghauspur,not_attempted
Bara Banki,https://barabanki.nic.in/panchayat-election-reservation-2021/,20210302135300,f6fc9cdc5b0c9e8a033f3927afe861933752a40d2fc998de338cb605ae9dad4f,https://cdn.s3waas.gov.in/s3705f2172834666788607efbfca35afb3/uploads/2021/03/2021030235-1.pdf,Pradhan – Banikodar,not_attempted
Bara Banki,https://barabanki.nic.in/panchayat-election-reservation-2021/,20210302135300,f6fc9cdc5b0c9e8a033f3927afe861933752a40d2fc998de338cb605ae9dad4f,https://cdn.s3waas.gov.in/s3705f2172834666788607efbfca35afb3/uploads/2021/03/2021030281.pdf,DDC,not_attempted
Bara Banki,https://barabanki.nic.in/panchayat-election-reservation-2021/,20210302135300,f6fc9cdc5b0c9e8a033f3927afe861933752a40d2fc998de338cb605ae9dad4f,https://cdn.s3waas.gov.in/s3705f2172834666788607efbfca35afb3/uploads/2021/03/2021030240.pdf,Pramukh,not_attempted
Kanpur Dehat,https://kanpurdehat.nic.in/notice/panchayat-elections-2021-reservations-lists/,20210417000722,d00cf7e4130989c68b0a2fd281caebd7fff8a27a5108cd972e354f9f55298abf,https://cdn.s3waas.gov.in/s30e65972dce68dad4d52d063967f0a705/uploads/2021/04/2021040422.pdf,View (998 KB),not_attempted
Kanpur Dehat,https://kanpurdehat.nic.in/notice/panchayat-elections-2021-reservations-lists/,20210417000722,d00cf7e4130989c68b0a2fd281caebd7fff8a27a5108cd972e354f9f55298abf,https://cdn.s3waas.gov.in/s30e65972dce68dad4d52d063967f0a705/uploads/2021/04/2021040422.pdf,,not_attempted
Kanpur Dehat,https://kanpurdehat.nic.in/notice/panchayat-elections-2021-reservations-lists/,20210417000722,d00cf7e4130989c68b0a2fd281caebd7fff8a27a5108cd972e354f9f55298abf,https://cdn.s3waas.gov.in/s30e65972dce68dad4d52d063967f0a705/uploads/2021/04/2021040417.pdf,प्रमुख 25-Mar-2021 18-35-53 (479 KB),not_attempted
Kanpur Dehat,https://kanpurdehat.nic.in/notice/panchayat-elections-2021-reservations-lists/,20210417000722,d00cf7e4130989c68b0a2fd281caebd7fff8a27a5108cd972e354f9f55298abf,https://cdn.s3waas.gov.in/s30e65972dce68dad4d52d063967f0a705/uploads/2021/04/2021040417.pdf,,not_attempted
Kanpur Dehat,https://kanpurdehat.nic.in/notice/panchayat-elections-2021-reservations-lists/,20210417000722,d00cf7e4130989c68b0a2fd281caebd7fff8a27a5108cd972e354f9f55298abf,https://cdn.s3waas.gov.in/s30e65972dce68dad4d52d063967f0a705/uploads/2021/04/2021040442-1.pdf,BDC AKB KNP D 25-Mar-2021 19-35-12(1) (4 MB),not_attempted
Kanpur Dehat,https://kanpurdehat.nic.in/notice/panchayat-elections-2021-reservations-lists/,20210417000722,d00cf7e4130989c68b0a2fd281caebd7fff8a27a5108cd972e354f9f55298abf,https://cdn.s3waas.gov.in/s30e65972dce68dad4d52d063967f0a705/uploads/2021/04/2021040442-1.pdf,,not_attempted
Kanpur Dehat,https://kanpurdehat.nic.in/notice/panchayat-elections-2021-reservations-lists/,20210417000722,d00cf7e4130989c68b0a2fd281caebd7fff8a27a5108cd972e354f9f55298abf,https://cdn.s3waas.gov.in/s30e65972dce68dad4d52d063967f0a705/uploads/2021/04/2021040437.pdf,BDC SRK Knp D 25-Mar-2021 19-29-52(1) (4 MB),not_attempted
Kanpur Dehat,https://kanpurdehat.nic.in/notice/panchayat-elections-2021-reservations-lists/,20210417000722,d00cf7e4130989c68b0a2fd281caebd7fff8a27a5108cd972e354f9f55298abf,https://cdn.s3waas.gov.in/s30e65972dce68dad4d52d063967f0a705/uploads/2021/04/2021040437.pdf,,not_attempted
Kanpur Dehat,https://kanpurdehat.nic.in/notice/panchayat-elections-2021-reservations-lists/,20210417000722,d00cf7e4130989c68b0a2fd281caebd7fff8a27a5108cd972e354f9f55298abf,https://cdn.s3waas.gov.in/s30e65972dce68dad4d52d063967f0a705/uploads/2021/04/2021040464.pdf,BDC AMR Knp D 25-Mar-2021 19-27-47(1) (3 MB),not_attempted
Kanpur Dehat,https://kanpurdehat.nic.in/notice/panchayat-elections-2021-reservations-lists/,20210417000722,d00cf7e4130989c68b0a2fd281caebd7fff8a27a5108cd972e354f9f55298abf,https://cdn.s3waas.gov.in/s30e65972dce68dad4d52d063967f0a705/uploads/2021/04/2021040464.pdf,,not_attempted
Kanpur Dehat,https://kanpurdehat.nic.in/notice/panchayat-elections-2021-reservations-lists/,20210417000722,d00cf7e4130989c68b0a2fd281caebd7fff8a27a5108cd972e354f9f55298abf,https://cdn.s3waas.gov.in/s30e65972dce68dad4d52d063967f0a705/uploads/2021/04/2021040491.pdf,BDC MLS KNP D 25-Mar-2021 19-46-26(1) (3 MB),not_attempted
Kanpur Dehat,https://kanpurdehat.nic.in/notice/panchayat-elections-2021-reservations-lists/,20210417000722,d00cf7e4130989c68b0a2fd281caebd7fff8a27a5108cd972e354f9f55298abf,https://cdn.s3waas.gov.in/s30e65972dce68dad4d52d063967f0a705/uploads/2021/04/2021040491.pdf,,not_attempted
Kanpur Dehat,https://kanpurdehat.nic.in/notice/panchayat-elections-2021-reservations-lists/,20210417000722,d00cf7e4130989c68b0a2fd281caebd7fff8a27a5108cd972e354f9f55298abf,https://cdn.s3waas.gov.in/s30e65972dce68dad4d52d063967f0a705/uploads/2021/04/2021040443.pdf,BDC DRP KNP D 25-Mar-2021 19-43-28(1) (2 MB),not_attempted
Kanpur Dehat,https://kanpurdehat.nic.in/notice/panchayat-elections-2021-reservations-lists/,20210417000722,d00cf7e4130989c68b0a2fd281caebd7fff8a27a5108cd972e354f9f55298abf,https://cdn.s3waas.gov.in/s30e65972dce68dad4d52d063967f0a705/uploads/2021/04/2021040443.pdf,,not_attempted
Kanpur Dehat,https://kanpurdehat.nic.in/notice/panchayat-elections-2021-reservations-lists/,20210417000722,d00cf7e4130989c68b0a2fd281caebd7fff8a27a5108cd972e354f9f55298abf,https://cdn.s3waas.gov.in/s30e65972dce68dad4d52d063967f0a705/uploads/2021/04/2021040493.pdf,BDC JHK KNP D 25-Mar-2021 19-39-45(1) (3 MB),not_attempted
Kanpur Dehat,https://kanpurdehat.nic.in/notice/panchayat-elections-2021-reservations-lists/,20210417000722,d00cf7e4130989c68b0a2fd281caebd7fff8a27a5108cd972e354f9f55298abf,https://cdn.s3waas.gov.in/s30e65972dce68dad4d52d063967f0a705/uploads/2021/04/2021040493.pdf,,not_attempted
Kanpur Dehat,https://kanpurdehat.nic.in/notice/panchayat-elections-2021-reservations-lists/,20210417000722,d00cf7e4130989c68b0a2fd281caebd7fff8a27a5108cd972e354f9f55298abf,https://cdn.s3waas.gov.in/s30e65972dce68dad4d52d063967f0a705/uploads/2021/04/2021040414.pdf,BDC MTH KNP D 25-Mar-2021 19-41-17(1) (4 MB),not_attempted
Kanpur Dehat,https://kanpurdehat.nic.in/notice/panchayat-elections-2021-reservations-lists/,20210417000722,d00cf7e4130989c68b0a2fd281caebd7fff8a27a5108cd972e354f9f55298abf,https://cdn.s3waas.gov.in/s30e65972dce68dad4d52d063967f0a705/uploads/2021/04/2021040414.pdf,,not_attempted
Kanpur Dehat,https://kanpurdehat.nic.in/notice/panchayat-elections-2021-reservations-lists/,20210417000722,d00cf7e4130989c68b0a2fd281caebd7fff8a27a5108cd972e354f9f55298abf,https://cdn.s3waas.gov.in/s30e65972dce68dad4d52d063967f0a705/uploads/2021/04/2021040486.pdf,BDC RSL KNP D 25-Mar-2021 19-37-28(1) (5 MB),not_attempted
Kanpur Dehat,https://kanpurdehat.nic.in/notice/panchayat-elections-2021-reservations-lists/,20210417000722,d00cf7e4130989c68b0a2fd281caebd7fff8a27a5108cd972e354f9f55298abf,https://cdn.s3waas.gov.in/s30e65972dce68dad4d52d063967f0a705/uploads/2021/04/2021040486.pdf,,not_attempted
Kanpur Dehat,https://kanpurdehat.nic.in/notice/panchayat-elections-2021-reservations-lists/,20210417000722,d00cf7e4130989c68b0a2fd281caebd7fff8a27a5108cd972e354f9f55298abf,https://cdn.s3waas.gov.in/s30e65972dce68dad4d52d063967f0a705/uploads/2021/04/2021040462.pdf,BDC RJP KNP D 25-Mar-2021 19-33-00(1) (4 MB),not_attempted
Kanpur Dehat,https://kanpurdehat.nic.in/notice/panchayat-elections-2021-reservations-lists/,20210417000722,d00cf7e4130989c68b0a2fd281caebd7fff8a27a5108cd972e354f9f55298abf,https://cdn.s3waas.gov.in/s30e65972dce68dad4d52d063967f0a705/uploads/2021/04/2021040462.pdf,,not_attempted
Kanpur Dehat,https://kanpurdehat.nic.in/notice/panchayat-elections-2021-reservations-lists/,20210417000722,d00cf7e4130989c68b0a2fd281caebd7fff8a27a5108cd972e354f9f55298abf,https://cdn.s3waas.gov.in/s30e65972dce68dad4d52d063967f0a705/uploads/2021/04/2021040412-1.pdf,BDC SNDLP KNP D 25-Mar-2021 19-44-43(1) (3 MB),not_attempted
Kanpur Dehat,https://kanpurdehat.nic.in/notice/panchayat-elections-2021-reservations-lists/,20210417000722,d00cf7e4130989c68b0a2fd281caebd7fff8a27a5108cd972e354f9f55298abf,https://cdn.s3waas.gov.in/s30e65972dce68dad4d52d063967f0a705/uploads/2021/04/2021040412-1.pdf,,not_attempted
Kanpur Dehat,https://kanpurdehat.nic.in/notice/panchayat-elections-2021-reservations-lists/,20210417000722,d00cf7e4130989c68b0a2fd281caebd7fff8a27a5108cd972e354f9f55298abf,https://cdn.s3waas.gov.in/s30e65972dce68dad4d52d063967f0a705/uploads/2021/04/2021040477.pdf,Pradhan Akb Knp d 25-Mar-2021 19-15-08(1) (2 MB),not_attempted
Kanpur Dehat,https://kanpurdehat.nic.in/notice/panchayat-elections-2021-reservations-lists/,20210417000722,d00cf7e4130989c68b0a2fd281caebd7fff8a27a5108cd972e354f9f55298abf,https://cdn.s3waas.gov.in/s30e65972dce68dad4d52d063967f0a705/uploads/2021/04/2021040477.pdf,,not_attempted
Kanpur Dehat,https://kanpurdehat.nic.in/notice/panchayat-elections-2021-reservations-lists/,20210417000722,d00cf7e4130989c68b0a2fd281caebd7fff8a27a5108cd972e354f9f55298abf,https://cdn.s3waas.gov.in/s30e65972dce68dad4d52d063967f0a705/uploads/2021/04/2021040491-1.pdf,Pradhan SRK Knp D 25-Mar-2021 19-25-22(1) (2 MB),not_attempted
Kanpur Dehat,https://kanpurdehat.nic.in/notice/panchayat-elections-2021-reservations-lists/,20210417000722,d00cf7e4130989c68b0a2fd281caebd7fff8a27a5108cd972e354f9f55298abf,https://cdn.s3waas.gov.in/s30e65972dce68dad4d52d063967f0a705/uploads/2021/04/2021040491-1.pdf,,not_attempted
Kanpur Dehat,https://kanpurdehat.nic.in/notice/panchayat-elections-2021-reservations-lists/,20210417000722,d00cf7e4130989c68b0a2fd281caebd7fff8a27a5108cd972e354f9f55298abf,https://cdn.s3waas.gov.in/s30e65972dce68dad4d52d063967f0a705/uploads/2021/04/2021040468.pdf,Pradhan AMR Knp D 25-Mar-2021 19-17-44(1) (2 MB),not_attempted
Kanpur Dehat,https://kanpurdehat.nic.in/notice/panchayat-elections-2021-reservations-lists/,20210417000722,d00cf7e4130989c68b0a2fd281caebd7fff8a27a5108cd972e354f9f55298abf,https://cdn.s3waas.gov.in/s30e65972dce68dad4d52d063967f0a705/uploads/2021/04/2021040468.pdf,,not_attempted
Kanpur Dehat,https://kanpurdehat.nic.in/notice/panchayat-elections-2021-reservations-lists/,20210417000722,d00cf7e4130989c68b0a2fd281caebd7fff8a27a5108cd972e354f9f55298abf,https://cdn.s3waas.gov.in/s30e65972dce68dad4d52d063967f0a705/uploads/2021/04/2021040494.pdf,Pradhan MLS Knp D 25-Mar-2021 19-13-16(1) (2 MB),not_attempted
Kanpur Dehat,https://kanpurdehat.nic.in/notice/panchayat-elections-2021-reservations-lists/,20210417000722,d00cf7e4130989c68b0a2fd281caebd7fff8a27a5108cd972e354f9f55298abf,https://cdn.s3waas.gov.in/s30e65972dce68dad4d52d063967f0a705/uploads/2021/04/2021040494.pdf,,not_attempted
Kanpur Dehat,https://kanpurdehat.nic.in/notice/panchayat-elections-2021-reservations-lists/,20210417000722,d00cf7e4130989c68b0a2fd281caebd7fff8a27a5108cd972e354f9f55298abf,https://cdn.s3waas.gov.in/s30e65972dce68dad4d52d063967f0a705/uploads/2021/04/2021040493-1.pdf,Pradhan DRP Knp D 25-Mar-2021 19-18-50(1) (2 MB),not_attempted
Kanpur Dehat,https://kanpurdehat.nic.in/notice/panchayat-elections-2021-reservations-lists/,20210417000722,d00cf7e4130989c68b0a2fd281caebd7fff8a27a5108cd972e354f9f55298abf,https://cdn.s3waas.gov.in/s30e65972dce68dad4d52d063967f0a705/uploads/2021/04/2021040493-1.pdf,,not_attempted
Kanpur Dehat,https://kanpurdehat.nic.in/notice/panchayat-elections-2021-reservations-lists/,20210417000722,d00cf7e4130989c68b0a2fd281caebd7fff8a27a5108cd972e354f9f55298abf,https://cdn.s3waas.gov.in/s30e65972dce68dad4d52d063967f0a705/uploads/2021/04/2021040466.pdf,Pradhan JHK Knp d 25-Mar-2021 19-21-44(1) (2 MB),not_attempted
Kanpur Dehat,https://kanpurdehat.nic.in/notice/panchayat-elections-2021-reservations-lists/,20210417000722,d00cf7e4130989c68b0a2fd281caebd7fff8a27a5108cd972e354f9f55298abf,https://cdn.s3waas.gov.in/s30e65972dce68dad4d52d063967f0a705/uploads/2021/04/2021040466.pdf,,not_attempted
Kanpur Dehat,https://kanpurdehat.nic.in/notice/panchayat-elections-2021-reservations-lists/,20210417000722,d00cf7e4130989c68b0a2fd281caebd7fff8a27a5108cd972e354f9f55298abf,https://cdn.s3waas.gov.in/s30e65972dce68dad4d52d063967f0a705/uploads/2021/04/2021040443-1.pdf,PRADHAN MTH KNP D 25-Mar-2021 19-48-10(1) (2 MB),not_attempted
Kanpur Dehat,https://kanpurdehat.nic.in/notice/panchayat-elections-2021-reservations-lists/,20210417000722,d00cf7e4130989c68b0a2fd281caebd7fff8a27a5108cd972e354f9f55298abf,https://cdn.s3waas.gov.in/s30e65972dce68dad4d52d063967f0a705/uploads/2021/04/2021040443-1.pdf,,not_attempted
Kanpur Dehat,https://kanpurdehat.nic.in/notice/panchayat-elections-2021-reservations-lists/,20210417000722,d00cf7e4130989c68b0a2fd281caebd7fff8a27a5108cd972e354f9f55298abf,https://cdn.s3waas.gov.in/s30e65972dce68dad4d52d063967f0a705/uploads/2021/04/2021040485.pdf,Pradhan RSL Knp D 25-Mar-2021 19-23-29(1) (3 MB),not_attempted
Kanpur Dehat,https://kanpurdehat.nic.in/notice/panchayat-elections-2021-reservations-lists/,20210417000722,d00cf7e4130989c68b0a2fd281caebd7fff8a27a5108cd972e354f9f55298abf,https://cdn.s3waas.gov.in/s30e65972dce68dad4d52d063967f0a705/uploads/2021/04/2021040485.pdf,,not_attempted
Kanpur Dehat,https://kanpurdehat.nic.in/notice/panchayat-elections-2021-reservations-lists/,20210417000722,d00cf7e4130989c68b0a2fd281caebd7fff8a27a5108cd972e354f9f55298abf,https://cdn.s3waas.gov.in/s30e65972dce68dad4d52d063967f0a705/uploads/2021/04/2021040410.pdf,Pradhan Rjp Knp D 25-Mar-2021 19-16-17(1) (2 MB),not_attempted
Kanpur Dehat,https://kanpurdehat.nic.in/notice/panchayat-elections-2021-reservations-lists/,20210417000722,d00cf7e4130989c68b0a2fd281caebd7fff8a27a5108cd972e354f9f55298abf,https://cdn.s3waas.gov.in/s30e65972dce68dad4d52d063967f0a705/uploads/2021/04/2021040410.pdf,,not_attempted
Kanpur Dehat,https://kanpurdehat.nic.in/notice/panchayat-elections-2021-reservations-lists/,20210417000722,d00cf7e4130989c68b0a2fd281caebd7fff8a27a5108cd972e354f9f55298abf,https://cdn.s3waas.gov.in/s30e65972dce68dad4d52d063967f0a705/uploads/2021/04/2021040470.pdf,Pradhan Sndlp Knp D 25-Mar-2021 19-20-40(1) (2 MB),not_attempted
Kanpur Dehat,https://kanpurdehat.nic.in/notice/panchayat-elections-2021-reservations-lists/,20210417000722,d00cf7e4130989c68b0a2fd281caebd7fff8a27a5108cd972e354f9f55298abf,https://cdn.s3waas.gov.in/s30e65972dce68dad4d52d063967f0a705/uploads/2021/04/2021040470.pdf,,not_attempted
Baghpat,https://bagpat.nic.in/notice/gram-pradhan-reservation-2021/,20210419214438,501d77c34f35a5427d2dd0851e6da97967ef25a9c51889061631e01dd32536c0,https://cdn.s3waas.gov.in/s3f7e6c85504ce6e82442c770f7c8606f0/uploads/2021/04/2021040323.pdf,View (6 MB),not_attempted
Baghpat,https://bagpat.nic.in/notice/gram-pradhan-reservation-2021/,20210419214438,501d77c34f35a5427d2dd0851e6da97967ef25a9c51889061631e01dd32536c0,https://cdn.s3waas.gov.in/s3f7e6c85504ce6e82442c770f7c8606f0/uploads/2021/04/2021040323.pdf,,not_attempted
Baghpat,https://bagpat.nic.in/notice/zila-panchayat-adhyaksh-members-reservation-2021/,20210419214645,d04f6bfe75c7ff6e30f94ce87ec19be4e495c9f48ea3752aac7784f7d8052f51,https://cdn.s3waas.gov.in/s3f7e6c85504ce6e82442c770f7c8606f0/uploads/2021/04/2021040380.pdf,View (2 MB),not_attempted
Baghpat,https://bagpat.nic.in/notice/zila-panchayat-adhyaksh-members-reservation-2021/,20210419214645,d04f6bfe75c7ff6e30f94ce87ec19be4e495c9f48ea3752aac7784f7d8052f51,https://cdn.s3waas.gov.in/s3f7e6c85504ce6e82442c770f7c8606f0/uploads/2021/04/2021040380.pdf,,not_attempted
Baghpat,https://bagpat.nic.in/notice/kshetra-panchayat-members-reservation-2021/,20210419223445,8f9a929e698b30a87866f9d8c1289bcba8b7ef1338eac8ec485d87611bd17164,https://cdn.s3waas.gov.in/s3f7e6c85504ce6e82442c770f7c8606f0/uploads/2021/04/2021040346-1.pdf,View (10 MB),not_attempted
Baghpat,https://bagpat.nic.in/notice/kshetra-panchayat-members-reservation-2021/,20210419223445,8f9a929e698b30a87866f9d8c1289bcba8b7ef1338eac8ec485d87611bd17164,https://cdn.s3waas.gov.in/s3f7e6c85504ce6e82442c770f7c8606f0/uploads/2021/04/2021040346-1.pdf,,not_attempted
Baghpat,https://bagpat.nic.in/notice/kshetra-panchayat-pramukh-reservation-2021/,20210419225336,98aa7787204a73327b288c776ea6d7163090304ab60a48f6f7d39c5948fb6325,https://cdn.s3waas.gov.in/s3f7e6c85504ce6e82442c770f7c8606f0/uploads/2021/04/2021040395.pdf,View (394 KB),not_attempted
Baghpat,https://bagpat.nic.in/notice/kshetra-panchayat-pramukh-reservation-2021/,20210419225336,98aa7787204a73327b288c776ea6d7163090304ab60a48f6f7d39c5948fb6325,https://cdn.s3waas.gov.in/s3f7e6c85504ce6e82442c770f7c8606f0/uploads/2021/04/2021040395.pdf,,not_attempted
Mau,https://mau.nic.in/panchayat-election-2021-1995-2015-reservations-details/,20210512145506,bbde9e7ead24d33192527f584f94463389642fde124bbcb8bb035e3b008d3e37,https://cdn.s3waas.gov.in/s3ec8956637a99787bd197eacd77acce5e/uploads/2021/03/2021030535.pdf,CLICK HERE,not_attempted
Mau,https://mau.nic.in/panchayat-election-2021-1995-2015-reservations-details/,20210512145506,bbde9e7ead24d33192527f584f94463389642fde124bbcb8bb035e3b008d3e37,https://cdn.s3waas.gov.in/s3ec8956637a99787bd197eacd77acce5e/uploads/2021/03/2021030556.pdf,CLICK HERE,not_attempted
Mau,https://mau.nic.in/panchayat-election-2021-1995-2015-reservations-details/,20210512145506,bbde9e7ead24d33192527f584f94463389642fde124bbcb8bb035e3b008d3e37,https://cdn.s3waas.gov.in/s3ec8956637a99787bd197eacd77acce5e/uploads/2021/03/2021030570.pdf,CLICK HERE,not_attempted
Mau,https://mau.nic.in/panchayat-election-2021-1995-2015-reservations-details/,20210512145506,bbde9e7ead24d33192527f584f94463389642fde124bbcb8bb035e3b008d3e37,https://cdn.s3waas.gov.in/s3ec8956637a99787bd197eacd77acce5e/uploads/2021/03/2021030521.pdf,CLICK HERE,not_attempted
Mau,https://mau.nic.in/panchayat-election-2021-1995-2015-reservations-details/,20210512145506,bbde9e7ead24d33192527f584f94463389642fde124bbcb8bb035e3b008d3e37,https://cdn.s3waas.gov.in/s3ec8956637a99787bd197eacd77acce5e/uploads/2021/03/2021030541.pdf,CLICK HERE,not_attempted
Mau,https://mau.nic.in/panchayat-election-2021-1995-2015-reservations-details/,20210512145506,bbde9e7ead24d33192527f584f94463389642fde124bbcb8bb035e3b008d3e37,https://cdn.s3waas.gov.in/s3ec8956637a99787bd197eacd77acce5e/uploads/2021/03/2021030517.pdf,CLICK HERE,not_attempted
Mau,https://mau.nic.in/panchayat-election-2021-1995-2015-reservations-details/,20210512145506,bbde9e7ead24d33192527f584f94463389642fde124bbcb8bb035e3b008d3e37,https://cdn.s3waas.gov.in/s3ec8956637a99787bd197eacd77acce5e/uploads/2021/03/2021030560.pdf,CLICK HERE,not_attempted
Mau,https://mau.nic.in/panchayat-election-2021-1995-2015-reservations-details/,20210512145506,bbde9e7ead24d33192527f584f94463389642fde124bbcb8bb035e3b008d3e37,https://cdn.s3waas.gov.in/s3ec8956637a99787bd197eacd77acce5e/uploads/2021/03/2021030569.pdf,CLICK HERE,not_attempted
Mau,https://mau.nic.in/panchayat-election-2021-1995-2015-reservations-details/,20210512145506,bbde9e7ead24d33192527f584f94463389642fde124bbcb8bb035e3b008d3e37,https://cdn.s3waas.gov.in/s3ec8956637a99787bd197eacd77acce5e/uploads/2021/03/2021030550.pdf,CLICK HERE,not_attempted
Mau,https://mau.nic.in/panchayat-election-2021-1995-2015-reservations-details/,20210512145506,bbde9e7ead24d33192527f584f94463389642fde124bbcb8bb035e3b008d3e37,https://cdn.s3waas.gov.in/s3ec8956637a99787bd197eacd77acce5e/uploads/2021/03/2021030549.pdf,CLICK HERE,not_attempted
Mau,https://mau.nic.in/panchayat-election-2021-1995-2015-reservations-details/,20210512145506,bbde9e7ead24d33192527f584f94463389642fde124bbcb8bb035e3b008d3e37,https://cdn.s3waas.gov.in/s3ec8956637a99787bd197eacd77acce5e/uploads/2021/03/2021030571.pdf,CLICK HERE,not_attempted
Mau,https://mau.nic.in/panchayat-election-2021-1995-2015-reservations-details/,20210512145506,bbde9e7ead24d33192527f584f94463389642fde124bbcb8bb035e3b008d3e37,https://cdn.s3waas.gov.in/s3ec8956637a99787bd197eacd77acce5e/uploads/2021/03/2021030533.pdf,CLICK HERE,not_attempted
Mau,https://mau.nic.in/panchayat-election-2021-1995-2015-reservations-details/,20210512145506,bbde9e7ead24d33192527f584f94463389642fde124bbcb8bb035e3b008d3e37,https://cdn.s3waas.gov.in/s3ec8956637a99787bd197eacd77acce5e/uploads/2021/03/2021030558.pdf,CLICK HERE,not_attempted
Mau,https://mau.nic.in/panchayat-election-2021-1995-2015-reservations-details/,20210512145506,bbde9e7ead24d33192527f584f94463389642fde124bbcb8bb035e3b008d3e37,https://cdn.s3waas.gov.in/s3ec8956637a99787bd197eacd77acce5e/uploads/2021/03/2021030538.pdf,CLICK HERE,not_attempted
Mau,https://mau.nic.in/panchayat-election-2021-1995-2015-reservations-details/,20210512145506,bbde9e7ead24d33192527f584f94463389642fde124bbcb8bb035e3b008d3e37,https://cdn.s3waas.gov.in/s3ec8956637a99787bd197eacd77acce5e/uploads/2021/03/2021030575.pdf,CLICK HERE,not_attempted
Mau,https://mau.nic.in/panchayat-election-2021-1995-2015-reservations-details/,20210512145506,bbde9e7ead24d33192527f584f94463389642fde124bbcb8bb035e3b008d3e37,https://cdn.s3waas.gov.in/s3ec8956637a99787bd197eacd77acce5e/uploads/2021/03/2021030527.pdf,CLICK HERE,not_attempted
Mau,https://mau.nic.in/panchayat-election-2021-1995-2015-reservations-details/,20210512145506,bbde9e7ead24d33192527f584f94463389642fde124bbcb8bb035e3b008d3e37,https://cdn.s3waas.gov.in/s3ec8956637a99787bd197eacd77acce5e/uploads/2021/03/2021030564.pdf,CLICK HERE,not_attempted
Mau,https://mau.nic.in/panchayat-election-2021-1995-2015-reservations-details/,20210512145506,bbde9e7ead24d33192527f584f94463389642fde124bbcb8bb035e3b008d3e37,https://cdn.s3waas.gov.in/s3ec8956637a99787bd197eacd77acce5e/uploads/2021/03/2021030579.pdf,CLICK HERE,not_attempted
Mau,https://mau.nic.in/panchayat-election-2021-1995-2015-reservations-details/,20210512145506,bbde9e7ead24d33192527f584f94463389642fde124bbcb8bb035e3b008d3e37,https://cdn.s3waas.gov.in/s3ec8956637a99787bd197eacd77acce5e/uploads/2021/03/2021030527-1.pdf,CLICK HERE,not_attempted
Mau,https://mau.nic.in/panchayat-election-2021-1995-2015-reservations-details/,20210512145506,bbde9e7ead24d33192527f584f94463389642fde124bbcb8bb035e3b008d3e37,https://cdn.s3waas.gov.in/s3ec8956637a99787bd197eacd77acce5e/uploads/2021/03/2021030512.pdf,CLICK HERE,not_attempted
Mau,https://mau.nic.in/general-election-2021-reservation-details-of-panchayats/,20210612194820,c0d1c88302df417d4d2ad367419e701e299e5f152d8adac2332c65cf21995645,https://cdn.s3waas.gov.in/s3ec8956637a99787bd197eacd77acce5e/uploads/2021/03/2021030385.pdf,Click here,not_attempted
Mau,https://mau.nic.in/general-election-2021-reservation-details-of-panchayats/,20210612194820,c0d1c88302df417d4d2ad367419e701e299e5f152d8adac2332c65cf21995645,https://cdn.s3waas.gov.in/s3ec8956637a99787bd197eacd77acce5e/uploads/2021/03/2021030393.pdf,Click here,not_attempted
Mau,https://mau.nic.in/general-election-2021-reservation-details-of-panchayats/,20210612194820,c0d1c88302df417d4d2ad367419e701e299e5f152d8adac2332c65cf21995645,https://cdn.s3waas.gov.in/s3ec8956637a99787bd197eacd77acce5e/uploads/2021/03/2021030339.pdf,Click here,not_attempted
Mau,https://mau.nic.in/general-election-2021-reservation-details-of-panchayats/,20210612194820,c0d1c88302df417d4d2ad367419e701e299e5f152d8adac2332c65cf21995645,https://cdn.s3waas.gov.in/s3ec8956637a99787bd197eacd77acce5e/uploads/2021/03/2021030327.pdf,Click here,not_attempted
Mau,https://mau.nic.in/general-election-2021-reservation-details-of-panchayats/,20210612194820,c0d1c88302df417d4d2ad367419e701e299e5f152d8adac2332c65cf21995645,https://cdn.s3waas.gov.in/s3ec8956637a99787bd197eacd77acce5e/uploads/2021/03/2021030363.pdf,Click here,not_attempted
Mau,https://mau.nic.in/general-election-2021-reservation-details-of-panchayats/,20210612194820,c0d1c88302df417d4d2ad367419e701e299e5f152d8adac2332c65cf21995645,https://cdn.s3waas.gov.in/s3ec8956637a99787bd197eacd77acce5e/uploads/2021/03/2021030353.pdf,Click here,not_attempted
Mau,https://mau.nic.in/general-election-2021-reservation-details-of-panchayats/,20210612194820,c0d1c88302df417d4d2ad367419e701e299e5f152d8adac2332c65cf21995645,https://cdn.s3waas.gov.in/s3ec8956637a99787bd197eacd77acce5e/uploads/2021/03/2021030371.pdf,Click here,not_attempted
Mau,https://mau.nic.in/general-election-2021-reservation-details-of-panchayats/,20210612194820,c0d1c88302df417d4d2ad367419e701e299e5f152d8adac2332c65cf21995645,https://cdn.s3waas.gov.in/s3ec8956637a99787bd197eacd77acce5e/uploads/2021/03/2021030330.pdf,Click here,not_attempted
Mau,https://mau.nic.in/general-election-2021-reservation-details-of-panchayats/,20210612194820,c0d1c88302df417d4d2ad367419e701e299e5f152d8adac2332c65cf21995645,https://cdn.s3waas.gov.in/s3ec8956637a99787bd197eacd77acce5e/uploads/2021/03/2021030388.pdf,Click here,not_attempted
Mau,https://mau.nic.in/general-election-2021-reservation-details-of-panchayats/,20210612194820,c0d1c88302df417d4d2ad367419e701e299e5f152d8adac2332c65cf21995645,https://cdn.s3waas.gov.in/s3ec8956637a99787bd197eacd77acce5e/uploads/2021/03/2021030373.pdf,Click here,not_attempted
Mau,https://mau.nic.in/general-election-2021-reservation-details-of-panchayats/,20210612194820,c0d1c88302df417d4d2ad367419e701e299e5f152d8adac2332c65cf21995645,https://cdn.s3waas.gov.in/s3ec8956637a99787bd197eacd77acce5e/uploads/2021/03/2021030376.pdf,Click here,not_attempted
Mau,https://mau.nic.in/general-election-2021-reservation-details-of-panchayats/,20210612194820,c0d1c88302df417d4d2ad367419e701e299e5f152d8adac2332c65cf21995645,https://cdn.s3waas.gov.in/s3ec8956637a99787bd197eacd77acce5e/uploads/2021/03/2021030322.pdf,Click here,not_attempted
Mau,https://mau.nic.in/general-election-2021-reservation-details-of-panchayats/,20210612194820,c0d1c88302df417d4d2ad367419e701e299e5f152d8adac2332c65cf21995645,https://cdn.s3waas.gov.in/s3ec8956637a99787bd197eacd77acce5e/uploads/2021/03/2021030348.pdf,Click here,not_attempted
Mau,https://mau.nic.in/general-election-2021-reservation-details-of-panchayats/,20210612194820,c0d1c88302df417d4d2ad367419e701e299e5f152d8adac2332c65cf21995645,https://cdn.s3waas.gov.in/s3ec8956637a99787bd197eacd77acce5e/uploads/2021/03/2021030324.pdf,Click here,not_attempted
Mau,https://mau.nic.in/general-election-2021-reservation-details-of-panchayats/,20210612194820,c0d1c88302df417d4d2ad367419e701e299e5f152d8adac2332c65cf21995645,https://cdn.s3waas.gov.in/s3ec8956637a99787bd197eacd77acce5e/uploads/2021/03/2021030348-1.pdf,Click here,not_attempted
Mau,https://mau.nic.in/general-election-2021-reservation-details-of-panchayats/,20210612194820,c0d1c88302df417d4d2ad367419e701e299e5f152d8adac2332c65cf21995645,https://cdn.s3waas.gov.in/s3ec8956637a99787bd197eacd77acce5e/uploads/2021/03/2021030350.pdf,Click here,not_attempted
Mau,https://mau.nic.in/general-election-2021-reservation-details-of-panchayats/,20210612194820,c0d1c88302df417d4d2ad367419e701e299e5f152d8adac2332c65cf21995645,https://cdn.s3waas.gov.in/s3ec8956637a99787bd197eacd77acce5e/uploads/2021/03/2021030317.pdf,Click here,not_attempted
Mau,https://mau.nic.in/general-election-2021-reservation-details-of-panchayats/,20210612194820,c0d1c88302df417d4d2ad367419e701e299e5f152d8adac2332c65cf21995645,https://cdn.s3waas.gov.in/s3ec8956637a99787bd197eacd77acce5e/uploads/2021/03/2021030392.pdf,Click here,not_attempted
Mau,https://mau.nic.in/general-election-2021-reservation-details-of-panchayats/,20210612194820,c0d1c88302df417d4d2ad367419e701e299e5f152d8adac2332c65cf21995645,https://cdn.s3waas.gov.in/s3ec8956637a99787bd197eacd77acce5e/uploads/2021/03/2021030342.pdf,Click here,not_attempted
Mau,https://mau.nic.in/general-election-2021-reservation-details-of-panchayats/,20210612194820,c0d1c88302df417d4d2ad367419e701e299e5f152d8adac2332c65cf21995645,https://cdn.s3waas.gov.in/s3ec8956637a99787bd197eacd77acce5e/uploads/2021/03/2021030336.pdf,Click here,not_attempted
Ghazipur,https://ghazipur.nic.in/hi/event/%E0%A4%AA%E0%A4%82%E0%A4%9A%E0%A4%BE%E0%A4%AF%E0%A4%A4-%E0%A4%9A%E0%A5%81%E0%A4%A8%E0%A4%BE%E0%A4%B5-%E0%A4%86%E0%A4%B0%E0%A4%95%E0%A5%8D%E0%A4%B7%E0%A4%A3-%E0%A4%86%E0%A4%AA%E0%A4%A4%E0%A5%8D/,20220702013126,3aab0584a5ad384deb9d59d33cde0ddc4cfb23636727d3fd3b8c37138d425e4a,https://cdn.s3waas.gov.in/s3f2fc990265c712c49d51a18a32b39f0c/uploads/2021/03/2021030963.pdf,देखें (179 KB),not_attempted
Ghazipur,https://ghazipur.nic.in/hi/event/%E0%A4%AA%E0%A4%82%E0%A4%9A%E0%A4%BE%E0%A4%AF%E0%A4%A4-%E0%A4%9A%E0%A5%81%E0%A4%A8%E0%A4%BE%E0%A4%B5-%E0%A4%86%E0%A4%B0%E0%A4%95%E0%A5%8D%E0%A4%B7%E0%A4%A3-%E0%A4%86%E0%A4%AA%E0%A4%A4%E0%A5%8D/,20220702013126,3aab0584a5ad384deb9d59d33cde0ddc4cfb23636727d3fd3b8c37138d425e4a,https://cdn.s3waas.gov.in/s3f2fc990265c712c49d51a18a32b39f0c/uploads/2021/03/2021030963.pdf,,not_attempted
Kanpur Dehat,https://kanpurdehat.nic.in/hi/notice/%E0%A4%AA%E0%A4%82%E0%A4%9A%E0%A4%BE%E0%A4%AF%E0%A4%A4-%E0%A4%A8%E0%A4%BF%E0%A4%B0%E0%A5%8D%E0%A4%B5%E0%A4%BE%E0%A4%9A%E0%A4%A8-2021-%E0%A4%86%E0%A4%B0%E0%A4%95%E0%A5%8D%E0%A4%B7%E0%A4%A3/,20220703234308,2ddd607be49712e4195ea4ef820d61c037ab6a96b8f22af9d46d3775b4b27495,https://cdn.s3waas.gov.in/s30e65972dce68dad4d52d063967f0a705/uploads/2021/04/2021040422.pdf,देखें (998 KB),not_attempted
Kanpur Dehat,https://kanpurdehat.nic.in/hi/notice/%E0%A4%AA%E0%A4%82%E0%A4%9A%E0%A4%BE%E0%A4%AF%E0%A4%A4-%E0%A4%A8%E0%A4%BF%E0%A4%B0%E0%A5%8D%E0%A4%B5%E0%A4%BE%E0%A4%9A%E0%A4%A8-2021-%E0%A4%86%E0%A4%B0%E0%A4%95%E0%A5%8D%E0%A4%B7%E0%A4%A3/,20220703234308,2ddd607be49712e4195ea4ef820d61c037ab6a96b8f22af9d46d3775b4b27495,https://cdn.s3waas.gov.in/s30e65972dce68dad4d52d063967f0a705/uploads/2021/04/2021040422.pdf,,not_attempted
Kanpur Dehat,https://kanpurdehat.nic.in/hi/notice/%E0%A4%AA%E0%A4%82%E0%A4%9A%E0%A4%BE%E0%A4%AF%E0%A4%A4-%E0%A4%A8%E0%A4%BF%E0%A4%B0%E0%A5%8D%E0%A4%B5%E0%A4%BE%E0%A4%9A%E0%A4%A8-2021-%E0%A4%86%E0%A4%B0%E0%A4%95%E0%A5%8D%E0%A4%B7%E0%A4%A3/,20220703234308,2ddd607be49712e4195ea4ef820d61c037ab6a96b8f22af9d46d3775b4b27495,https://cdn.s3waas.gov.in/s30e65972dce68dad4d52d063967f0a705/uploads/2021/04/2021040417.pdf,प्रमुख 25-Mar-2021 18-35-53 (479 KB),not_attempted
Kanpur Dehat,https://kanpurdehat.nic.in/hi/notice/%E0%A4%AA%E0%A4%82%E0%A4%9A%E0%A4%BE%E0%A4%AF%E0%A4%A4-%E0%A4%A8%E0%A4%BF%E0%A4%B0%E0%A5%8D%E0%A4%B5%E0%A4%BE%E0%A4%9A%E0%A4%A8-2021-%E0%A4%86%E0%A4%B0%E0%A4%95%E0%A5%8D%E0%A4%B7%E0%A4%A3/,20220703234308,2ddd607be49712e4195ea4ef820d61c037ab6a96b8f22af9d46d3775b4b27495,https://cdn.s3waas.gov.in/s30e65972dce68dad4d52d063967f0a705/uploads/2021/04/2021040417.pdf,,not_attempted
Kanpur Dehat,https://kanpurdehat.nic.in/hi/notice/%E0%A4%AA%E0%A4%82%E0%A4%9A%E0%A4%BE%E0%A4%AF%E0%A4%A4-%E0%A4%A8%E0%A4%BF%E0%A4%B0%E0%A5%8D%E0%A4%B5%E0%A4%BE%E0%A4%9A%E0%A4%A8-2021-%E0%A4%86%E0%A4%B0%E0%A4%95%E0%A5%8D%E0%A4%B7%E0%A4%A3/,20220703234308,2ddd607be49712e4195ea4ef820d61c037ab6a96b8f22af9d46d3775b4b27495,https://cdn.s3waas.gov.in/s30e65972dce68dad4d52d063967f0a705/uploads/2021/04/2021040442-1.pdf,BDC AKB KNP D 25-Mar-2021 19-35-12(1) (4 MB),not_attempted
Kanpur Dehat,https://kanpurdehat.nic.in/hi/notice/%E0%A4%AA%E0%A4%82%E0%A4%9A%E0%A4%BE%E0%A4%AF%E0%A4%A4-%E0%A4%A8%E0%A4%BF%E0%A4%B0%E0%A5%8D%E0%A4%B5%E0%A4%BE%E0%A4%9A%E0%A4%A8-2021-%E0%A4%86%E0%A4%B0%E0%A4%95%E0%A5%8D%E0%A4%B7%E0%A4%A3/,20220703234308,2ddd607be49712e4195ea4ef820d61c037ab6a96b8f22af9d46d3775b4b27495,https://cdn.s3waas.gov.in/s30e65972dce68dad4d52d063967f0a705/uploads/2021/04/2021040442-1.pdf,,not_attempted
Kanpur Dehat,https://kanpurdehat.nic.in/hi/notice/%E0%A4%AA%E0%A4%82%E0%A4%9A%E0%A4%BE%E0%A4%AF%E0%A4%A4-%E0%A4%A8%E0%A4%BF%E0%A4%B0%E0%A5%8D%E0%A4%B5%E0%A4%BE%E0%A4%9A%E0%A4%A8-2021-%E0%A4%86%E0%A4%B0%E0%A4%95%E0%A5%8D%E0%A4%B7%E0%A4%A3/,20220703234308,2ddd607be49712e4195ea4ef820d61c037ab6a96b8f22af9d46d3775b4b27495,https://cdn.s3waas.gov.in/s30e65972dce68dad4d52d063967f0a705/uploads/2021/04/2021040437.pdf,BDC SRK Knp D 25-Mar-2021 19-29-52(1) (4 MB),not_attempted
Kanpur Dehat,https://kanpurdehat.nic.in/hi/notice/%E0%A4%AA%E0%A4%82%E0%A4%9A%E0%A4%BE%E0%A4%AF%E0%A4%A4-%E0%A4%A8%E0%A4%BF%E0%A4%B0%E0%A5%8D%E0%A4%B5%E0%A4%BE%E0%A4%9A%E0%A4%A8-2021-%E0%A4%86%E0%A4%B0%E0%A4%95%E0%A5%8D%E0%A4%B7%E0%A4%A3/,20220703234308,2ddd607be49712e4195ea4ef820d61c037ab6a96b8f22af9d46d3775b4b27495,https://cdn.s3waas.gov.in/s30e65972dce68dad4d52d063967f0a705/uploads/2021/04/2021040437.pdf,,not_attempted
Kanpur Dehat,https://kanpurdehat.nic.in/hi/notice/%E0%A4%AA%E0%A4%82%E0%A4%9A%E0%A4%BE%E0%A4%AF%E0%A4%A4-%E0%A4%A8%E0%A4%BF%E0%A4%B0%E0%A5%8D%E0%A4%B5%E0%A4%BE%E0%A4%9A%E0%A4%A8-2021-%E0%A4%86%E0%A4%B0%E0%A4%95%E0%A5%8D%E0%A4%B7%E0%A4%A3/,20220703234308,2ddd607be49712e4195ea4ef820d61c037ab6a96b8f22af9d46d3775b4b27495,https://cdn.s3waas.gov.in/s30e65972dce68dad4d52d063967f0a705/uploads/2021/04/2021040464.pdf,BDC AMR Knp D 25-Mar-2021 19-27-47(1) (3 MB),not_attempted
Kanpur Dehat,https://kanpurdehat.nic.in/hi/notice/%E0%A4%AA%E0%A4%82%E0%A4%9A%E0%A4%BE%E0%A4%AF%E0%A4%A4-%E0%A4%A8%E0%A4%BF%E0%A4%B0%E0%A5%8D%E0%A4%B5%E0%A4%BE%E0%A4%9A%E0%A4%A8-2021-%E0%A4%86%E0%A4%B0%E0%A4%95%E0%A5%8D%E0%A4%B7%E0%A4%A3/,20220703234308,2ddd607be49712e4195ea4ef820d61c037ab6a96b8f22af9d46d3775b4b27495,https://cdn.s3waas.gov.in/s30e65972dce68dad4d52d063967f0a705/uploads/2021/04/2021040464.pdf,,not_attempted
Kanpur Dehat,https://kanpurdehat.nic.in/hi/notice/%E0%A4%AA%E0%A4%82%E0%A4%9A%E0%A4%BE%E0%A4%AF%E0%A4%A4-%E0%A4%A8%E0%A4%BF%E0%A4%B0%E0%A5%8D%E0%A4%B5%E0%A4%BE%E0%A4%9A%E0%A4%A8-2021-%E0%A4%86%E0%A4%B0%E0%A4%95%E0%A5%8D%E0%A4%B7%E0%A4%A3/,20220703234308,2ddd607be49712e4195ea4ef820d61c037ab6a96b8f22af9d46d3775b4b27495,https://cdn.s3waas.gov.in/s30e65972dce68dad4d52d063967f0a705/uploads/2021/04/2021040491.pdf,BDC MLS KNP D 25-Mar-2021 19-46-26(1) (3 MB),not_attempted
Kanpur Dehat,https://kanpurdehat.nic.in/hi/notice/%E0%A4%AA%E0%A4%82%E0%A4%9A%E0%A4%BE%E0%A4%AF%E0%A4%A4-%E0%A4%A8%E0%A4%BF%E0%A4%B0%E0%A5%8D%E0%A4%B5%E0%A4%BE%E0%A4%9A%E0%A4%A8-2021-%E0%A4%86%E0%A4%B0%E0%A4%95%E0%A5%8D%E0%A4%B7%E0%A4%A3/,20220703234308,2ddd607be49712e4195ea4ef820d61c037ab6a96b8f22af9d46d3775b4b27495,https://cdn.s3waas.gov.in/s30e65972dce68dad4d52d063967f0a705/uploads/2021/04/2021040491.pdf,,not_attempted
Kanpur Dehat,https://kanpurdehat.nic.in/hi/notice/%E0%A4%AA%E0%A4%82%E0%A4%9A%E0%A4%BE%E0%A4%AF%E0%A4%A4-%E0%A4%A8%E0%A4%BF%E0%A4%B0%E0%A5%8D%E0%A4%B5%E0%A4%BE%E0%A4%9A%E0%A4%A8-2021-%E0%A4%86%E0%A4%B0%E0%A4%95%E0%A5%8D%E0%A4%B7%E0%A4%A3/,20220703234308,2ddd607be49712e4195ea4ef820d61c037ab6a96b8f22af9d46d3775b4b27495,https://cdn.s3waas.gov.in/s30e65972dce68dad4d52d063967f0a705/uploads/2021/04/2021040443.pdf,BDC DRP KNP D 25-Mar-2021 19-43-28(1) (2 MB),not_attempted
Kanpur Dehat,https://kanpurdehat.nic.in/hi/notice/%E0%A4%AA%E0%A4%82%E0%A4%9A%E0%A4%BE%E0%A4%AF%E0%A4%A4-%E0%A4%A8%E0%A4%BF%E0%A4%B0%E0%A5%8D%E0%A4%B5%E0%A4%BE%E0%A4%9A%E0%A4%A8-2021-%E0%A4%86%E0%A4%B0%E0%A4%95%E0%A5%8D%E0%A4%B7%E0%A4%A3/,20220703234308,2ddd607be49712e4195ea4ef820d61c037ab6a96b8f22af9d46d3775b4b27495,https://cdn.s3waas.gov.in/s30e65972dce68dad4d52d063967f0a705/uploads/2021/04/2021040443.pdf,,not_attempted
Kanpur Dehat,https://kanpurdehat.nic.in/hi/notice/%E0%A4%AA%E0%A4%82%E0%A4%9A%E0%A4%BE%E0%A4%AF%E0%A4%A4-%E0%A4%A8%E0%A4%BF%E0%A4%B0%E0%A5%8D%E0%A4%B5%E0%A4%BE%E0%A4%9A%E0%A4%A8-2021-%E0%A4%86%E0%A4%B0%E0%A4%95%E0%A5%8D%E0%A4%B7%E0%A4%A3/,20220703234308,2ddd607be49712e4195ea4ef820d61c037ab6a96b8f22af9d46d3775b4b27495,https://cdn.s3waas.gov.in/s30e65972dce68dad4d52d063967f0a705/uploads/2021/04/2021040493.pdf,BDC JHK KNP D 25-Mar-2021 19-39-45(1) (3 MB),not_attempted
Kanpur Dehat,https://kanpurdehat.nic.in/hi/notice/%E0%A4%AA%E0%A4%82%E0%A4%9A%E0%A4%BE%E0%A4%AF%E0%A4%A4-%E0%A4%A8%E0%A4%BF%E0%A4%B0%E0%A5%8D%E0%A4%B5%E0%A4%BE%E0%A4%9A%E0%A4%A8-2021-%E0%A4%86%E0%A4%B0%E0%A4%95%E0%A5%8D%E0%A4%B7%E0%A4%A3/,20220703234308,2ddd607be49712e4195ea4ef820d61c037ab6a96b8f22af9d46d3775b4b27495,https://cdn.s3waas.gov.in/s30e65972dce68dad4d52d063967f0a705/uploads/2021/04/2021040493.pdf,,not_attempted
Kanpur Dehat,https://kanpurdehat.nic.in/hi/notice/%E0%A4%AA%E0%A4%82%E0%A4%9A%E0%A4%BE%E0%A4%AF%E0%A4%A4-%E0%A4%A8%E0%A4%BF%E0%A4%B0%E0%A5%8D%E0%A4%B5%E0%A4%BE%E0%A4%9A%E0%A4%A8-2021-%E0%A4%86%E0%A4%B0%E0%A4%95%E0%A5%8D%E0%A4%B7%E0%A4%A3/,20220703234308,2ddd607be49712e4195ea4ef820d61c037ab6a96b8f22af9d46d3775b4b27495,https://cdn.s3waas.gov.in/s30e65972dce68dad4d52d063967f0a705/uploads/2021/04/2021040414.pdf,BDC MTH KNP D 25-Mar-2021 19-41-17(1) (4 MB),not_attempted
Kanpur Dehat,https://kanpurdehat.nic.in/hi/notice/%E0%A4%AA%E0%A4%82%E0%A4%9A%E0%A4%BE%E0%A4%AF%E0%A4%A4-%E0%A4%A8%E0%A4%BF%E0%A4%B0%E0%A5%8D%E0%A4%B5%E0%A4%BE%E0%A4%9A%E0%A4%A8-2021-%E0%A4%86%E0%A4%B0%E0%A4%95%E0%A5%8D%E0%A4%B7%E0%A4%A3/,20220703234308,2ddd607be49712e4195ea4ef820d61c037ab6a96b8f22af9d46d3775b4b27495,https://cdn.s3waas.gov.in/s30e65972dce68dad4d52d063967f0a705/uploads/2021/04/2021040414.pdf,,not_attempted
Kanpur Dehat,https://kanpurdehat.nic.in/hi/notice/%E0%A4%AA%E0%A4%82%E0%A4%9A%E0%A4%BE%E0%A4%AF%E0%A4%A4-%E0%A4%A8%E0%A4%BF%E0%A4%B0%E0%A5%8D%E0%A4%B5%E0%A4%BE%E0%A4%9A%E0%A4%A8-2021-%E0%A4%86%E0%A4%B0%E0%A4%95%E0%A5%8D%E0%A4%B7%E0%A4%A3/,20220703234308,2ddd607be49712e4195ea4ef820d61c037ab6a96b8f22af9d46d3775b4b27495,https://cdn.s3waas.gov.in/s30e65972dce68dad4d52d063967f0a705/uploads/2021/04/2021040486.pdf,BDC RSL KNP D 25-Mar-2021 19-37-28(1) (5 MB),not_attempted
Kanpur Dehat,https://kanpurdehat.nic.in/hi/notice/%E0%A4%AA%E0%A4%82%E0%A4%9A%E0%A4%BE%E0%A4%AF%E0%A4%A4-%E0%A4%A8%E0%A4%BF%E0%A4%B0%E0%A5%8D%E0%A4%B5%E0%A4%BE%E0%A4%9A%E0%A4%A8-2021-%E0%A4%86%E0%A4%B0%E0%A4%95%E0%A5%8D%E0%A4%B7%E0%A4%A3/,20220703234308,2ddd607be49712e4195ea4ef820d61c037ab6a96b8f22af9d46d3775b4b27495,https://cdn.s3waas.gov.in/s30e65972dce68dad4d52d063967f0a705/uploads/2021/04/2021040486.pdf,,not_attempted
Kanpur Dehat,https://kanpurdehat.nic.in/hi/notice/%E0%A4%AA%E0%A4%82%E0%A4%9A%E0%A4%BE%E0%A4%AF%E0%A4%A4-%E0%A4%A8%E0%A4%BF%E0%A4%B0%E0%A5%8D%E0%A4%B5%E0%A4%BE%E0%A4%9A%E0%A4%A8-2021-%E0%A4%86%E0%A4%B0%E0%A4%95%E0%A5%8D%E0%A4%B7%E0%A4%A3/,20220703234308,2ddd607be49712e4195ea4ef820d61c037ab6a96b8f22af9d46d3775b4b27495,https://cdn.s3waas.gov.in/s30e65972dce68dad4d52d063967f0a705/uploads/2021/04/2021040462.pdf,BDC RJP KNP D 25-Mar-2021 19-33-00(1) (4 MB),not_attempted
Kanpur Dehat,https://kanpurdehat.nic.in/hi/notice/%E0%A4%AA%E0%A4%82%E0%A4%9A%E0%A4%BE%E0%A4%AF%E0%A4%A4-%E0%A4%A8%E0%A4%BF%E0%A4%B0%E0%A5%8D%E0%A4%B5%E0%A4%BE%E0%A4%9A%E0%A4%A8-2021-%E0%A4%86%E0%A4%B0%E0%A4%95%E0%A5%8D%E0%A4%B7%E0%A4%A3/,20220703234308,2ddd607be49712e4195ea4ef820d61c037ab6a96b8f22af9d46d3775b4b27495,https://cdn.s3waas.gov.in/s30e65972dce68dad4d52d063967f0a705/uploads/2021/04/2021040462.pdf,,not_attempted
Kanpur Dehat,https://kanpurdehat.nic.in/hi/notice/%E0%A4%AA%E0%A4%82%E0%A4%9A%E0%A4%BE%E0%A4%AF%E0%A4%A4-%E0%A4%A8%E0%A4%BF%E0%A4%B0%E0%A5%8D%E0%A4%B5%E0%A4%BE%E0%A4%9A%E0%A4%A8-2021-%E0%A4%86%E0%A4%B0%E0%A4%95%E0%A5%8D%E0%A4%B7%E0%A4%A3/,20220703234308,2ddd607be49712e4195ea4ef820d61c037ab6a96b8f22af9d46d3775b4b27495,https://cdn.s3waas.gov.in/s30e65972dce68dad4d52d063967f0a705/uploads/2021/04/2021040412-1.pdf,BDC SNDLP KNP D 25-Mar-2021 19-44-43(1) (3 MB),not_attempted
Kanpur Dehat,https://kanpurdehat.nic.in/hi/notice/%E0%A4%AA%E0%A4%82%E0%A4%9A%E0%A4%BE%E0%A4%AF%E0%A4%A4-%E0%A4%A8%E0%A4%BF%E0%A4%B0%E0%A5%8D%E0%A4%B5%E0%A4%BE%E0%A4%9A%E0%A4%A8-2021-%E0%A4%86%E0%A4%B0%E0%A4%95%E0%A5%8D%E0%A4%B7%E0%A4%A3/,20220703234308,2ddd607be49712e4195ea4ef820d61c037ab6a96b8f22af9d46d3775b4b27495,https://cdn.s3waas.gov.in/s30e65972dce68dad4d52d063967f0a705/uploads/2021/04/2021040412-1.pdf,,not_attempted
Kanpur Dehat,https://kanpurdehat.nic.in/hi/notice/%E0%A4%AA%E0%A4%82%E0%A4%9A%E0%A4%BE%E0%A4%AF%E0%A4%A4-%E0%A4%A8%E0%A4%BF%E0%A4%B0%E0%A5%8D%E0%A4%B5%E0%A4%BE%E0%A4%9A%E0%A4%A8-2021-%E0%A4%86%E0%A4%B0%E0%A4%95%E0%A5%8D%E0%A4%B7%E0%A4%A3/,20220703234308,2ddd607be49712e4195ea4ef820d61c037ab6a96b8f22af9d46d3775b4b27495,https://cdn.s3waas.gov.in/s30e65972dce68dad4d52d063967f0a705/uploads/2021/04/2021040477.pdf,Pradhan Akb Knp d 25-Mar-2021 19-15-08(1) (2 MB),not_attempted
Kanpur Dehat,https://kanpurdehat.nic.in/hi/notice/%E0%A4%AA%E0%A4%82%E0%A4%9A%E0%A4%BE%E0%A4%AF%E0%A4%A4-%E0%A4%A8%E0%A4%BF%E0%A4%B0%E0%A5%8D%E0%A4%B5%E0%A4%BE%E0%A4%9A%E0%A4%A8-2021-%E0%A4%86%E0%A4%B0%E0%A4%95%E0%A5%8D%E0%A4%B7%E0%A4%A3/,20220703234308,2ddd607be49712e4195ea4ef820d61c037ab6a96b8f22af9d46d3775b4b27495,https://cdn.s3waas.gov.in/s30e65972dce68dad4d52d063967f0a705/uploads/2021/04/2021040477.pdf,,not_attempted
Kanpur Dehat,https://kanpurdehat.nic.in/hi/notice/%E0%A4%AA%E0%A4%82%E0%A4%9A%E0%A4%BE%E0%A4%AF%E0%A4%A4-%E0%A4%A8%E0%A4%BF%E0%A4%B0%E0%A5%8D%E0%A4%B5%E0%A4%BE%E0%A4%9A%E0%A4%A8-2021-%E0%A4%86%E0%A4%B0%E0%A4%95%E0%A5%8D%E0%A4%B7%E0%A4%A3/,20220703234308,2ddd607be49712e4195ea4ef820d61c037ab6a96b8f22af9d46d3775b4b27495,https://cdn.s3waas.gov.in/s30e65972dce68dad4d52d063967f0a705/uploads/2021/04/2021040491-1.pdf,Pradhan SRK Knp D 25-Mar-2021 19-25-22(1) (2 MB),not_attempted
Kanpur Dehat,https://kanpurdehat.nic.in/hi/notice/%E0%A4%AA%E0%A4%82%E0%A4%9A%E0%A4%BE%E0%A4%AF%E0%A4%A4-%E0%A4%A8%E0%A4%BF%E0%A4%B0%E0%A5%8D%E0%A4%B5%E0%A4%BE%E0%A4%9A%E0%A4%A8-2021-%E0%A4%86%E0%A4%B0%E0%A4%95%E0%A5%8D%E0%A4%B7%E0%A4%A3/,20220703234308,2ddd607be49712e4195ea4ef820d61c037ab6a96b8f22af9d46d3775b4b27495,https://cdn.s3waas.gov.in/s30e65972dce68dad4d52d063967f0a705/uploads/2021/04/2021040491-1.pdf,,not_attempted
Kanpur Dehat,https://kanpurdehat.nic.in/hi/notice/%E0%A4%AA%E0%A4%82%E0%A4%9A%E0%A4%BE%E0%A4%AF%E0%A4%A4-%E0%A4%A8%E0%A4%BF%E0%A4%B0%E0%A5%8D%E0%A4%B5%E0%A4%BE%E0%A4%9A%E0%A4%A8-2021-%E0%A4%86%E0%A4%B0%E0%A4%95%E0%A5%8D%E0%A4%B7%E0%A4%A3/,20220703234308,2ddd607be49712e4195ea4ef820d61c037ab6a96b8f22af9d46d3775b4b27495,https://cdn.s3waas.gov.in/s30e65972dce68dad4d52d063967f0a705/uploads/2021/04/2021040468.pdf,Pradhan AMR Knp D 25-Mar-2021 19-17-44(1) (2 MB),not_attempted
Kanpur Dehat,https://kanpurdehat.nic.in/hi/notice/%E0%A4%AA%E0%A4%82%E0%A4%9A%E0%A4%BE%E0%A4%AF%E0%A4%A4-%E0%A4%A8%E0%A4%BF%E0%A4%B0%E0%A5%8D%E0%A4%B5%E0%A4%BE%E0%A4%9A%E0%A4%A8-2021-%E0%A4%86%E0%A4%B0%E0%A4%95%E0%A5%8D%E0%A4%B7%E0%A4%A3/,20220703234308,2ddd607be49712e4195ea4ef820d61c037ab6a96b8f22af9d46d3775b4b27495,https://cdn.s3waas.gov.in/s30e65972dce68dad4d52d063967f0a705/uploads/2021/04/2021040468.pdf,,not_attempted
Kanpur Dehat,https://kanpurdehat.nic.in/hi/notice/%E0%A4%AA%E0%A4%82%E0%A4%9A%E0%A4%BE%E0%A4%AF%E0%A4%A4-%E0%A4%A8%E0%A4%BF%E0%A4%B0%E0%A5%8D%E0%A4%B5%E0%A4%BE%E0%A4%9A%E0%A4%A8-2021-%E0%A4%86%E0%A4%B0%E0%A4%95%E0%A5%8D%E0%A4%B7%E0%A4%A3/,20220703234308,2ddd607be49712e4195ea4ef820d61c037ab6a96b8f22af9d46d3775b4b27495,https://cdn.s3waas.gov.in/s30e65972dce68dad4d52d063967f0a705/uploads/2021/04/2021040494.pdf,Pradhan MLS Knp D 25-Mar-2021 19-13-16(1) (2 MB),not_attempted
Kanpur Dehat,https://kanpurdehat.nic.in/hi/notice/%E0%A4%AA%E0%A4%82%E0%A4%9A%E0%A4%BE%E0%A4%AF%E0%A4%A4-%E0%A4%A8%E0%A4%BF%E0%A4%B0%E0%A5%8D%E0%A4%B5%E0%A4%BE%E0%A4%9A%E0%A4%A8-2021-%E0%A4%86%E0%A4%B0%E0%A4%95%E0%A5%8D%E0%A4%B7%E0%A4%A3/,20220703234308,2ddd607be49712e4195ea4ef820d61c037ab6a96b8f22af9d46d3775b4b27495,https://cdn.s3waas.gov.in/s30e65972dce68dad4d52d063967f0a705/uploads/2021/04/2021040494.pdf,,not_attempted
Kanpur Dehat,https://kanpurdehat.nic.in/hi/notice/%E0%A4%AA%E0%A4%82%E0%A4%9A%E0%A4%BE%E0%A4%AF%E0%A4%A4-%E0%A4%A8%E0%A4%BF%E0%A4%B0%E0%A5%8D%E0%A4%B5%E0%A4%BE%E0%A4%9A%E0%A4%A8-2021-%E0%A4%86%E0%A4%B0%E0%A4%95%E0%A5%8D%E0%A4%B7%E0%A4%A3/,20220703234308,2ddd607be49712e4195ea4ef820d61c037ab6a96b8f22af9d46d3775b4b27495,https://cdn.s3waas.gov.in/s30e65972dce68dad4d52d063967f0a705/uploads/2021/04/2021040493-1.pdf,Pradhan DRP Knp D 25-Mar-2021 19-18-50(1) (2 MB),not_attempted
Kanpur Dehat,https://kanpurdehat.nic.in/hi/notice/%E0%A4%AA%E0%A4%82%E0%A4%9A%E0%A4%BE%E0%A4%AF%E0%A4%A4-%E0%A4%A8%E0%A4%BF%E0%A4%B0%E0%A5%8D%E0%A4%B5%E0%A4%BE%E0%A4%9A%E0%A4%A8-2021-%E0%A4%86%E0%A4%B0%E0%A4%95%E0%A5%8D%E0%A4%B7%E0%A4%A3/,20220703234308,2ddd607be49712e4195ea4ef820d61c037ab6a96b8f22af9d46d3775b4b27495,https://cdn.s3waas.gov.in/s30e65972dce68dad4d52d063967f0a705/uploads/2021/04/2021040493-1.pdf,,not_attempted
Kanpur Dehat,https://kanpurdehat.nic.in/hi/notice/%E0%A4%AA%E0%A4%82%E0%A4%9A%E0%A4%BE%E0%A4%AF%E0%A4%A4-%E0%A4%A8%E0%A4%BF%E0%A4%B0%E0%A5%8D%E0%A4%B5%E0%A4%BE%E0%A4%9A%E0%A4%A8-2021-%E0%A4%86%E0%A4%B0%E0%A4%95%E0%A5%8D%E0%A4%B7%E0%A4%A3/,20220703234308,2ddd607be49712e4195ea4ef820d61c037ab6a96b8f22af9d46d3775b4b27495,https://cdn.s3waas.gov.in/s30e65972dce68dad4d52d063967f0a705/uploads/2021/04/2021040466.pdf,Pradhan JHK Knp d 25-Mar-2021 19-21-44(1) (2 MB),not_attempted
Kanpur Dehat,https://kanpurdehat.nic.in/hi/notice/%E0%A4%AA%E0%A4%82%E0%A4%9A%E0%A4%BE%E0%A4%AF%E0%A4%A4-%E0%A4%A8%E0%A4%BF%E0%A4%B0%E0%A5%8D%E0%A4%B5%E0%A4%BE%E0%A4%9A%E0%A4%A8-2021-%E0%A4%86%E0%A4%B0%E0%A4%95%E0%A5%8D%E0%A4%B7%E0%A4%A3/,20220703234308,2ddd607be49712e4195ea4ef820d61c037ab6a96b8f22af9d46d3775b4b27495,https://cdn.s3waas.gov.in/s30e65972dce68dad4d52d063967f0a705/uploads/2021/04/2021040466.pdf,,not_attempted
Kanpur Dehat,https://kanpurdehat.nic.in/hi/notice/%E0%A4%AA%E0%A4%82%E0%A4%9A%E0%A4%BE%E0%A4%AF%E0%A4%A4-%E0%A4%A8%E0%A4%BF%E0%A4%B0%E0%A5%8D%E0%A4%B5%E0%A4%BE%E0%A4%9A%E0%A4%A8-2021-%E0%A4%86%E0%A4%B0%E0%A4%95%E0%A5%8D%E0%A4%B7%E0%A4%A3/,20220703234308,2ddd607be49712e4195ea4ef820d61c037ab6a96b8f22af9d46d3775b4b27495,https://cdn.s3waas.gov.in/s30e65972dce68dad4d52d063967f0a705/uploads/2021/04/2021040443-1.pdf,PRADHAN MTH KNP D 25-Mar-2021 19-48-10(1) (2 MB),not_attempted
Kanpur Dehat,https://kanpurdehat.nic.in/hi/notice/%E0%A4%AA%E0%A4%82%E0%A4%9A%E0%A4%BE%E0%A4%AF%E0%A4%A4-%E0%A4%A8%E0%A4%BF%E0%A4%B0%E0%A5%8D%E0%A4%B5%E0%A4%BE%E0%A4%9A%E0%A4%A8-2021-%E0%A4%86%E0%A4%B0%E0%A4%95%E0%A5%8D%E0%A4%B7%E0%A4%A3/,20220703234308,2ddd607be49712e4195ea4ef820d61c037ab6a96b8f22af9d46d3775b4b27495,https://cdn.s3waas.gov.in/s30e65972dce68dad4d52d063967f0a705/uploads/2021/04/2021040443-1.pdf,,not_attempted
Kanpur Dehat,https://kanpurdehat.nic.in/hi/notice/%E0%A4%AA%E0%A4%82%E0%A4%9A%E0%A4%BE%E0%A4%AF%E0%A4%A4-%E0%A4%A8%E0%A4%BF%E0%A4%B0%E0%A5%8D%E0%A4%B5%E0%A4%BE%E0%A4%9A%E0%A4%A8-2021-%E0%A4%86%E0%A4%B0%E0%A4%95%E0%A5%8D%E0%A4%B7%E0%A4%A3/,20220703234308,2ddd607be49712e4195ea4ef820d61c037ab6a96b8f22af9d46d3775b4b27495,https://cdn.s3waas.gov.in/s30e65972dce68dad4d52d063967f0a705/uploads/2021/04/2021040485.pdf,Pradhan RSL Knp D 25-Mar-2021 19-23-29(1) (3 MB),not_attempted
Kanpur Dehat,https://kanpurdehat.nic.in/hi/notice/%E0%A4%AA%E0%A4%82%E0%A4%9A%E0%A4%BE%E0%A4%AF%E0%A4%A4-%E0%A4%A8%E0%A4%BF%E0%A4%B0%E0%A5%8D%E0%A4%B5%E0%A4%BE%E0%A4%9A%E0%A4%A8-2021-%E0%A4%86%E0%A4%B0%E0%A4%95%E0%A5%8D%E0%A4%B7%E0%A4%A3/,20220703234308,2ddd607be49712e4195ea4ef820d61c037ab6a96b8f22af9d46d3775b4b27495,https://cdn.s3waas.gov.in/s30e65972dce68dad4d52d063967f0a705/uploads/2021/04/2021040485.pdf,,not_attempted
Kanpur Dehat,https://kanpurdehat.nic.in/hi/notice/%E0%A4%AA%E0%A4%82%E0%A4%9A%E0%A4%BE%E0%A4%AF%E0%A4%A4-%E0%A4%A8%E0%A4%BF%E0%A4%B0%E0%A5%8D%E0%A4%B5%E0%A4%BE%E0%A4%9A%E0%A4%A8-2021-%E0%A4%86%E0%A4%B0%E0%A4%95%E0%A5%8D%E0%A4%B7%E0%A4%A3/,20220703234308,2ddd607be49712e4195ea4ef820d61c037ab6a96b8f22af9d46d3775b4b27495,https://cdn.s3waas.gov.in/s30e65972dce68dad4d52d063967f0a705/uploads/2021/04/2021040410.pdf,Pradhan Rjp Knp D 25-Mar-2021 19-16-17(1) (2 MB),not_attempted
Kanpur Dehat,https://kanpurdehat.nic.in/hi/notice/%E0%A4%AA%E0%A4%82%E0%A4%9A%E0%A4%BE%E0%A4%AF%E0%A4%A4-%E0%A4%A8%E0%A4%BF%E0%A4%B0%E0%A5%8D%E0%A4%B5%E0%A4%BE%E0%A4%9A%E0%A4%A8-2021-%E0%A4%86%E0%A4%B0%E0%A4%95%E0%A5%8D%E0%A4%B7%E0%A4%A3/,20220703234308,2ddd607be49712e4195ea4ef820d61c037ab6a96b8f22af9d46d3775b4b27495,https://cdn.s3waas.gov.in/s30e65972dce68dad4d52d063967f0a705/uploads/2021/04/2021040410.pdf,,not_attempted
Kanpur Dehat,https://kanpurdehat.nic.in/hi/notice/%E0%A4%AA%E0%A4%82%E0%A4%9A%E0%A4%BE%E0%A4%AF%E0%A4%A4-%E0%A4%A8%E0%A4%BF%E0%A4%B0%E0%A5%8D%E0%A4%B5%E0%A4%BE%E0%A4%9A%E0%A4%A8-2021-%E0%A4%86%E0%A4%B0%E0%A4%95%E0%A5%8D%E0%A4%B7%E0%A4%A3/,20220703234308,2ddd607be49712e4195ea4ef820d61c037ab6a96b8f22af9d46d3775b4b27495,https://cdn.s3waas.gov.in/s30e65972dce68dad4d52d063967f0a705/uploads/2021/04/2021040470.pdf,Pradhan Sndlp Knp D 25-Mar-2021 19-20-40(1) (2 MB),not_attempted
Kanpur Dehat,https://kanpurdehat.nic.in/hi/notice/%E0%A4%AA%E0%A4%82%E0%A4%9A%E0%A4%BE%E0%A4%AF%E0%A4%A4-%E0%A4%A8%E0%A4%BF%E0%A4%B0%E0%A5%8D%E0%A4%B5%E0%A4%BE%E0%A4%9A%E0%A4%A8-2021-%E0%A4%86%E0%A4%B0%E0%A4%95%E0%A5%8D%E0%A4%B7%E0%A4%A3/,20220703234308,2ddd607be49712e4195ea4ef820d61c037ab6a96b8f22af9d46d3775b4b27495,https://cdn.s3waas.gov.in/s30e65972dce68dad4d52d063967f0a705/uploads/2021/04/2021040470.pdf,,not_attempted
Bara Banki,https://barabanki.nic.in/hi/%E0%A4%AA%E0%A4%82%E0%A4%9A%E0%A4%BE%E0%A4%AF%E0%A4%A4-%E0%A4%A8%E0%A4%BF%E0%A4%B0%E0%A5%8D%E0%A4%B5%E0%A4%BE%E0%A4%9A%E0%A4%A8-%E0%A4%86%E0%A4%B0%E0%A4%95%E0%A5%8D%E0%A4%B7%E0%A4%A3-2021/,20221203063155,c130564c9f57f98124296c0f0b8efa0ab1bc0d02bebfec9f3ff162d37557a464,https://cdn.s3waas.gov.in/s3705f2172834666788607efbfca35afb3/uploads/2021/03/2021032045.pdf,बी.डी.सी. – बंकी,not_attempted
Bara Banki,https://barabanki.nic.in/hi/%E0%A4%AA%E0%A4%82%E0%A4%9A%E0%A4%BE%E0%A4%AF%E0%A4%A4-%E0%A4%A8%E0%A4%BF%E0%A4%B0%E0%A5%8D%E0%A4%B5%E0%A4%BE%E0%A4%9A%E0%A4%A8-%E0%A4%86%E0%A4%B0%E0%A4%95%E0%A5%8D%E0%A4%B7%E0%A4%A3-2021/,20221203063155,c130564c9f57f98124296c0f0b8efa0ab1bc0d02bebfec9f3ff162d37557a464,https://cdn.s3waas.gov.in/s3705f2172834666788607efbfca35afb3/uploads/2021/03/2021032043.pdf,बी.डी.सी. – मसौली,not_attempted
Bara Banki,https://barabanki.nic.in/hi/%E0%A4%AA%E0%A4%82%E0%A4%9A%E0%A4%BE%E0%A4%AF%E0%A4%A4-%E0%A4%A8%E0%A4%BF%E0%A4%B0%E0%A5%8D%E0%A4%B5%E0%A4%BE%E0%A4%9A%E0%A4%A8-%E0%A4%86%E0%A4%B0%E0%A4%95%E0%A5%8D%E0%A4%B7%E0%A4%A3-2021/,20221203063155,c130564c9f57f98124296c0f0b8efa0ab1bc0d02bebfec9f3ff162d37557a464,https://cdn.s3waas.gov.in/s3705f2172834666788607efbfca35afb3/uploads/2021/03/2021032031.pdf,बी.डी.सी. – देवा,not_attempted
Bara Banki,https://barabanki.nic.in/hi/%E0%A4%AA%E0%A4%82%E0%A4%9A%E0%A4%BE%E0%A4%AF%E0%A4%A4-%E0%A4%A8%E0%A4%BF%E0%A4%B0%E0%A5%8D%E0%A4%B5%E0%A4%BE%E0%A4%9A%E0%A4%A8-%E0%A4%86%E0%A4%B0%E0%A4%95%E0%A5%8D%E0%A4%B7%E0%A4%A3-2021/,20221203063155,c130564c9f57f98124296c0f0b8efa0ab1bc0d02bebfec9f3ff162d37557a464,https://cdn.s3waas.gov.in/s3705f2172834666788607efbfca35afb3/uploads/2021/03/2021032066.pdf,बी.डी.सी. – हरख,not_attempted
Bara Banki,https://barabanki.nic.in/hi/%E0%A4%AA%E0%A4%82%E0%A4%9A%E0%A4%BE%E0%A4%AF%E0%A4%A4-%E0%A4%A8%E0%A4%BF%E0%A4%B0%E0%A5%8D%E0%A4%B5%E0%A4%BE%E0%A4%9A%E0%A4%A8-%E0%A4%86%E0%A4%B0%E0%A4%95%E0%A5%8D%E0%A4%B7%E0%A4%A3-2021/,20221203063155,c130564c9f57f98124296c0f0b8efa0ab1bc0d02bebfec9f3ff162d37557a464,https://cdn.s3waas.gov.in/s3705f2172834666788607efbfca35afb3/uploads/2021/03/2021032067.pdf,बी.डी.सी. – फतेहपुर,not_attempted
Bara Banki,https://barabanki.nic.in/hi/%E0%A4%AA%E0%A4%82%E0%A4%9A%E0%A4%BE%E0%A4%AF%E0%A4%A4-%E0%A4%A8%E0%A4%BF%E0%A4%B0%E0%A5%8D%E0%A4%B5%E0%A4%BE%E0%A4%9A%E0%A4%A8-%E0%A4%86%E0%A4%B0%E0%A4%95%E0%A5%8D%E0%A4%B7%E0%A4%A3-2021/,20221203063155,c130564c9f57f98124296c0f0b8efa0ab1bc0d02bebfec9f3ff162d37557a464,https://cdn.s3waas.gov.in/s3705f2172834666788607efbfca35afb3/uploads/2021/03/2021032089.pdf,बी.डी.सी. – हैदरगढ़,not_attempted
Bara Banki,https://barabanki.nic.in/hi/%E0%A4%AA%E0%A4%82%E0%A4%9A%E0%A4%BE%E0%A4%AF%E0%A4%A4-%E0%A4%A8%E0%A4%BF%E0%A4%B0%E0%A5%8D%E0%A4%B5%E0%A4%BE%E0%A4%9A%E0%A4%A8-%E0%A4%86%E0%A4%B0%E0%A4%95%E0%A5%8D%E0%A4%B7%E0%A4%A3-2021/,20221203063155,c130564c9f57f98124296c0f0b8efa0ab1bc0d02bebfec9f3ff162d37557a464,https://cdn.s3waas.gov.in/s3705f2172834666788607efbfca35afb3/uploads/2021/03/2021032062.pdf,बी.डी.सी. – दरियाबाद,not_attempted
Bara Banki,https://barabanki.nic.in/hi/%E0%A4%AA%E0%A4%82%E0%A4%9A%E0%A4%BE%E0%A4%AF%E0%A4%A4-%E0%A4%A8%E0%A4%BF%E0%A4%B0%E0%A5%8D%E0%A4%B5%E0%A4%BE%E0%A4%9A%E0%A4%A8-%E0%A4%86%E0%A4%B0%E0%A4%95%E0%A5%8D%E0%A4%B7%E0%A4%A3-2021/,20221203063155,c130564c9f57f98124296c0f0b8efa0ab1bc0d02bebfec9f3ff162d37557a464,https://cdn.s3waas.gov.in/s3705f2172834666788607efbfca35afb3/uploads/2021/03/2021032087.pdf,बी.डी.सी. – सूरतगंज,not_attempted
Bara Banki,https://barabanki.nic.in/hi/%E0%A4%AA%E0%A4%82%E0%A4%9A%E0%A4%BE%E0%A4%AF%E0%A4%A4-%E0%A4%A8%E0%A4%BF%E0%A4%B0%E0%A5%8D%E0%A4%B5%E0%A4%BE%E0%A4%9A%E0%A4%A8-%E0%A4%86%E0%A4%B0%E0%A4%95%E0%A5%8D%E0%A4%B7%E0%A4%A3-2021/,20221203063155,c130564c9f57f98124296c0f0b8efa0ab1bc0d02bebfec9f3ff162d37557a464,https://cdn.s3waas.gov.in/s3705f2172834666788607efbfca35afb3/uploads/2021/03/2021032087-1.pdf,बी.डी.सी. – सिद्धौर,not_attempted
Bara Banki,https://barabanki.nic.in/hi/%E0%A4%AA%E0%A4%82%E0%A4%9A%E0%A4%BE%E0%A4%AF%E0%A4%A4-%E0%A4%A8%E0%A4%BF%E0%A4%B0%E0%A5%8D%E0%A4%B5%E0%A4%BE%E0%A4%9A%E0%A4%A8-%E0%A4%86%E0%A4%B0%E0%A4%95%E0%A5%8D%E0%A4%B7%E0%A4%A3-2021/,20221203063155,c130564c9f57f98124296c0f0b8efa0ab1bc0d02bebfec9f3ff162d37557a464,https://cdn.s3waas.gov.in/s3705f2172834666788607efbfca35afb3/uploads/2021/03/2021032082.pdf,बी.डी.सी. – पूरे डलई,not_attempted
Bara Banki,https://barabanki.nic.in/hi/%E0%A4%AA%E0%A4%82%E0%A4%9A%E0%A4%BE%E0%A4%AF%E0%A4%A4-%E0%A4%A8%E0%A4%BF%E0%A4%B0%E0%A5%8D%E0%A4%B5%E0%A4%BE%E0%A4%9A%E0%A4%A8-%E0%A4%86%E0%A4%B0%E0%A4%95%E0%A5%8D%E0%A4%B7%E0%A4%A3-2021/,20221203063155,c130564c9f57f98124296c0f0b8efa0ab1bc0d02bebfec9f3ff162d37557a464,https://cdn.s3waas.gov.in/s3705f2172834666788607efbfca35afb3/uploads/2021/03/2021032089-1.pdf,बी.डी.सी. – निन्दूरा,not_attempted
Bara Banki,https://barabanki.nic.in/hi/%E0%A4%AA%E0%A4%82%E0%A4%9A%E0%A4%BE%E0%A4%AF%E0%A4%A4-%E0%A4%A8%E0%A4%BF%E0%A4%B0%E0%A5%8D%E0%A4%B5%E0%A4%BE%E0%A4%9A%E0%A4%A8-%E0%A4%86%E0%A4%B0%E0%A4%95%E0%A5%8D%E0%A4%B7%E0%A4%A3-2021/,20221203063155,c130564c9f57f98124296c0f0b8efa0ab1bc0d02bebfec9f3ff162d37557a464,https://cdn.s3waas.gov.in/s3705f2172834666788607efbfca35afb3/uploads/2021/03/2021032061.pdf,बी.डी.सी. – त्रिवेदीगंज,not_attempted
Bara Banki,https://barabanki.nic.in/hi/%E0%A4%AA%E0%A4%82%E0%A4%9A%E0%A4%BE%E0%A4%AF%E0%A4%A4-%E0%A4%A8%E0%A4%BF%E0%A4%B0%E0%A5%8D%E0%A4%B5%E0%A4%BE%E0%A4%9A%E0%A4%A8-%E0%A4%86%E0%A4%B0%E0%A4%95%E0%A5%8D%E0%A4%B7%E0%A4%A3-2021/,20221203063155,c130564c9f57f98124296c0f0b8efa0ab1bc0d02bebfec9f3ff162d37557a464,https://cdn.s3waas.gov.in/s3705f2172834666788607efbfca35afb3/uploads/2021/03/2021032026.pdf,बी.डी.सी. – रामनगर,not_attempted
Bara Banki,https://barabanki.nic.in/hi/%E0%A4%AA%E0%A4%82%E0%A4%9A%E0%A4%BE%E0%A4%AF%E0%A4%A4-%E0%A4%A8%E0%A4%BF%E0%A4%B0%E0%A5%8D%E0%A4%B5%E0%A4%BE%E0%A4%9A%E0%A4%A8-%E0%A4%86%E0%A4%B0%E0%A4%95%E0%A5%8D%E0%A4%B7%E0%A4%A3-2021/,20221203063155,c130564c9f57f98124296c0f0b8efa0ab1bc0d02bebfec9f3ff162d37557a464,https://cdn.s3waas.gov.in/s3705f2172834666788607efbfca35afb3/uploads/2021/03/2021032081.pdf,बी.डी.सी. – सिरौली ग़ौसपुर,not_attempted
Bara Banki,https://barabanki.nic.in/hi/%E0%A4%AA%E0%A4%82%E0%A4%9A%E0%A4%BE%E0%A4%AF%E0%A4%A4-%E0%A4%A8%E0%A4%BF%E0%A4%B0%E0%A5%8D%E0%A4%B5%E0%A4%BE%E0%A4%9A%E0%A4%A8-%E0%A4%86%E0%A4%B0%E0%A4%95%E0%A5%8D%E0%A4%B7%E0%A4%A3-2021/,20221203063155,c130564c9f57f98124296c0f0b8efa0ab1bc0d02bebfec9f3ff162d37557a464,https://cdn.s3waas.gov.in/s3705f2172834666788607efbfca35afb3/uploads/2021/03/2021032098.pdf,बी.डी.सी. – बनीकोडर,not_attempted
Bara Banki,https://barabanki.nic.in/hi/%E0%A4%AA%E0%A4%82%E0%A4%9A%E0%A4%BE%E0%A4%AF%E0%A4%A4-%E0%A4%A8%E0%A4%BF%E0%A4%B0%E0%A5%8D%E0%A4%B5%E0%A4%BE%E0%A4%9A%E0%A4%A8-%E0%A4%86%E0%A4%B0%E0%A4%95%E0%A5%8D%E0%A4%B7%E0%A4%A3-2021/,20221203063155,c130564c9f57f98124296c0f0b8efa0ab1bc0d02bebfec9f3ff162d37557a464,https://cdn.s3waas.gov.in/s3705f2172834666788607efbfca35afb3/uploads/2021/03/2021032027.pdf,प्रधान – बंकी,not_attempted
Bara Banki,https://barabanki.nic.in/hi/%E0%A4%AA%E0%A4%82%E0%A4%9A%E0%A4%BE%E0%A4%AF%E0%A4%A4-%E0%A4%A8%E0%A4%BF%E0%A4%B0%E0%A5%8D%E0%A4%B5%E0%A4%BE%E0%A4%9A%E0%A4%A8-%E0%A4%86%E0%A4%B0%E0%A4%95%E0%A5%8D%E0%A4%B7%E0%A4%A3-2021/,20221203063155,c130564c9f57f98124296c0f0b8efa0ab1bc0d02bebfec9f3ff162d37557a464,https://cdn.s3waas.gov.in/s3705f2172834666788607efbfca35afb3/uploads/2021/03/2021032059.pdf,प्रधान – मसौली,not_attempted
Bara Banki,https://barabanki.nic.in/hi/%E0%A4%AA%E0%A4%82%E0%A4%9A%E0%A4%BE%E0%A4%AF%E0%A4%A4-%E0%A4%A8%E0%A4%BF%E0%A4%B0%E0%A5%8D%E0%A4%B5%E0%A4%BE%E0%A4%9A%E0%A4%A8-%E0%A4%86%E0%A4%B0%E0%A4%95%E0%A5%8D%E0%A4%B7%E0%A4%A3-2021/,20221203063155,c130564c9f57f98124296c0f0b8efa0ab1bc0d02bebfec9f3ff162d37557a464,https://cdn.s3waas.gov.in/s3705f2172834666788607efbfca35afb3/uploads/2021/03/2021032049.pdf,प्रधान – देवा,not_attempted
Bara Banki,https://barabanki.nic.in/hi/%E0%A4%AA%E0%A4%82%E0%A4%9A%E0%A4%BE%E0%A4%AF%E0%A4%A4-%E0%A4%A8%E0%A4%BF%E0%A4%B0%E0%A5%8D%E0%A4%B5%E0%A4%BE%E0%A4%9A%E0%A4%A8-%E0%A4%86%E0%A4%B0%E0%A4%95%E0%A5%8D%E0%A4%B7%E0%A4%A3-2021/,20221203063155,c130564c9f57f98124296c0f0b8efa0ab1bc0d02bebfec9f3ff162d37557a464,https://cdn.s3waas.gov.in/s3705f2172834666788607efbfca35afb3/uploads/2021/03/2021032075.pdf,प्रधान – हरख,not_attempted
Bara Banki,https://barabanki.nic.in/hi/%E0%A4%AA%E0%A4%82%E0%A4%9A%E0%A4%BE%E0%A4%AF%E0%A4%A4-%E0%A4%A8%E0%A4%BF%E0%A4%B0%E0%A5%8D%E0%A4%B5%E0%A4%BE%E0%A4%9A%E0%A4%A8-%E0%A4%86%E0%A4%B0%E0%A4%95%E0%A5%8D%E0%A4%B7%E0%A4%A3-2021/,20221203063155,c130564c9f57f98124296c0f0b8efa0ab1bc0d02bebfec9f3ff162d37557a464,https://cdn.s3waas.gov.in/s3705f2172834666788607efbfca35afb3/uploads/2021/03/2021032095.pdf,प्रधान – फतेहपुर,not_attempted
Bara Banki,https://barabanki.nic.in/hi/%E0%A4%AA%E0%A4%82%E0%A4%9A%E0%A4%BE%E0%A4%AF%E0%A4%A4-%E0%A4%A8%E0%A4%BF%E0%A4%B0%E0%A5%8D%E0%A4%B5%E0%A4%BE%E0%A4%9A%E0%A4%A8-%E0%A4%86%E0%A4%B0%E0%A4%95%E0%A5%8D%E0%A4%B7%E0%A4%A3-2021/,20221203063155,c130564c9f57f98124296c0f0b8efa0ab1bc0d02bebfec9f3ff162d37557a464,https://cdn.s3waas.gov.in/s3705f2172834666788607efbfca35afb3/uploads/2021/03/2021032067-1.pdf,प्रधान – हैदरगढ़,not_attempted
Bara Banki,https://barabanki.nic.in/hi/%E0%A4%AA%E0%A4%82%E0%A4%9A%E0%A4%BE%E0%A4%AF%E0%A4%A4-%E0%A4%A8%E0%A4%BF%E0%A4%B0%E0%A5%8D%E0%A4%B5%E0%A4%BE%E0%A4%9A%E0%A4%A8-%E0%A4%86%E0%A4%B0%E0%A4%95%E0%A5%8D%E0%A4%B7%E0%A4%A3-2021/,20221203063155,c130564c9f57f98124296c0f0b8efa0ab1bc0d02bebfec9f3ff162d37557a464,https://cdn.s3waas.gov.in/s3705f2172834666788607efbfca35afb3/uploads/2021/03/2021032027-1.pdf,प्रधान – दरियाबाद,not_attempted
Bara Banki,https://barabanki.nic.in/hi/%E0%A4%AA%E0%A4%82%E0%A4%9A%E0%A4%BE%E0%A4%AF%E0%A4%A4-%E0%A4%A8%E0%A4%BF%E0%A4%B0%E0%A5%8D%E0%A4%B5%E0%A4%BE%E0%A4%9A%E0%A4%A8-%E0%A4%86%E0%A4%B0%E0%A4%95%E0%A5%8D%E0%A4%B7%E0%A4%A3-2021/,20221203063155,c130564c9f57f98124296c0f0b8efa0ab1bc0d02bebfec9f3ff162d37557a464,https://cdn.s3waas.gov.in/s3705f2172834666788607efbfca35afb3/uploads/2021/03/2021032046.pdf,प्रधान – सूरतगंज,not_attempted
Bara Banki,https://barabanki.nic.in/hi/%E0%A4%AA%E0%A4%82%E0%A4%9A%E0%A4%BE%E0%A4%AF%E0%A4%A4-%E0%A4%A8%E0%A4%BF%E0%A4%B0%E0%A5%8D%E0%A4%B5%E0%A4%BE%E0%A4%9A%E0%A4%A8-%E0%A4%86%E0%A4%B0%E0%A4%95%E0%A5%8D%E0%A4%B7%E0%A4%A3-2021/,20221203063155,c130564c9f57f98124296c0f0b8efa0ab1bc0d02bebfec9f3ff162d37557a464,https://cdn.s3waas.gov.in/s3705f2172834666788607efbfca35afb3/uploads/2021/03/2021032091.pdf,प्रधान – सिद्धौर,not_attempted
Bara Banki,https://barabanki.nic.in/hi/%E0%A4%AA%E0%A4%82%E0%A4%9A%E0%A4%BE%E0%A4%AF%E0%A4%A4-%E0%A4%A8%E0%A4%BF%E0%A4%B0%E0%A5%8D%E0%A4%B5%E0%A4%BE%E0%A4%9A%E0%A4%A8-%E0%A4%86%E0%A4%B0%E0%A4%95%E0%A5%8D%E0%A4%B7%E0%A4%A3-2021/,20221203063155,c130564c9f57f98124296c0f0b8efa0ab1bc0d02bebfec9f3ff162d37557a464,https://cdn.s3waas.gov.in/s3705f2172834666788607efbfca35afb3/uploads/2021/03/2021032052-1.pdf,प्रधान – पूरे डलई,not_attempted
Bara Banki,https://barabanki.nic.in/hi/%E0%A4%AA%E0%A4%82%E0%A4%9A%E0%A4%BE%E0%A4%AF%E0%A4%A4-%E0%A4%A8%E0%A4%BF%E0%A4%B0%E0%A5%8D%E0%A4%B5%E0%A4%BE%E0%A4%9A%E0%A4%A8-%E0%A4%86%E0%A4%B0%E0%A4%95%E0%A5%8D%E0%A4%B7%E0%A4%A3-2021/,20221203063155,c130564c9f57f98124296c0f0b8efa0ab1bc0d02bebfec9f3ff162d37557a464,https://cdn.s3waas.gov.in/s3705f2172834666788607efbfca35afb3/uploads/2021/03/2021032010.pdf,प्रधान – निन्दूरा,not_attempted
Bara Banki,https://barabanki.nic.in/hi/%E0%A4%AA%E0%A4%82%E0%A4%9A%E0%A4%BE%E0%A4%AF%E0%A4%A4-%E0%A4%A8%E0%A4%BF%E0%A4%B0%E0%A5%8D%E0%A4%B5%E0%A4%BE%E0%A4%9A%E0%A4%A8-%E0%A4%86%E0%A4%B0%E0%A4%95%E0%A5%8D%E0%A4%B7%E0%A4%A3-2021/,20221203063155,c130564c9f57f98124296c0f0b8efa0ab1bc0d02bebfec9f3ff162d37557a464,https://cdn.s3waas.gov.in/s3705f2172834666788607efbfca35afb3/uploads/2021/03/2021032079.pdf,प्रधान – त्रिवेदीगंज,not_attempted
Bara Banki,https://barabanki.nic.in/hi/%E0%A4%AA%E0%A4%82%E0%A4%9A%E0%A4%BE%E0%A4%AF%E0%A4%A4-%E0%A4%A8%E0%A4%BF%E0%A4%B0%E0%A5%8D%E0%A4%B5%E0%A4%BE%E0%A4%9A%E0%A4%A8-%E0%A4%86%E0%A4%B0%E0%A4%95%E0%A5%8D%E0%A4%B7%E0%A4%A3-2021/,20221203063155,c130564c9f57f98124296c0f0b8efa0ab1bc0d02bebfec9f3ff162d37557a464,https://cdn.s3waas.gov.in/s3705f2172834666788607efbfca35afb3/uploads/2021/03/2021032082-1.pdf,प्रधान – रामनगर,not_attempted
Bara Banki,https://barabanki.nic.in/hi/%E0%A4%AA%E0%A4%82%E0%A4%9A%E0%A4%BE%E0%A4%AF%E0%A4%A4-%E0%A4%A8%E0%A4%BF%E0%A4%B0%E0%A5%8D%E0%A4%B5%E0%A4%BE%E0%A4%9A%E0%A4%A8-%E0%A4%86%E0%A4%B0%E0%A4%95%E0%A5%8D%E0%A4%B7%E0%A4%A3-2021/,20221203063155,c130564c9f57f98124296c0f0b8efa0ab1bc0d02bebfec9f3ff162d37557a464,https://cdn.s3waas.gov.in/s3705f2172834666788607efbfca35afb3/uploads/2021/03/2021032056.pdf,प्रधान – सिरौली ग़ौसपुर,not_attempted
Bara Banki,https://barabanki.nic.in/hi/%E0%A4%AA%E0%A4%82%E0%A4%9A%E0%A4%BE%E0%A4%AF%E0%A4%A4-%E0%A4%A8%E0%A4%BF%E0%A4%B0%E0%A5%8D%E0%A4%B5%E0%A4%BE%E0%A4%9A%E0%A4%A8-%E0%A4%86%E0%A4%B0%E0%A4%95%E0%A5%8D%E0%A4%B7%E0%A4%A3-2021/,20221203063155,c130564c9f57f98124296c0f0b8efa0ab1bc0d02bebfec9f3ff162d37557a464,https://cdn.s3waas.gov.in/s3705f2172834666788607efbfca35afb3/uploads/2021/03/2021032038.pdf,प्रधान – बनीकोडर,not_attempted
Bara Banki,https://barabanki.nic.in/hi/%E0%A4%AA%E0%A4%82%E0%A4%9A%E0%A4%BE%E0%A4%AF%E0%A4%A4-%E0%A4%A8%E0%A4%BF%E0%A4%B0%E0%A5%8D%E0%A4%B5%E0%A4%BE%E0%A4%9A%E0%A4%A8-%E0%A4%86%E0%A4%B0%E0%A4%95%E0%A5%8D%E0%A4%B7%E0%A4%A3-2021/,20221203063155,c130564c9f57f98124296c0f0b8efa0ab1bc0d02bebfec9f3ff162d37557a464,https://cdn.s3waas.gov.in/s3705f2172834666788607efbfca35afb3/uploads/2021/03/2021032042.pdf,डी.डी.सी.,not_attempted
Bara Banki,https://barabanki.nic.in/hi/%E0%A4%AA%E0%A4%82%E0%A4%9A%E0%A4%BE%E0%A4%AF%E0%A4%A4-%E0%A4%A8%E0%A4%BF%E0%A4%B0%E0%A5%8D%E0%A4%B5%E0%A4%BE%E0%A4%9A%E0%A4%A8-%E0%A4%86%E0%A4%B0%E0%A4%95%E0%A5%8D%E0%A4%B7%E0%A4%A3-2021/,20221203063155,c130564c9f57f98124296c0f0b8efa0ab1bc0d02bebfec9f3ff162d37557a464,https://cdn.s3waas.gov.in/s3705f2172834666788607efbfca35afb3/uploads/2021/03/2021032078.pdf,प्रमुख,not_attempted
Mau,https://mau.nic.in/en/general-election-2021-reservation-details-of-panchayats/,20221209013329,502f367bcb0d6817d1652223bf2ebb7706fa77e0f0b077ee0788aac20f61d446,https://cdn.s3waas.gov.in/s3ec8956637a99787bd197eacd77acce5e/uploads/2021/03/2021030385.pdf,Click here,not_attempted
Mau,https://mau.nic.in/en/general-election-2021-reservation-details-of-panchayats/,20221209013329,502f367bcb0d6817d1652223bf2ebb7706fa77e0f0b077ee0788aac20f61d446,https://cdn.s3waas.gov.in/s3ec8956637a99787bd197eacd77acce5e/uploads/2021/03/2021030393.pdf,Click here,not_attempted
Mau,https://mau.nic.in/en/general-election-2021-reservation-details-of-panchayats/,20221209013329,502f367bcb0d6817d1652223bf2ebb7706fa77e0f0b077ee0788aac20f61d446,https://cdn.s3waas.gov.in/s3ec8956637a99787bd197eacd77acce5e/uploads/2021/03/2021030339.pdf,Click here,not_attempted
Mau,https://mau.nic.in/en/general-election-2021-reservation-details-of-panchayats/,20221209013329,502f367bcb0d6817d1652223bf2ebb7706fa77e0f0b077ee0788aac20f61d446,https://cdn.s3waas.gov.in/s3ec8956637a99787bd197eacd77acce5e/uploads/2021/03/2021030327.pdf,Click here,not_attempted
Mau,https://mau.nic.in/en/general-election-2021-reservation-details-of-panchayats/,20221209013329,502f367bcb0d6817d1652223bf2ebb7706fa77e0f0b077ee0788aac20f61d446,https://cdn.s3waas.gov.in/s3ec8956637a99787bd197eacd77acce5e/uploads/2021/03/2021030363.pdf,Click here,not_attempted
Mau,https://mau.nic.in/en/general-election-2021-reservation-details-of-panchayats/,20221209013329,502f367bcb0d6817d1652223bf2ebb7706fa77e0f0b077ee0788aac20f61d446,https://cdn.s3waas.gov.in/s3ec8956637a99787bd197eacd77acce5e/uploads/2021/03/2021030353.pdf,Click here,not_attempted
Mau,https://mau.nic.in/en/general-election-2021-reservation-details-of-panchayats/,20221209013329,502f367bcb0d6817d1652223bf2ebb7706fa77e0f0b077ee0788aac20f61d446,https://cdn.s3waas.gov.in/s3ec8956637a99787bd197eacd77acce5e/uploads/2021/03/2021030371.pdf,Click here,not_attempted
Mau,https://mau.nic.in/en/general-election-2021-reservation-details-of-panchayats/,20221209013329,502f367bcb0d6817d1652223bf2ebb7706fa77e0f0b077ee0788aac20f61d446,https://cdn.s3waas.gov.in/s3ec8956637a99787bd197eacd77acce5e/uploads/2021/03/2021030330.pdf,Click here,not_attempted
Mau,https://mau.nic.in/en/general-election-2021-reservation-details-of-panchayats/,20221209013329,502f367bcb0d6817d1652223bf2ebb7706fa77e0f0b077ee0788aac20f61d446,https://cdn.s3waas.gov.in/s3ec8956637a99787bd197eacd77acce5e/uploads/2021/03/2021030388.pdf,Click here,not_attempted
Mau,https://mau.nic.in/en/general-election-2021-reservation-details-of-panchayats/,20221209013329,502f367bcb0d6817d1652223bf2ebb7706fa77e0f0b077ee0788aac20f61d446,https://cdn.s3waas.gov.in/s3ec8956637a99787bd197eacd77acce5e/uploads/2021/03/2021030373.pdf,Click here,not_attempted
Mau,https://mau.nic.in/en/general-election-2021-reservation-details-of-panchayats/,20221209013329,502f367bcb0d6817d1652223bf2ebb7706fa77e0f0b077ee0788aac20f61d446,https://cdn.s3waas.gov.in/s3ec8956637a99787bd197eacd77acce5e/uploads/2021/03/2021030376.pdf,Click here,not_attempted
Mau,https://mau.nic.in/en/general-election-2021-reservation-details-of-panchayats/,20221209013329,502f367bcb0d6817d1652223bf2ebb7706fa77e0f0b077ee0788aac20f61d446,https://cdn.s3waas.gov.in/s3ec8956637a99787bd197eacd77acce5e/uploads/2021/03/2021030322.pdf,Click here,not_attempted
Mau,https://mau.nic.in/en/general-election-2021-reservation-details-of-panchayats/,20221209013329,502f367bcb0d6817d1652223bf2ebb7706fa77e0f0b077ee0788aac20f61d446,https://cdn.s3waas.gov.in/s3ec8956637a99787bd197eacd77acce5e/uploads/2021/03/2021030348.pdf,Click here,not_attempted
Mau,https://mau.nic.in/en/general-election-2021-reservation-details-of-panchayats/,20221209013329,502f367bcb0d6817d1652223bf2ebb7706fa77e0f0b077ee0788aac20f61d446,https://cdn.s3waas.gov.in/s3ec8956637a99787bd197eacd77acce5e/uploads/2021/03/2021030324.pdf,Click here,not_attempted
Mau,https://mau.nic.in/en/general-election-2021-reservation-details-of-panchayats/,20221209013329,502f367bcb0d6817d1652223bf2ebb7706fa77e0f0b077ee0788aac20f61d446,https://cdn.s3waas.gov.in/s3ec8956637a99787bd197eacd77acce5e/uploads/2021/03/2021030348-1.pdf,Click here,not_attempted
Mau,https://mau.nic.in/en/general-election-2021-reservation-details-of-panchayats/,20221209013329,502f367bcb0d6817d1652223bf2ebb7706fa77e0f0b077ee0788aac20f61d446,https://cdn.s3waas.gov.in/s3ec8956637a99787bd197eacd77acce5e/uploads/2021/03/2021030350.pdf,Click here,not_attempted
Mau,https://mau.nic.in/en/general-election-2021-reservation-details-of-panchayats/,20221209013329,502f367bcb0d6817d1652223bf2ebb7706fa77e0f0b077ee0788aac20f61d446,https://cdn.s3waas.gov.in/s3ec8956637a99787bd197eacd77acce5e/uploads/2021/03/2021030317.pdf,Click here,not_attempted
Mau,https://mau.nic.in/en/general-election-2021-reservation-details-of-panchayats/,20221209013329,502f367bcb0d6817d1652223bf2ebb7706fa77e0f0b077ee0788aac20f61d446,https://cdn.s3waas.gov.in/s3ec8956637a99787bd197eacd77acce5e/uploads/2021/03/2021030392.pdf,Click here,not_attempted
Mau,https://mau.nic.in/en/general-election-2021-reservation-details-of-panchayats/,20221209013329,502f367bcb0d6817d1652223bf2ebb7706fa77e0f0b077ee0788aac20f61d446,https://cdn.s3waas.gov.in/s3ec8956637a99787bd197eacd77acce5e/uploads/2021/03/2021030342.pdf,Click here,not_attempted
Mau,https://mau.nic.in/en/general-election-2021-reservation-details-of-panchayats/,20221209013329,502f367bcb0d6817d1652223bf2ebb7706fa77e0f0b077ee0788aac20f61d446,https://cdn.s3waas.gov.in/s3ec8956637a99787bd197eacd77acce5e/uploads/2021/03/2021030336.pdf,Click here,not_attempted
Kasganj,https://kasganj.nic.in/document/notification-reservation-in-nagar-palika-parishad-and-nagar-panchayat/,20230929101113,1b641066e6f4573b9e6046fb0da2da9a21baab82dd3da27fc52f5e1d9d5e4be7,https://cdn.s3waas.gov.in/s3a597e50502f5ff68e3e25b9114205d4a/uploads/2023/03/2023033199.pdf,View (2 MB),not_attempted
Kasganj,https://kasganj.nic.in/document/notification-reservation-in-nagar-palika-parishad-and-nagar-panchayat/,20230929101113,1b641066e6f4573b9e6046fb0da2da9a21baab82dd3da27fc52f5e1d9d5e4be7,https://cdn.s3waas.gov.in/s3a597e50502f5ff68e3e25b9114205d4a/uploads/2023/03/2023033199.pdf,,not_attempted
