district,host,query_url,receipt_status,response_path,response_sha256
Agra,agra.nic.in,https://web.archive.org/cdx/search/cdx?url=agra.nic.in&matchType=domain&output=json&fl=original%2Ctimestamp%2Cmimetype%2Cstatuscode%2Cdigest&collapse=urlkey&limit=5000&showResumeKey=true,ok_json,data/discovery/2026-09-10/archive_coverage/district_sweep/raw/34aaa7785e65e24b4535_c5ef039cfaa2.json,c5ef039cfaa2e6e8faf2dc3d2eae559d1380075ac3f835b986aac1c163812773
Aligarh,aligarh.nic.in,https://web.archive.org/cdx/search/cdx?url=aligarh.nic.in&matchType=domain&output=json&fl=original%2Ctimestamp%2Cmimetype%2Cstatuscode%2Cdigest&collapse=urlkey&limit=5000&showResumeKey=true,ok_json,data/discovery/2026-09-10/archive_coverage/district_sweep/raw/94de0c87642cde5a39d5_e921d716e637.json,e921d716e637fd2e1a5ca7b0ecb0e93ec390db262563b69a98ef21b25e900fa8
Ambedkar Nagar,ambedkarnagar.nic.in,https://web.archive.org/cdx/search/cdx?url=ambedkarnagar.nic.in&matchType=domain&output=json&fl=original%2Ctimestamp%2Cmimetype%2Cstatuscode%2Cdigest&collapse=urlkey&limit=5000&showResumeKey=true,ok_json,data/discovery/2026-09-10/archive_coverage/district_sweep/raw/b25ceaa3ac936999e4ca_003c4e7a18ae.json,003c4e7a18aec45d074babd843e713d7bb253e3775d475b539c591a548ef1a01
Amethi,amethi.nic.in,https://web.archive.org/cdx/search/cdx?url=amethi.nic.in&matchType=domain&output=json&fl=original%2Ctimestamp%2Cmimetype%2Cstatuscode%2Cdigest&collapse=urlkey&limit=5000&showResumeKey=true,ok_json,data/discovery/2026-09-10/archive_coverage/district_sweep/raw/e3b87bd1df87955058d8_193ad215b873.json,193ad215b8730d6b48bb13e63ddd0c3227f0346b3265fa3c3da93f968d7f7799
Amroha,amroha.nic.in,https://web.archive.org/cdx/search/cdx?url=amroha.nic.in&matchType=domain&output=json&fl=original%2Ctimestamp%2Cmimetype%2Cstatuscode%2Cdigest&collapse=urlkey&limit=5000&showResumeKey=true,ok_json,data/discovery/2026-09-10/archive_coverage/district_sweep/raw/401e94f805cdee15061d_5cba0743266c.json,5cba0743266c2a68badc2f625ae4a2d0d24f823fa7c991e9c09f7d6f1e9835c6
Auraiya,auraiya.nic.in,https://web.archive.org/cdx/search/cdx?url=auraiya.nic.in&matchType=domain&output=json&fl=original%2Ctimestamp%2Cmimetype%2Cstatuscode%2Cdigest&collapse=urlkey&limit=5000&showResumeKey=true,ok_json,data/discovery/2026-09-10/archive_coverage/district_sweep/raw/cc8fb82efb9f51092d47_3c4ddab15a2e.json,3c4ddab15a2e802958adcd4d4822566981c58c0e5b14d4bd720d969876482fcd
Ayodhya,ayodhya.nic.in,https://web.archive.org/cdx/search/cdx?url=ayodhya.nic.in&matchType=domain&output=json&fl=original%2Ctimestamp%2Cmimetype%2Cstatuscode%2Cdigest&collapse=urlkey&limit=5000&showResumeKey=true,ok_json,data/discovery/2026-09-10/archive_coverage/district_sweep/raw/d9d1acfed40e964adb37_3c098a1635f2.json,3c098a1635f259a5b25672f6214dc50831fa9269c83dd28c870dbf9ab50e60c8
Azamgarh,azamgarh.nic.in,https://web.archive.org/cdx/search/cdx?url=azamgarh.nic.in&matchType=domain&output=json&fl=original%2Ctimestamp%2Cmimetype%2Cstatuscode%2Cdigest&collapse=urlkey&limit=5000&showResumeKey=true,ok_json,data/discovery/2026-09-10/archive_coverage/district_sweep/raw/0d21845892f3d382222c_313427eccefc.json,313427eccefc7b83d10f75c4a48e18f0fc627d819cfc2edced30c3bb5af16adf
Baghpat,bagpat.nic.in,https://web.archive.org/cdx/search/cdx?url=bagpat.nic.in&matchType=domain&output=json&fl=original%2Ctimestamp%2Cmimetype%2Cstatuscode%2Cdigest&collapse=urlkey&limit=5000&showResumeKey=true,ok_json,data/discovery/2026-09-10/archive_coverage/district_sweep/raw/5c22f57ec51089df96dd_63462b8338cb.json,63462b8338cbca764d53ca244052e2ef884276a55fb8887a73ef1882bf96230f
Bahraich,bahraich.nic.in,https://web.archive.org/cdx/search/cdx?url=bahraich.nic.in&matchType=domain&output=json&fl=original%2Ctimestamp%2Cmimetype%2Cstatuscode%2Cdigest&collapse=urlkey&limit=5000&showResumeKey=true,ok_json,data/discovery/2026-09-10/archive_coverage/district_sweep/raw/5ea1b20c1bf4ae008eff_53147c65a0f2.json,53147c65a0f2368cefc904f61e9767512442e763e47f48d144748a35416bfd40
Ballia,ballia.nic.in,https://web.archive.org/cdx/search/cdx?url=ballia.nic.in&matchType=domain&output=json&fl=original%2Ctimestamp%2Cmimetype%2Cstatuscode%2Cdigest&collapse=urlkey&limit=5000&showResumeKey=true,ok_json,data/discovery/2026-09-10/archive_coverage/district_sweep/raw/9230fd38cde8941144e6_2dd97d585236.json,2dd97d5852362e784fe5dabfc710e1f67a106f8cfc6ec734701122d2958a19bb
Balrampur,balrampur.nic.in,https://web.archive.org/cdx/search/cdx?url=balrampur.nic.in&matchType=domain&output=json&fl=original%2Ctimestamp%2Cmimetype%2Cstatuscode%2Cdigest&collapse=urlkey&limit=5000&showResumeKey=true,ok_json,data/discovery/2026-09-10/archive_coverage/district_sweep/raw/468812cefbed4d29611c_7245fc128b70.json,7245fc128b700d16169eefb0200a9e4674a696d78abfa9714bd53a294ebbed41
Banda,banda.nic.in,https://web.archive.org/cdx/search/cdx?url=banda.nic.in&matchType=domain&output=json&fl=original%2Ctimestamp%2Cmimetype%2Cstatuscode%2Cdigest&collapse=urlkey&limit=5000&showResumeKey=true,ok_json,data/discovery/2026-09-10/archive_coverage/district_sweep/raw/1333a5720ebfbf046423_496842326dcd.json,496842326dcd1ecbfd297e22b8519d4f524f932c3988027e16b09e0329e3b71f
Bara Banki,barabanki.nic.in,https://web.archive.org/cdx/search/cdx?url=barabanki.nic.in&matchType=domain&output=json&fl=original%2Ctimestamp%2Cmimetype%2Cstatuscode%2Cdigest&collapse=urlkey&limit=5000&showResumeKey=true,ok_json,data/discovery/2026-09-10/archive_coverage/district_sweep/raw/63eb2d739302549a704f_ceaf765fed14.json,ceaf765fed14073286c4bc5ae020f163a51557a35803d1908a4a53f7e4ad94f3
Bareilly,bareilly.nic.in,https://web.archive.org/cdx/search/cdx?url=bareilly.nic.in&matchType=domain&output=json&fl=original%2Ctimestamp%2Cmimetype%2Cstatuscode%2Cdigest&collapse=urlkey&limit=5000&showResumeKey=true,ok_json,data/discovery/2026-09-10/archive_coverage/district_sweep/raw/fd6c2a5e1050d4bcacd2_f9801832e06c.json,f9801832e06cc83f3732673400637084413571891ed323c1a1d456cf66658ff3
Basti,basti.nic.in,https://web.archive.org/cdx/search/cdx?url=basti.nic.in&matchType=domain&output=json&fl=original%2Ctimestamp%2Cmimetype%2Cstatuscode%2Cdigest&collapse=urlkey&limit=5000&showResumeKey=true,ok_json,data/discovery/2026-09-10/archive_coverage/district_sweep/raw/dce3cc4ad24d9c6120cb_c8d6925852f1.json,c8d6925852f1cafcfea0a48ed56c52c6bd51a66384fb350c951e9335ffc43c47
Bhadohi,bhadohi.nic.in,https://web.archive.org/cdx/search/cdx?url=bhadohi.nic.in&matchType=domain&output=json&fl=original%2Ctimestamp%2Cmimetype%2Cstatuscode%2Cdigest&collapse=urlkey&limit=5000&showResumeKey=true,ok_json,data/discovery/2026-09-10/archive_coverage/district_sweep/raw/e6776589804cf7455b80_d80c706054a9.json,d80c706054a9d846b2ff8c369841e939761f1534b5e090ffc3d1321b769ecee8
Bijnor,bijnor.nic.in,https://web.archive.org/cdx/search/cdx?url=bijnor.nic.in&matchType=domain&output=json&fl=original%2Ctimestamp%2Cmimetype%2Cstatuscode%2Cdigest&collapse=urlkey&limit=5000&showResumeKey=true,ok_json,data/discovery/2026-09-10/archive_coverage/district_sweep/raw/9adb96bb19afb2871cf9_376213a6805a.json,376213a6805a9979d4eab4613bba5b1ce0f0050ca6265f443c56202f01afafb9
Budaun,budaun.nic.in,https://web.archive.org/cdx/search/cdx?url=budaun.nic.in&matchType=domain&output=json&fl=original%2Ctimestamp%2Cmimetype%2Cstatuscode%2Cdigest&collapse=urlkey&limit=5000&showResumeKey=true,ok_json,data/discovery/2026-09-10/archive_coverage/district_sweep/raw/d54cfe42732cd1054af7_cfa26ac69b08.json,cfa26ac69b087759a2b000f063e8fb02574446e96919252eb336606c813e1dcd
Bulandshahr,bulandshahar.nic.in,https://web.archive.org/cdx/search/cdx?url=bulandshahar.nic.in&matchType=domain&output=json&fl=original%2Ctimestamp%2Cmimetype%2Cstatuscode%2Cdigest&collapse=urlkey&limit=5000&showResumeKey=true,ok_json,data/discovery/2026-09-10/archive_coverage/district_sweep/raw/d9331ec1589ffe6e19ed_52c74cc70239.json,52c74cc702395b91a9beac7caeb2186438b7def1ff6462b75e7166a1c608542a
Chandauli,chandauli.nic.in,https://web.archive.org/cdx/search/cdx?url=chandauli.nic.in&matchType=domain&output=json&fl=original%2Ctimestamp%2Cmimetype%2Cstatuscode%2Cdigest&collapse=urlkey&limit=5000&showResumeKey=true,ok_json,data/discovery/2026-09-10/archive_coverage/district_sweep/raw/613a7abcff2539ad634b_35a6cedd17c5.json,35a6cedd17c5cb4caf8336d520f3af0ea61f4a8c8b134f4aa764076d215eb37d
Chitrakoot,chitrakoot.nic.in,https://web.archive.org/cdx/search/cdx?url=chitrakoot.nic.in&matchType=domain&output=json&fl=original%2Ctimestamp%2Cmimetype%2Cstatuscode%2Cdigest&collapse=urlkey&limit=5000&showResumeKey=true,ok_json,data/discovery/2026-09-10/archive_coverage/district_sweep/raw/f5d0999e804d9f500b93_761f379cfaa0.json,761f379cfaa0acfffdf4683e6c60eb3f9c59e8cdba0f050441e27d4efa906061
Deoria,deoria.nic.in,https://web.archive.org/cdx/search/cdx?url=deoria.nic.in&matchType=domain&output=json&fl=original%2Ctimestamp%2Cmimetype%2Cstatuscode%2Cdigest&collapse=urlkey&limit=5000&showResumeKey=true,ok_json,data/discovery/2026-09-10/archive_coverage/district_sweep/raw/d0ea18cbf41d55a64034_5023d428af48.json,5023d428af48cbdb75f49c90dd998fe79c1a66670293b8265248a935fd76c6a1
Etah,etah.nic.in,https://web.archive.org/cdx/search/cdx?url=etah.nic.in&matchType=domain&output=json&fl=original%2Ctimestamp%2Cmimetype%2Cstatuscode%2Cdigest&collapse=urlkey&limit=5000&showResumeKey=true,ok_json,data/discovery/2026-09-10/archive_coverage/district_sweep/raw/be85f0ef68cbe087395b_4b93728952de.json,4b93728952de4864f3ff679c345811313576ee60298ee94e596cc545541c889a
Etawah,etawah.nic.in,https://web.archive.org/cdx/search/cdx?url=etawah.nic.in&matchType=domain&output=json&fl=original%2Ctimestamp%2Cmimetype%2Cstatuscode%2Cdigest&collapse=urlkey&limit=5000&showResumeKey=true,ok_json,data/discovery/2026-09-10/archive_coverage/district_sweep/raw/51d36fa5e73fd95aefcf_5914e23d8592.json,5914e23d8592c94452a000d623d2c7e39566760c781b87e0cb4e1fd7945df078
Farrukhabad,farrukhabad.nic.in,https://web.archive.org/cdx/search/cdx?url=farrukhabad.nic.in&matchType=domain&output=json&fl=original%2Ctimestamp%2Cmimetype%2Cstatuscode%2Cdigest&collapse=urlkey&limit=5000&showResumeKey=true,ok_json,data/discovery/2026-09-10/archive_coverage/district_sweep/raw/b850bc1c56b848ea2c8b_2a8f140555a8.json,2a8f140555a8aff68ef9a4fe6925d21f46dbceceb3df2a02e6a4a7c1368dcfc7
Fatehpur,fatehpur.nic.in,https://web.archive.org/cdx/search/cdx?url=fatehpur.nic.in&matchType=domain&output=json&fl=original%2Ctimestamp%2Cmimetype%2Cstatuscode%2Cdigest&collapse=urlkey&limit=5000&showResumeKey=true,ok_json,data/discovery/2026-09-10/archive_coverage/district_sweep/raw/181048f0ef972e3fe114_deab03946d89.json,deab03946d8903c298d8da168a4a1a2d45636313d77ff29144addefd0707cc02
Firozabad,firozabad.nic.in,https://web.archive.org/cdx/search/cdx?url=firozabad.nic.in&matchType=domain&output=json&fl=original%2Ctimestamp%2Cmimetype%2Cstatuscode%2Cdigest&collapse=urlkey&limit=5000&showResumeKey=true,ok_json,data/discovery/2026-09-10/archive_coverage/district_sweep/raw/9704e37757a1170f6ecf_f68dcef6ffc7.json,f68dcef6ffc7254226eeec0f368ccd48414bb3c09634d59ed5e7680b469b927b
Gautam Buddha Nagar,gbnagar.nic.in,https://web.archive.org/cdx/search/cdx?url=gbnagar.nic.in&matchType=domain&output=json&fl=original%2Ctimestamp%2Cmimetype%2Cstatuscode%2Cdigest&collapse=urlkey&limit=5000&showResumeKey=true,ok_json,data/discovery/2026-09-10/archive_coverage/district_sweep/raw/75b350733a0ebbfa49ab_bdacca2a1c94.json,bdacca2a1c9498d3c6d7dea7dd078dc52d15655f83933e965a0592eaf692606e
Ghaziabad,ghaziabad.nic.in,https://web.archive.org/cdx/search/cdx?url=ghaziabad.nic.in&matchType=domain&output=json&fl=original%2Ctimestamp%2Cmimetype%2Cstatuscode%2Cdigest&collapse=urlkey&limit=5000&showResumeKey=true,ok_json,data/discovery/2026-09-10/archive_coverage/district_sweep/raw/a3ac2e8f241f88385f47_355cc93cc9b3.json,355cc93cc9b3348fb3c4413a03471d06515b73541e5d6a33180953e7dbf79c74
Ghazipur,ghazipur.nic.in,https://web.archive.org/cdx/search/cdx?url=ghazipur.nic.in&matchType=domain&output=json&fl=original%2Ctimestamp%2Cmimetype%2Cstatuscode%2Cdigest&collapse=urlkey&limit=5000&showResumeKey=true,ok_json,data/discovery/2026-09-10/archive_coverage/district_sweep/raw/3eec15e00a63b73a56ef_99286e1372ab.json,99286e1372ab789c63a69036b6521dfb536d86a7c741c7f8a871fdf00fc8c08e
Gonda,gonda.nic.in,https://web.archive.org/cdx/search/cdx?url=gonda.nic.in&matchType=domain&output=json&fl=original%2Ctimestamp%2Cmimetype%2Cstatuscode%2Cdigest&collapse=urlkey&limit=5000&showResumeKey=true,ok_json,data/discovery/2026-09-10/archive_coverage/district_sweep/raw/d678973fe6f01b93f8b2_4ed2269155e0.json,4ed2269155e00ab33b1f6ba471c50335b3ee211b1c4dce4ceac9f92441178df8
Gorakhpur,gorakhpur.nic.in,https://web.archive.org/cdx/search/cdx?url=gorakhpur.nic.in&matchType=domain&output=json&fl=original%2Ctimestamp%2Cmimetype%2Cstatuscode%2Cdigest&collapse=urlkey&limit=5000&showResumeKey=true,ok_json,data/discovery/2026-09-10/archive_coverage/district_sweep/raw/ac1024226b68e5fc7874_1a5a83113f3b.json,1a5a83113f3b009670e58bb79e79f16010cb8afb57e1b68bfab250dbf3ce2cad
Hamirpur,hamirpur.nic.in,https://web.archive.org/cdx/search/cdx?url=hamirpur.nic.in&matchType=domain&output=json&fl=original%2Ctimestamp%2Cmimetype%2Cstatuscode%2Cdigest&collapse=urlkey&limit=5000&showResumeKey=true,ok_json,data/discovery/2026-09-10/archive_coverage/district_sweep/raw/f51eabc17eb95ec7eaf0_44fa13fb3c2e.json,44fa13fb3c2e634e1cea15e0c80b38fd016c47338092ea7492a4331a56bbaa85
Hapur,hapur.nic.in,https://web.archive.org/cdx/search/cdx?url=hapur.nic.in&matchType=domain&output=json&fl=original%2Ctimestamp%2Cmimetype%2Cstatuscode%2Cdigest&collapse=urlkey&limit=5000&showResumeKey=true,ok_json,data/discovery/2026-09-10/archive_coverage/district_sweep/raw/00f30a377cfc0af7680e_3e13f8c463bb.json,3e13f8c463bba2e1af58a8b154e93b3c060db373850dc1d39d0f3ecc07d4b196
Hardoi,hardoi.nic.in,https://web.archive.org/cdx/search/cdx?url=hardoi.nic.in&matchType=domain&output=json&fl=original%2Ctimestamp%2Cmimetype%2Cstatuscode%2Cdigest&collapse=urlkey&limit=5000&showResumeKey=true,ok_json,data/discovery/2026-09-10/archive_coverage/district_sweep/raw/048d20fc6d7de364f785_9871fa3b29d6.json,9871fa3b29d6e4671becb14cd9517ba22753bc74b726e9efe3d91b963ae7bd77
Hathras,hathras.nic.in,https://web.archive.org/cdx/search/cdx?url=hathras.nic.in&matchType=domain&output=json&fl=original%2Ctimestamp%2Cmimetype%2Cstatuscode%2Cdigest&collapse=urlkey&limit=5000&showResumeKey=true,ok_json,data/discovery/2026-09-10/archive_coverage/district_sweep/raw/2513cba9472d0d17a728_e7934794e150.json,e7934794e150dfeee0f778554b9e1b8fc3714b151554460a4d5114e2df144719
Jalaun,jalaun.nic.in,https://web.archive.org/cdx/search/cdx?url=jalaun.nic.in&matchType=domain&output=json&fl=original%2Ctimestamp%2Cmimetype%2Cstatuscode%2Cdigest&collapse=urlkey&limit=5000&showResumeKey=true,ok_json,data/discovery/2026-09-10/archive_coverage/district_sweep/raw/272bb5df4e5bbca3257d_3e336b986d98.json,3e336b986d989fa979ad081196c64a0b62618d549963094903ec5db99c361b4a
Jaunpur,jaunpur.nic.in,https://web.archive.org/cdx/search/cdx?url=jaunpur.nic.in&matchType=domain&output=json&fl=original%2Ctimestamp%2Cmimetype%2Cstatuscode%2Cdigest&collapse=urlkey&limit=5000&showResumeKey=true,ok_json,data/discovery/2026-09-10/archive_coverage/district_sweep/raw/ae460673b778b1b422ea_43721efb28bd.json,43721efb28bdecdc3593e23f8445119e38a59af5130e61c690972d0d8fa0012d
Jhansi,jhansi.nic.in,https://web.archive.org/cdx/search/cdx?url=jhansi.nic.in&matchType=domain&output=json&fl=original%2Ctimestamp%2Cmimetype%2Cstatuscode%2Cdigest&collapse=urlkey&limit=5000&showResumeKey=true,ok_json,data/discovery/2026-09-10/archive_coverage/district_sweep/raw/eab25a87126c92bdf3cd_ab87aa916235.json,ab87aa91623527b894eb9f923d91019c1d30d63ec9d635105b23e5c54521f288
Kannauj,kannauj.nic.in,https://web.archive.org/cdx/search/cdx?url=kannauj.nic.in&matchType=domain&output=json&fl=original%2Ctimestamp%2Cmimetype%2Cstatuscode%2Cdigest&collapse=urlkey&limit=5000&showResumeKey=true,ok_json,data/discovery/2026-09-10/archive_coverage/district_sweep/raw/69745870de7daee17a36_fbd3bf90bff4.json,fbd3bf90bff426c2cc76e0a97e0c315445c0fdf7c890aaf1460799d12b4e868c
Kanpur Dehat,kanpurdehat.nic.in,https://web.archive.org/cdx/search/cdx?url=kanpurdehat.nic.in&matchType=domain&output=json&fl=original%2Ctimestamp%2Cmimetype%2Cstatuscode%2Cdigest&collapse=urlkey&limit=5000&showResumeKey=true,ok_json,data/discovery/2026-09-10/archive_coverage/district_sweep/raw/2ae575acc9e31772946f_8cfe27f05aec.json,8cfe27f05aecb8c1728c81ee69604a367b1fbb8f8deafd4959518972687b2cc2
Kanpur Nagar,kanpurnagar.nic.in,https://web.archive.org/cdx/search/cdx?url=kanpurnagar.nic.in&matchType=domain&output=json&fl=original%2Ctimestamp%2Cmimetype%2Cstatuscode%2Cdigest&collapse=urlkey&limit=5000&showResumeKey=true,ok_json,data/discovery/2026-09-10/archive_coverage/district_sweep/raw/79eca842f2719963096c_fbe75d1c57a4.json,fbe75d1c57a402028b21a737732c6086d913c217a18545c2096de2bb9941a7a8
Kasganj,kasganj.nic.in,https://web.archive.org/cdx/search/cdx?url=kasganj.nic.in&matchType=domain&output=json&fl=original%2Ctimestamp%2Cmimetype%2Cstatuscode%2Cdigest&collapse=urlkey&limit=5000&showResumeKey=true,ok_json,data/discovery/2026-09-10/archive_coverage/district_sweep/raw/4fc618c0cf887aeab6fe_cd2009e504e6.json,cd2009e504e677effed851da2a80098df4490ac18cac0dc9280dd8e208d47c6a
Kaushambi,kaushambi.nic.in,https://web.archive.org/cdx/search/cdx?url=kaushambi.nic.in&matchType=domain&output=json&fl=original%2Ctimestamp%2Cmimetype%2Cstatuscode%2Cdigest&collapse=urlkey&limit=5000&showResumeKey=true,ok_json,data/discovery/2026-09-10/archive_coverage/district_sweep/raw/82de5c638a2ea8ea7174_8b681174186b.json,8b681174186b60897ffa61707367dbe4efb10e8686b6aa2f625354de7276209e
Kheri,kheri.nic.in,https://web.archive.org/cdx/search/cdx?url=kheri.nic.in&matchType=domain&output=json&fl=original%2Ctimestamp%2Cmimetype%2Cstatuscode%2Cdigest&collapse=urlkey&limit=5000&showResumeKey=true,ok_json,data/discovery/2026-09-10/archive_coverage/district_sweep/raw/10cfe8499493223d2c2e_7a58b28bd7b1.json,7a58b28bd7b1db460b7b7a97823eb5c3a6731fc353cd7548dad941aa77a5bebc
Kushinagar,kushinagar.nic.in,https://web.archive.org/cdx/search/cdx?url=kushinagar.nic.in&matchType=domain&output=json&fl=original%2Ctimestamp%2Cmimetype%2Cstatuscode%2Cdigest&collapse=urlkey&limit=5000&showResumeKey=true,ok_json,data/discovery/2026-09-10/archive_coverage/district_sweep/raw/937359783e978a9c773e_b5251fbf3e63.json,b5251fbf3e6379b68b30d9368bdeea7bf502aff8b935cfd983f7cac893b67525
Lalitpur,lalitpur.nic.in,https://web.archive.org/cdx/search/cdx?url=lalitpur.nic.in&matchType=domain&output=json&fl=original%2Ctimestamp%2Cmimetype%2Cstatuscode%2Cdigest&collapse=urlkey&limit=5000&showResumeKey=true,ok_json,data/discovery/2026-09-10/archive_coverage/district_sweep/raw/0980a8c6e7a1591c0930_70d402171d13.json,70d402171d1348e6498015d9a4c541467d65164964af411e90abec5945f16931
Lucknow,lucknow.nic.in,https://web.archive.org/cdx/search/cdx?url=lucknow.nic.in&matchType=domain&output=json&fl=original%2Ctimestamp%2Cmimetype%2Cstatuscode%2Cdigest&collapse=urlkey&limit=5000&showResumeKey=true,ok_json,data/discovery/2026-09-10/archive_coverage/district_sweep/raw/9f460a681906b4ce92d4_20e8f15a6497.json,20e8f15a64975d4cf913ade3be0c844923ee11f0f9566fc9d92cc2150528a1e2
Mahrajganj,maharajganj.nic.in,https://web.archive.org/cdx/search/cdx?url=maharajganj.nic.in&matchType=domain&output=json&fl=original%2Ctimestamp%2Cmimetype%2Cstatuscode%2Cdigest&collapse=urlkey&limit=5000&showResumeKey=true,ok_json,data/discovery/2026-09-10/archive_coverage/district_sweep/raw/7b458d265b60f8793859_f5cbf1c452eb.json,f5cbf1c452eb796ad9fc8fcf479db2c0970c707a73d14b1bf5b9280fb3820fcc
Mahoba,mahoba.nic.in,https://web.archive.org/cdx/search/cdx?url=mahoba.nic.in&matchType=domain&output=json&fl=original%2Ctimestamp%2Cmimetype%2Cstatuscode%2Cdigest&collapse=urlkey&limit=5000&showResumeKey=true,ok_json,data/discovery/2026-09-10/archive_coverage/district_sweep/raw/70f63abad43d6a7a6c90_0f4f65a1bf0e.json,0f4f65a1bf0ed1b3dded036d468746413aa2c5792cb69adcbf47a4408700ecc9
Mainpuri,mainpuri.nic.in,https://web.archive.org/cdx/search/cdx?url=mainpuri.nic.in&matchType=domain&output=json&fl=original%2Ctimestamp%2Cmimetype%2Cstatuscode%2Cdigest&collapse=urlkey&limit=5000&showResumeKey=true,ok_json,data/discovery/2026-09-10/archive_coverage/district_sweep/raw/334e70813423192f6311_7013a389835b.json,7013a389835b049c21eeb9be2907cfc62d67677be2ea64a4d48108da5e795f66
Mathura,mathura.nic.in,https://web.archive.org/cdx/search/cdx?url=mathura.nic.in&matchType=domain&output=json&fl=original%2Ctimestamp%2Cmimetype%2Cstatuscode%2Cdigest&collapse=urlkey&limit=5000&showResumeKey=true,ok_json,data/discovery/2026-09-10/archive_coverage/district_sweep/raw/2f200a2e50e289fe9cff_e609f4e6e8df.json,e609f4e6e8dfb49c1fce082fb2aeecd2ff825b6c6edd71559f283df916e0f93c
Mau,mau.nic.in,https://web.archive.org/cdx/search/cdx?url=mau.nic.in&matchType=domain&output=json&fl=original%2Ctimestamp%2Cmimetype%2Cstatuscode%2Cdigest&collapse=urlkey&limit=5000&showResumeKey=true,ok_json,data/discovery/2026-09-10/archive_coverage/district_sweep/raw/d84c257b06e068d42758_8dbe77a1e33c.json,8dbe77a1e33cc7b1a0e04301d2980e377d7b377171d98fb6ee52872a1a505f16
Meerut,meerut.nic.in,https://web.archive.org/cdx/search/cdx?url=meerut.nic.in&matchType=domain&output=json&fl=original%2Ctimestamp%2Cmimetype%2Cstatuscode%2Cdigest&collapse=urlkey&limit=5000&showResumeKey=true,ok_json,data/discovery/2026-09-10/archive_coverage/district_sweep/raw/4ff9f3a00575d2d9c20e_98e5146540cc.json,98e5146540cc9cbbaf9679dfa8e533e9c81c904b4dd1b9b1255cd2b9fcdf77ae
Mirzapur,mirzapur.nic.in,https://web.archive.org/cdx/search/cdx?url=mirzapur.nic.in&matchType=domain&output=json&fl=original%2Ctimestamp%2Cmimetype%2Cstatuscode%2Cdigest&collapse=urlkey&limit=5000&showResumeKey=true,ok_json,data/discovery/2026-09-10/archive_coverage/district_sweep/raw/11fe4dd3d710d6d2ae31_d276261303da.json,d276261303da82250c577bc6c5ce13e53fc5e597d7cd0fd60e67b4f04cea1a07
Moradabad,moradabad.nic.in,https://web.archive.org/cdx/search/cdx?url=moradabad.nic.in&matchType=domain&output=json&fl=original%2Ctimestamp%2Cmimetype%2Cstatuscode%2Cdigest&collapse=urlkey&limit=5000&showResumeKey=true,ok_json,data/discovery/2026-09-10/archive_coverage/district_sweep/raw/854baacdb58a1ce7650c_5f591b4d4d7f.json,5f591b4d4d7f2f16156a863eb02531f413aa19e4d3019a69856eba5cfc4cb054
Muzaffarnagar,muzaffarnagar.nic.in,https://web.archive.org/cdx/search/cdx?url=muzaffarnagar.nic.in&matchType=domain&output=json&fl=original%2Ctimestamp%2Cmimetype%2Cstatuscode%2Cdigest&collapse=urlkey&limit=5000&showResumeKey=true,ok_json,data/discovery/2026-09-10/archive_coverage/district_sweep/raw/6752de037c7e6b6b2fe0_3159a4f8a11f.json,3159a4f8a11fe75e4d75a14f9072c5fbb50b92e2ab715d51540d699bfc2e9131
Pilibhit,pilibhit.nic.in,https://web.archive.org/cdx/search/cdx?url=pilibhit.nic.in&matchType=domain&output=json&fl=original%2Ctimestamp%2Cmimetype%2Cstatuscode%2Cdigest&collapse=urlkey&limit=5000&showResumeKey=true,ok_json,data/discovery/2026-09-10/archive_coverage/district_sweep/raw/4322f9f1dad4ab44374a_1803782c4304.json,1803782c4304e0a50d69b0aeb7b81855a1e3aeb2ecba7921eca52047c9d08e77
Pratapgarh,pratapgarh.nic.in,https://web.archive.org/cdx/search/cdx?url=pratapgarh.nic.in&matchType=domain&output=json&fl=original%2Ctimestamp%2Cmimetype%2Cstatuscode%2Cdigest&collapse=urlkey&limit=5000&showResumeKey=true,ok_json,data/discovery/2026-09-10/archive_coverage/district_sweep/raw/315309ead7f01147df0f_831a2bf998e8.json,831a2bf998e899ea02160ceedff072ff82587ef625861b336a350e05ecc5402a
Prayagraj,prayagraj.nic.in,https://web.archive.org/cdx/search/cdx?url=prayagraj.nic.in&matchType=domain&output=json&fl=original%2Ctimestamp%2Cmimetype%2Cstatuscode%2Cdigest&collapse=urlkey&limit=5000&showResumeKey=true,ok_json,data/discovery/2026-09-10/archive_coverage/district_sweep/raw/c1308e970420f9eb091b_b3ded3d822af.json,b3ded3d822af1d25993125e83f8de86bd6182f54d5b10c1fa589165c9ee51ff9
Rae Bareli,raebareli.nic.in,https://web.archive.org/cdx/search/cdx?url=raebareli.nic.in&matchType=domain&output=json&fl=original%2Ctimestamp%2Cmimetype%2Cstatuscode%2Cdigest&collapse=urlkey&limit=5000&showResumeKey=true,ok_json,data/discovery/2026-09-10/archive_coverage/district_sweep/raw/2ae727edeacfc1e16399_c4c13a354113.json,c4c13a35411390551c1e91207a26319f4db7173b62612a721c3b8e93b86cd739
Rampur,rampur.nic.in,https://web.archive.org/cdx/search/cdx?url=rampur.nic.in&matchType=domain&output=json&fl=original%2Ctimestamp%2Cmimetype%2Cstatuscode%2Cdigest&collapse=urlkey&limit=5000&showResumeKey=true,ok_json,data/discovery/2026-09-10/archive_coverage/district_sweep/raw/c53ebf2d061811189cd2_bb93d1ff19bc.json,bb93d1ff19bcaa484894646345e3c36eb36a6b838601a35b3bbd2efccfa0027c
Saharanpur,saharanpur.nic.in,https://web.archive.org/cdx/search/cdx?url=saharanpur.nic.in&matchType=domain&output=json&fl=original%2Ctimestamp%2Cmimetype%2Cstatuscode%2Cdigest&collapse=urlkey&limit=5000&showResumeKey=true,ok_json,data/discovery/2026-09-10/archive_coverage/district_sweep/raw/c46e4822ee37242ad6ef_f0402c33549f.json,f0402c33549f8599a6b42b9a2fd48e29f3126a4ae20a00ee27ad77ebdc86820f
Sambhal,sambhal.nic.in,https://web.archive.org/cdx/search/cdx?url=sambhal.nic.in&matchType=domain&output=json&fl=original%2Ctimestamp%2Cmimetype%2Cstatuscode%2Cdigest&collapse=urlkey&limit=5000&showResumeKey=true,ok_json,data/discovery/2026-09-10/archive_coverage/district_sweep/raw/ba6a05b6a0f8d5f4f054_1b2b093bb302.json,1b2b093bb3023dca6c78aec1a62fad2a9d529792cc57feb38912d13e2f2dfba2
Shahjahanpur,shahjahanpur.nic.in,https://web.archive.org/cdx/search/cdx?url=shahjahanpur.nic.in&matchType=domain&output=json&fl=original%2Ctimestamp%2Cmimetype%2Cstatuscode%2Cdigest&collapse=urlkey&limit=5000&showResumeKey=true,ok_json,data/discovery/2026-09-10/archive_coverage/district_sweep/raw/0f0c9ec7f1468a6e2cf9_6b855d7e7f21.json,6b855d7e7f2114d0e67fc542aaf506c257861a9a08ef04e2eee19031a9c7fa85
Shamli,shamli.nic.in,https://web.archive.org/cdx/search/cdx?url=shamli.nic.in&matchType=domain&output=json&fl=original%2Ctimestamp%2Cmimetype%2Cstatuscode%2Cdigest&collapse=urlkey&limit=5000&showResumeKey=true,ok_json,data/discovery/2026-09-10/archive_coverage/district_sweep/raw/f3661c16beb99cfd3bac_49ddbee786dc.json,49ddbee786dcb77a609820aafd5f4d0b61e5e6efa9e4fff384a4fe99ae38db98
Shrawasti,shravasti.nic.in,https://web.archive.org/cdx/search/cdx?url=shravasti.nic.in&matchType=domain&output=json&fl=original%2Ctimestamp%2Cmimetype%2Cstatuscode%2Cdigest&collapse=urlkey&limit=5000&showResumeKey=true,ok_json,data/discovery/2026-09-10/archive_coverage/district_sweep/raw/a08dddc79b1c02ae592a_6fad798e3119.json,6fad798e3119eece2888b9a211b4be35f6119733376a57029e1ea1ce7deb01fa
Siddharthnagar,siddharthnagar.nic.in,https://web.archive.org/cdx/search/cdx?url=siddharthnagar.nic.in&matchType=domain&output=json&fl=original%2Ctimestamp%2Cmimetype%2Cstatuscode%2Cdigest&collapse=urlkey&limit=5000&showResumeKey=true,ok_json,data/discovery/2026-09-10/archive_coverage/district_sweep/raw/eab923de128918e13fad_cf9a54445cae.json,cf9a54445caea6cf17d6a6cc4c9da1635803f59891cfaf7e0cbb2ce74de260ae
Sitapur,sitapur.nic.in,https://web.archive.org/cdx/search/cdx?url=sitapur.nic.in&matchType=domain&output=json&fl=original%2Ctimestamp%2Cmimetype%2Cstatuscode%2Cdigest&collapse=urlkey&limit=5000&showResumeKey=true,ok_json,data/discovery/2026-09-10/archive_coverage/district_sweep/raw/2522ca91892de82f9837_ee163d8c5faa.json,ee163d8c5faa041c8e34b8e4d6846f373d905065b13bbd033395cf0060517c33
Sant Kabir Nagar,sknagar.nic.in,https://web.archive.org/cdx/search/cdx?url=sknagar.nic.in&matchType=domain&output=json&fl=original%2Ctimestamp%2Cmimetype%2Cstatuscode%2Cdigest&collapse=urlkey&limit=5000&showResumeKey=true,ok_json,data/discovery/2026-09-10/archive_coverage/district_sweep/raw/277e08d66b5baebac6e1_bc7bce381bcd.json,bc7bce381bcdb9e23f28fd0b75266806b6eae33946e2e2b5c5bb825d3efa7c12
Sonbhadra,sonbhadra.nic.in,https://web.archive.org/cdx/search/cdx?url=sonbhadra.nic.in&matchType=domain&output=json&fl=original%2Ctimestamp%2Cmimetype%2Cstatuscode%2Cdigest&collapse=urlkey&limit=5000&showResumeKey=true,ok_json,data/discovery/2026-09-10/archive_coverage/district_sweep/raw/9904b6af3fc611bff2c7_c9598e45f93d.json,c9598e45f93d6a284b67bd926faffacbe5b0654fda41380d88dbb0faae64177d
Sultanpur,sultanpur.nic.in,https://web.archive.org/cdx/search/cdx?url=sultanpur.nic.in&matchType=domain&output=json&fl=original%2Ctimestamp%2Cmimetype%2Cstatuscode%2Cdigest&collapse=urlkey&limit=5000&showResumeKey=true,ok_json,data/discovery/2026-09-10/archive_coverage/district_sweep/raw/76c862d4c6ba5c6e6960_e74e1d8c711d.json,e74e1d8c711db4b94b479cee7a57d4b1dc1ecc69bfb50bd5d5f4b33f6717d1a2
Unnao,unnao.nic.in,https://web.archive.org/cdx/search/cdx?url=unnao.nic.in&matchType=domain&output=json&fl=original%2Ctimestamp%2Cmimetype%2Cstatuscode%2Cdigest&collapse=urlkey&limit=5000&showResumeKey=true,ok_json,data/discovery/2026-09-10/archive_coverage/district_sweep/raw/69443806fd5bb8644c8c_d7bf650fb1c4.json,d7bf650fb1c47408540529de406ab1fb7ba5375e5b92783f36368dc8d615806f
Varanasi,varanasi.nic.in,https://web.archive.org/cdx/search/cdx?url=varanasi.nic.in&matchType=domain&output=json&fl=original%2Ctimestamp%2Cmimetype%2Cstatuscode%2Cdigest&collapse=urlkey&limit=5000&showResumeKey=true,ok_json,data/discovery/2026-09-10/archive_coverage/district_sweep/raw/635c0094ba8904d1ab37_e892590eab39.json,e892590eab397c64f2f3f3409b0bd2246de3734be7ec321e9c125695845d805f
Agra,agra.nic.in,https://web.archive.org/cdx/search/cdx?url=agra.nic.in&matchType=domain&output=json&fl=original%2Ctimestamp%2Cmimetype%2Cstatuscode%2Cdigest&collapse=urlkey&limit=50000&showResumeKey=true&resumeKey=eJzLzNPJy0zWSUwvStTUT81JTS7JzM_TT8vMSS3WN7A01M-r1CtISVMwMjA0MTA3MjawNLAwNQQA4rMQIw,ok_json,data/discovery/2026-09-10/archive_coverage/district_continuations/raw/1a72c137760cd7c7cdff_e0d321271fe1.json,e0d321271fe1de339ed69c7fc56010e91172d4d12603e03f448a33249abb997b
Aligarh,aligarh.nic.in,https://web.archive.org/cdx/search/cdx?url=aligarh.nic.in&matchType=domain&output=json&fl=original%2Ctimestamp%2Cmimetype%2Cstatuscode%2Cdigest&collapse=urlkey&limit=50000&showResumeKey=true&resumeKey=eJwFwVEKgCAMANCr9BtILplSH9FZhlEtdJNm9-89FiecHRW-6L1Hf9SHpHIh8dapf8Zy6kTW9qy1iW4YUxoCwAo4QwCMsPxTeRZm,ok_json,data/discovery/2026-09-10/archive_coverage/district_continuations/raw/c8e635b9d4abef248e0b_aba37280ad0c.json,aba37280ad0cf3f58010ce7d0dbdbbc44471ecb9f0901ed4712f51c35ae06de8
Ghaziabad,ghaziabad.nic.in,https://web.archive.org/cdx/search/cdx?url=ghaziabad.nic.in&matchType=domain&output=json&fl=original%2Ctimestamp%2Cmimetype%2Cstatuscode%2Cdigest&collapse=urlkey&limit=50000&showResumeKey=true&resumeKey=eJzLzNPJy0zWSc9IrMpMTEpM0dQvL9DNKs7P089PzU1KTdE31DPQB7PsS4tybDNKSgqKrfT14er1gLr1MvP0U_P001JTU5ISk7P1FYwMjAwMTAyMDI0MLA0NAcyHIK8,ok_json,data/discovery/2026-09-10/archive_coverage/district_continuations/raw/a31de42250bb84baa038_2ca0e042b4e6.json,2ca0e042b4e692fabbf17d43011148a1adbbcb7a033249adae443d71b6ca5742
Ghazipur,ghazipur.nic.in,https://web.archive.org/cdx/search/cdx?url=ghazipur.nic.in&matchType=domain&output=json&fl=original%2Ctimestamp%2Cmimetype%2Cstatuscode%2Cdigest&collapse=urlkey&limit=50000&showResumeKey=true&resumeKey=eJzLzNPJy0zWSc9IrMosKC3S1M_Jzy5LzMvULy4p0M9PS8tMTi0qzyxONYpPSS1JzMzRSywusAeKJ-enpNoaWpgoGBkYWBqYGBoYGhpamJoCAJBNGrU,ok_json,data/discovery/2026-09-10/archive_coverage/district_continuations/raw/cccb8e3e7d45b8af0600_6230d04c6d46.json,6230d04c6d4607032f1b9ec4136ee81ecaf150b331837aebb022a7bc0fb05e37
Gonda,gonda.nic.in,https://web.archive.org/cdx/search/cdx?url=gonda.nic.in&matchType=domain&output=json&fl=original%2Ctimestamp%2Cmimetype%2Cstatuscode%2Cdigest&collapse=urlkey&limit=50000&showResumeKey=true&resumeKey=eJzLzNPJy0zWSc_PS0nU1M_Jzy5LzMvULy5JLCktzsxLy9dLLC6wT87PLcjLtzUyNjBVMDIwsDQwMTQ0MDM2NjECANPFFGU,ok_json,data/discovery/2026-09-10/archive_coverage/district_continuations/raw/75f3b6883790218eed5d_c249b3e290af.json,c249b3e290afbe1566996105c8bbf8dda1c36d5014c594fc7846145370b826d8
Gorakhpur,gorakhpur.nic.in,https://web.archive.org/cdx/search/cdx?url=gorakhpur.nic.in&matchType=domain&output=json&fl=original%2Ctimestamp%2Cmimetype%2Cstatuscode%2Cdigest&collapse=urlkey&limit=50000&showResumeKey=true&resumeKey=eJzLzNPJy0zWSc8vSszOKCgt0tQvyy9JLcrJLC7RNzQz1s8tApIGRqZmegUpaQpGBgbmhkaGpobGRgZGRgBuTxID,ok_json,data/discovery/2026-09-10/archive_coverage/district_continuations/raw/7068b1c9574310356627_6af95445c4b8.json,6af95445c4b8d7f71debe72898ea435398051b28ea901dab1058cc7142f0f413
Hardoi,hardoi.nic.in,https://web.archive.org/cdx/search/cdx?url=hardoi.nic.in&matchType=domain&output=json&fl=original%2Ctimestamp%2Cmimetype%2Cstatuscode%2Cdigest&collapse=urlkey&limit=50000&showResumeKey=true&resumeKey=eJzLzNPJy0zWyUgsSsnP1NTPyc8uS8zL1C8uSSwpLc7MS8vXSywusE_Ozy3Iy7c1szQ1sVAwMjAwNzQyMjYEEibGAATgFRQ,ok_json,data/discovery/2026-09-10/archive_coverage/district_continuations/raw/3480e4aecea081034826_5b740f67bcfb.json,5b740f67bcfba69d66ae5b21c5f1e3eaeccf81213a83d9bec76b043347ad483c
Jhansi,jhansi.nic.in,https://web.archive.org/cdx/search/cdx?url=jhansi.nic.in&matchType=domain&output=json&fl=original%2Ctimestamp%2Cmimetype%2Cstatuscode%2Cdigest&collapse=urlkey&limit=50000&showResumeKey=true&resumeKey=eJzLzNPJy0zWycpIzCvO1NQvKE3KyUzWLS3JzMksqdQvSszLLCgtUjAyMDIwsDSyBNIWxmYA8F0RHA,ok_json,data/discovery/2026-09-10/archive_coverage/district_continuations/raw/e50dfe4eef2a4e6bf70a_fa74929baa35.json,fa74929baa35956c8a924daa27f5b5feebade605ec8e1ba6f2ffb7fbb59409c7
Kannauj,kannauj.nic.in,https://web.archive.org/cdx/search/cdx?url=kannauj.nic.in&matchType=domain&output=json&fl=original%2Ctimestamp%2Cmimetype%2Cstatuscode%2Cdigest&collapse=urlkey&limit=50000&showResumeKey=true&resumeKey=eJzLzNPJy0zWyU7My0sszdLULy_QzcxLzilNSS3WzwKiwtLUokoopZdVbF-WWmRrqGdopGeiYGRgaGFgZmhiYAxEpgDHphec,ok_json,data/discovery/2026-09-10/archive_coverage/district_continuations/raw/df751ef199b9a04250d3_0fa8f186c51c.json,0fa8f186c51c8f3a26ca15efe6f6faabe2b32321a7fe4a3961b9f0017f29b358
Kanpur Dehat,kanpurdehat.nic.in,https://web.archive.org/cdx/search/cdx?url=kanpurdehat.nic.in&matchType=domain&output=json&fl=original%2Ctimestamp%2Cmimetype%2Cstatuscode%2Cdigest&collapse=urlkey&limit=50000&showResumeKey=true&resumeKey=eJzLzNPJy0zWyU7MKygtSknNSCzR1M8rLtZPSizOTC5IrNQvTs1JTS6JT80t0EssLrAH0vHJ-SmptkYGhgpGBgaWBiaGBobGRuYG5gAW7xkZ,ok_json,data/discovery/2026-09-10/archive_coverage/district_continuations/raw/fed32c0583e8f9232a03_3fb2fbf078e7.json,3fb2fbf078e723deec21516f5c85e8f40cd2b441575f820f04572a8a2491c68d
Kanpur Nagar,kanpurnagar.nic.in,https://web.archive.org/cdx/search/cdx?url=kanpurnagar.nic.in&matchType=domain&output=json&fl=original%2Ctimestamp%2Cmimetype%2Cstatuscode%2Cdigest&collapse=urlkey&limit=50000&showResumeKey=true&resumeKey=eJzLzNPJy0zWyU7MKygtyktMTyzS1C_KT0xJLi3RNzI3NDIyMDSBCYD4hibxBsbx-WnxBuZ6WQXpCkB5UwMTAyNDU0NDE0MA_JYXaA,ok_json,data/discovery/2026-09-10/archive_coverage/district_continuations/raw/050d5b0ad7e1892b5c64_7251402125b1.json,7251402125b1cce32bd186df4492a0a721163b3db639272cb96f6c43c4fd17bf
Kheri,kheri.nic.in,https://web.archive.org/cdx/search/cdx?url=kheri.nic.in&matchType=domain&output=json&fl=original%2Ctimestamp%2Cmimetype%2Cstatuscode%2Cdigest&collapse=urlkey&limit=50000&showResumeKey=true&resumeKey=eJzLzNPJy0zWyc5ILcrU1M_Jzy5LzMvULy5JLCktzsxLy9dLLC6wT87PLcjLtzUxNLVUMDIwsDQwMTQwtDAyMjEEANZcFHc,ok_json,data/discovery/2026-09-10/archive_coverage/district_continuations/raw/04f971924540c17f2bd4_cea22e6a097c.json,cea22e6a097c9bb98729b1219671691d84ac304f7369a4ea4ab64aa5a0169290
Lucknow,lucknow.nic.in,https://web.archive.org/cdx/search/cdx?url=lucknow.nic.in&matchType=domain&output=json&fl=original%2Ctimestamp%2Cmimetype%2Cstatuscode%2Cdigest&collapse=urlkey&limit=50000&showResumeKey=true&resumeKey=eJzLzNPJy0zWySlNzs7LL9fUhzL0c7LzcxML9DJKcnMUjAwMjQwNDc0NDI3NTAwBy7IQPA,ok_json,data/discovery/2026-09-10/archive_coverage/district_continuations/raw/47e485a2ca4440f3df45_c29e79df47e6.json,c29e79df47e61731d57160a8b35133ddb934005e9ef2495cc713a34aed9f6648
Mahrajganj,maharajganj.nic.in,https://web.archive.org/cdx/search/cdx?url=maharajganj.nic.in&matchType=domain&output=json&fl=original%2Ctimestamp%2Cmimetype%2Cstatuscode%2Cdigest&collapse=urlkey&limit=50000&showResumeKey=true&resumeKey=eJwFwVEKgCAMANCr9BtIzhSi04xlOmdqUvjR7XtPmmriVaVED2Wmlmc9zu_mFRMe5K_RMUoJr_ZFOkolDgB2YYnTCrAZgN0465z5AfQhGLI,ok_json,data/discovery/2026-09-10/archive_coverage/district_continuations/raw/59791a35d9e4918efaa0_61ec2841362b.json,61ec2841362b1e0e75168a602cb459d02a71ae8c38838f964c7a90a00019d52d
Meerut,meerut.nic.in,https://web.archive.org/cdx/search/cdx?url=meerut.nic.in&matchType=domain&output=json&fl=original%2Ctimestamp%2Cmimetype%2Cstatuscode%2Cdigest&collapse=urlkey&limit=50000&showResumeKey=true&resumeKey=eJzLzNPJy0zWyU1NLSot0dRPzUlNLsnMz9MvSi3OTClNzNFPNDAxAxMGRpYGegUpaQpGBgaWBiaGBkaGxuampgDYrBOd,ok_json,data/discovery/2026-09-10/archive_coverage/district_continuations/raw/07669b75b617c3497ead_d85663292522.json,d8566329252209e94fabce7de263a7ec08fe869620cd7e944b5fa159745150d7
Moradabad,moradabad.nic.in,https://web.archive.org/cdx/search/cdx?url=moradabad.nic.in&matchType=domain&output=json&fl=original%2Ctimestamp%2Cmimetype%2Cstatuscode%2Cdigest&collapse=urlkey&limit=50000&showResumeKey=true&resumeKey=eJzLzNPJy0zWyc0vSkxJTEpM0dTPyc8uS8zL1C8uSSwpLc7MS8vXSywusE_Ozy3Iy7c1sTSzUDAyMLA0MDE0MDIyNTA1BQA68hYI,ok_json,data/discovery/2026-09-10/archive_coverage/district_continuations/raw/5d92213e7c62c3cdb85b_0cc53c6f6be7.json,0cc53c6f6be79bef4228eb1316729103c48d3b745e3c9093169116bff59953dc
Muzaffarnagar,muzaffarnagar.nic.in,https://web.archive.org/cdx/search/cdx?url=muzaffarnagar.nic.in&matchType=domain&output=json&fl=original%2Ctimestamp%2Cmimetype%2Cstatuscode%2Cdigest&collapse=urlkey&limit=50000&showResumeKey=true&resumeKey=eJwFwVsKgCAQBdCt9BtIzkRJfkRruQjGBI7ig6DVd46oUQkmjQ8xoipu1Nk-0BcqtnX00URj5gWtXCGnovl0h59WIk8bE-_kmH6u5Be9,ok_json,data/discovery/2026-09-10/archive_coverage/district_continuations/raw/377bcf291df5047ff159_f8fe8c00703c.json,f8fe8c00703c4a00fdc5342920b4e0be3d9611c3c216a674a750e1e1ac66a88c
Rae Bareli,raebareli.nic.in,https://web.archive.org/cdx/search/cdx?url=raebareli.nic.in&matchType=domain&output=json&fl=original%2Ctimestamp%2Cmimetype%2Cstatuscode%2Cdigest&collapse=urlkey&limit=50000&showResumeKey=true&resumeKey=eJwNyEEKgCAQAMCvdA0kd0WwDtFTYtMVlkRFpb5fcxzJKotXjfiixklmncr9UBbdR9UlRvHcXumMZ-BBkhbq9fjfl8D76iYD4NCgQwtgtw-KVRrE,ok_json,data/discovery/2026-09-10/archive_coverage/district_continuations/raw/d5bf6212a9f3b8cec6de_fdbee48a1516.json,fdbee48a15169b0cb80e5bf599cf39ff3db77a59138f213ecab155c020ba4d98
Shahjahanpur,shahjahanpur.nic.in,https://web.archive.org/cdx/search/cdx?url=shahjahanpur.nic.in&matchType=domain&output=json&fl=original%2Ctimestamp%2Cmimetype%2Cstatuscode%2Cdigest&collapse=urlkey&limit=50000&showResumeKey=true&resumeKey=eJzLzNPJy0zWKc5IzMhKzEjMKygt0tQvT02Kz8xNTE8t1s9LLU_Pz9TLKkhXMDIwNDE0MjIyNDc2MDACAFq6EtQ,ok_json,data/discovery/2026-09-10/archive_coverage/district_continuations/raw/913c004322e60b9f75a1_15f9388371c9.json,15f9388371c9d3cabde00168181fd690998d1441a8b1f15ee50e46f9a3ffbe11
Sultanpur,sultanpur.nic.in,https://web.archive.org/cdx/search/cdx?url=sultanpur.nic.in&matchType=domain&output=json&fl=original%2Ctimestamp%2Cmimetype%2Cstatuscode%2Cdigest&collapse=urlkey&limit=50000&showResumeKey=true&resumeKey=eJzLzNPJy0zWKS7NKUnMKygt0tQvLssvSS0q1i8AEvGGJgZG8QaG8QYGpnpVmQUKRgYGlgYmhkDS0NLIDACWQhL1,ok_json,data/discovery/2026-09-10/archive_coverage/district_continuations/raw/373e2946be8d5876074e_d01c2cda9d05.json,d01c2cda9d05ee13258bb336d1ad4c1963a0de45b5b59ac0170cfc4cb7b7cce9
